{"time":{"0":0.0,"1":0.2446110955,"2":0.2446110955,"3":0.2795042646,"4":0.2795042646,"5":0.8134813764,"6":0.8134813764,"7":1.1315792924,"8":1.1315792924,"9":1.3582121708,"10":1.3582121708},"father":{"0":"nan","1":0,"2":0,"3":1,"4":1,"5":3,"6":3,"7":4,"8":4,"9":7,"10":7},"part_number":{"0":0,"1":1,"2":2,"3":3,"4":4,"5":5,"6":6,"7":7,"8":8,"9":9,"10":10},"polytope":{"0":{"A":[[1.0,0.0],[-1.0,0.0],[0.0,1.0],[0.0,-1.0]],"b":[1.1422162247,1.0356608999,1.0600443863,0.9706469946],"bounding_box":[[[-1.0356608999],[-0.9706469946]],[[1.1422162247],[1.0600443863]]],"chebXc":[0.0,0.0446986959],"dim":2,"fulldim":true,"minrep":false,"vertices":null},"1":{"A":[[1.0,0.0],[-1.0,0.0],[0.0,1.0],[0.0,-1.0],[-0.5619821702,-0.8271493458]],"b":[1.1422162247,1.0356608999,1.0600443863,0.9706469946,0.4981519122],"bounding_box":[[[-1.0356608999],[-0.9706469946]],[[1.1422162247],[1.0600443863]]],"chebXc":[0.2980299285,0.2158580901],"dim":2,"fulldim":true,"minrep":true,"vertices":null},"2":{"A":[[-1.0,0.0],[0.0,-1.0],[0.5619821702,0.8271493458]],"b":[1.0356608999,0.9706469946,-0.4981519122],"bounding_box":[[[-1.0356608999],[-0.9706469946]],[[0.542220253],[0.1013977082]]],"chebXc":[-0.6645046581,-0.5994907528],"dim":2,"fulldim":true,"minrep":true,"vertices":null},"3":{"A":[[1.0,0.0],[0.0,-1.0],[-0.5619821702,-0.8271493458],[0.0396491073,0.999213665]],"b":[1.1422162247,0.9706469946,0.4981519122,-0.0269091053],"bounding_box":[[[-0.8993045247],[-0.9706469946]],[[1.1422162247],[0.0087544002]]],"chebXc":[0.6831271471,-0.5125222478],"dim":2,"fulldim":true,"minrep":true,"vertices":null},"4":{"A":[[1.0,0.0],[-1.0,0.0],[0.0,1.0],[-0.5619821702,-0.8271493458],[-0.0396491073,-0.999213665]],"b":[1.1422162247,1.0356608999,1.0600443863,0.4981519122,0.0269091053],"bounding_box":[[[-1.0356608999],[-0.0722537746]],[[1.1422162247],[1.0600443863]]],"chebXc":[0.5872952116,0.5051233732],"dim":2,"fulldim":true,"minrep":true,"vertices":null},"5":{"A":[[-0.5619821702,-0.8271493458],[0.0396491073,0.999213665],[0.9508681871,-0.3095960121]],"b":[0.4981519122,-0.0269091053,0.0117640273],"bounding_box":[[[-0.8993045247],[-0.500040875]],[[0.0035576065],[0.0087544002]]],"chebXc":[-0.2514946526,-0.2046438556],"dim":2,"fulldim":true,"minrep":true,"vertices":null},"6":{"A":[[1.0,0.0],[0.0,-1.0],[-0.5619821702,-0.8271493458],[0.0396491073,0.999213665],[-0.9508681871,0.3095960121]],"b":[1.1422162247,0.9706469946,0.4981519122,-0.0269091053,-0.0117640273],"bounding_box":[[[-0.1504379213],[-0.9706469946]],[[1.1422162247],[-0.0270714485]]],"chebXc":[0.6831271471,-0.5125222478],"dim":2,"fulldim":true,"minrep":true,"vertices":null},"7":{"A":[[1.0,0.0],[-1.0,0.0],[0.0,1.0],[-0.5619821702,-0.8271493458],[-0.0396491073,-0.999213665],[0.578149253,-0.8159310273]],"b":[1.1422162247,1.0356608999,1.0600443863,0.4981519122,0.0269091053,0.0176476528],"bounding_box":[[[-1.0356608999],[-0.0266491449]],[[1.1422162247],[1.0600443863]]],"chebXc":[-0.169297886,0.5201283931],"dim":2,"fulldim":true,"minrep":true,"vertices":null},"8":{"A":[[1.0,0.0],[-0.0396491073,-0.999213665],[-0.578149253,0.8159310273]],"b":[1.1422162247,0.0269091053,-0.0176476528],"bounding_box":[[[-0.0070850413],[-0.0722537746]],[[1.1422162247],[0.7877183031]]],"chebXc":[0.853114723,0.2285468736],"dim":2,"fulldim":true,"minrep":true,"vertices":null},"9":{"A":[[1.0,0.0],[0.0,1.0],[0.578149253,-0.8159310273],[-0.7088337077,-0.7053756268]],"b":[1.1422162247,1.0600443863,0.0176476528,-0.4094707324],"bounding_box":[[[-0.4772046496],[0.227370064]],[[1.1422162247],[1.0600443863]]],"chebXc":[0.3919047348,0.6988019612],"dim":2,"fulldim":true,"minrep":true,"vertices":null},"10":{"A":[[-1.0,0.0],[0.0,1.0],[-0.5619821702,-0.8271493458],[-0.0396491073,-0.999213665],[0.578149253,-0.8159310273],[0.7088337077,0.7053756268]],"b":[1.0356608999,1.0600443863,0.4981519122,0.0269091053,0.0176476528,0.4094707324],"bounding_box":[[[-1.0356608999],[-0.0266491449]],[[0.3514074292],[1.0600443863]]],"chebXc":[-0.5607143966,0.4706393035],"dim":2,"fulldim":true,"minrep":true,"vertices":null}},"neighbors":{"0":[],"1":[2],"2":[5,6,10],"3":[2,4],"4":[2,5,6],"5":[2,6,8,10],"6":[2,5,8],"7":[2,5,8],"8":[5,6,9,10],"9":[8,10],"10":[2,5,8,9]},"leaf":{"0":false,"1":false,"2":true,"3":false,"4":false,"5":true,"6":true,"7":false,"8":true,"9":true,"10":true},"box":{"0":[[-1.0356608999,1.0600443863],[-1.0356608999,-0.9706469946],[1.1422162247,-0.9706469946],[1.1422162247,1.0600443863]],"1":[[0.542220253,-0.9706469946],[1.1422162247,-0.9706469946],[1.1422162247,1.0600443863],[-1.0356608999,1.0600443863],[-1.0356608999,0.1013977082]],"2":[[-1.0356608999,-0.9706469946],[0.542220253,-0.9706469946],[-1.0356608999,0.1013977082]],"3":[[0.542220253,-0.9706469946],[1.1422162247,-0.9706469946],[1.1422162247,-0.0722537746],[-0.8993045247,0.0087544002]],"4":[[-1.0356608999,0.1013977082],[-0.8993045247,0.0087544002],[1.1422162247,-0.0722537746],[1.1422162247,1.0600443863],[-1.0356608999,1.0600443863]],"5":[[-0.1504379213,-0.500040875],[0.0035576065,-0.0270714485],[-0.8993045247,0.0087544002]],"6":[[0.542220253,-0.9706469946],[1.1422162247,-0.9706469946],[1.1422162247,-0.0722537746],[0.0035576065,-0.0270714485],[-0.1504379213,-0.500040875]],"7":[[-1.0356608999,0.1013977082],[-0.8993045247,0.0087544002],[-0.0070850413,-0.0266491449],[1.1422162247,0.7877183031],[1.1422162247,1.0600443863],[-1.0356608999,1.0600443863]],"8":[[-0.0070850413,-0.0266491449],[1.1422162247,-0.0722537746],[1.1422162247,0.7877183031]],"9":[[0.3514074292,0.227370064],[1.1422162247,0.7877183031],[1.1422162247,1.0600443863],[-0.4772046496,1.0600443863]],"10":[[-1.0356608999,0.1013977082],[-0.8993045247,0.0087544002],[-0.0070850413,-0.0266491449],[0.3514074292,0.227370064],[-0.4772046496,1.0600443863],[-1.0356608999,1.0600443863]]}}