{"time":{"0":0.0,"1":0.0573606729,"2":0.0573606729,"3":0.1062752253,"4":0.1062752253,"5":0.7312262486,"6":0.7312262486},"father":{"0":"nan","1":0,"2":0,"3":2,"4":2,"5":3,"6":3},"part_number":{"0":0,"1":1,"2":2,"3":3,"4":4,"5":5,"6":6},"dim":{"0":"nan","1":1,"2":1,"3":1,"4":1,"5":1,"6":1},"distance":{"0":"nan","1":0.0856598152,"2":0.0856598152,"3":0.1149470469,"4":0.1149470469,"5":0.0356100327,"6":0.0356100327},"x":{"0":"nan","1":-0.5122744149,"2":-0.5122744149,"3":0.5227438684,"4":0.5227438684,"5":-0.0549132674,"6":-0.0549132674},"leaf":{"0":false,"1":true,"2":false,"3":false,"4":true,"5":true,"6":true},"min0":{"0":-1.0356608999,"1":-1.0356608999,"2":-1.0356608999,"3":-1.0356608999,"4":-1.0356608999,"5":-1.0356608999,"6":-1.0356608999},"max0":{"0":1.1422162247,"1":1.1422162247,"2":1.1422162247,"3":1.1422162247,"4":1.1422162247,"5":1.1422162247,"6":1.1422162247},"min1":{"0":-0.9706469946,"1":-0.9706469946,"2":-0.5122744149,"3":-0.5122744149,"4":0.5227438684,"5":-0.5122744149,"6":-0.0549132674},"max1":{"0":1.0600443863,"1":-0.5122744149,"2":1.0600443863,"3":0.5227438684,"4":1.0600443863,"5":-0.0549132674,"6":0.5227438684},"box":{"0":[[-1.0356608999,-0.9706469946],[1.1422162247,-0.9706469946],[1.1422162247,1.0600443863],[-1.0356608999,1.0600443863]],"1":[[-1.0356608999,-0.9706469946],[1.1422162247,-0.9706469946],[1.1422162247,-0.5122744149],[-1.0356608999,-0.5122744149]],"2":[[-1.0356608999,-0.5122744149],[1.1422162247,-0.5122744149],[1.1422162247,1.0600443863],[-1.0356608999,1.0600443863]],"3":[[-1.0356608999,-0.5122744149],[1.1422162247,-0.5122744149],[1.1422162247,0.5227438684],[-1.0356608999,0.5227438684]],"4":[[-1.0356608999,0.5227438684],[1.1422162247,0.5227438684],[1.1422162247,1.0600443863],[-1.0356608999,1.0600443863]],"5":[[-1.0356608999,-0.5122744149],[1.1422162247,-0.5122744149],[1.1422162247,-0.0549132674],[-1.0356608999,-0.0549132674]],"6":[[-1.0356608999,-0.0549132674],[1.1422162247,-0.0549132674],[1.1422162247,0.5227438684],[-1.0356608999,0.5227438684]]}}