{"time":{"0":0.0,"1":0.1430454695,"2":0.1430454695,"3":0.7450833171,"4":0.7450833171,"5":0.4834812163,"6":0.4834812163,"7":1.711815729,"8":1.711815729,"9":0.4951171536,"10":0.4951171536,"11":0.5769482971,"12":0.5769482971,"13":1.7913382824,"14":1.7913382824,"15":1.1715004294,"16":1.1715004294},"father":{"0":"nan","1":0,"2":0,"3":1,"4":1,"5":2,"6":2,"7":3,"8":3,"9":6,"10":6,"11":9,"12":9,"13":10,"14":10,"15":11,"16":11},"part_number":{"0":0,"1":1,"2":2,"3":3,"4":4,"5":5,"6":6,"7":7,"8":8,"9":9,"10":10,"11":11,"12":12,"13":13,"14":14,"15":15,"16":16},"polytope":{"0":{"A":[[1.0,0.0],[-1.0,0.0],[0.0,1.0],[0.0,-1.0]],"b":[2.2281526633,1.1917389382,1.1568678435,0.6364710977],"bounding_box":[[[-1.1917389382],[-0.6364710977]],[[2.2281526633],[1.1568678435]]],"chebXc":[0.0,0.2601983729],"dim":2,"fulldim":true,"minrep":false,"vertices":null},"1":{"A":[[1.0,0.0],[0.0,1.0],[0.0,-1.0],[-0.9956946573,-0.0926938481]],"b":[2.2281526633,1.1568678435,0.6364710977,-1.4457409841],"bounding_box":[[[1.3442940987],[-0.6364710977]],[[2.2281526633],[1.1568678435]]],"chebXc":[1.8067496302,0.7354648104],"dim":2,"fulldim":true,"minrep":true,"vertices":null},"2":{"A":[[-1.0,0.0],[0.0,1.0],[0.0,-1.0],[0.9956946573,0.0926938481]],"b":[1.1917389382,1.1568678435,0.6364710977,1.4457409841],"bounding_box":[[[-1.1917389382],[-0.6364710977]],[[1.5112443643],[1.1568678435]]],"chebXc":[0.0,0.2601983729],"dim":2,"fulldim":true,"minrep":true,"vertices":null},"3":{"A":[[1.0,0.0],[0.0,1.0],[0.0,-1.0],[-0.9956946573,-0.0926938481],[-0.8493028229,-0.5279059718]],"b":[2.2281526633,1.1568678435,0.6364710977,-1.4457409841,-1.3695746881],"bounding_box":[[[1.3442940987],[-0.6364710977]],[[2.2281526633],[1.1568678435]]],"chebXc":[1.8067496302,0.7354648104],"dim":2,"fulldim":true,"minrep":true,"vertices":null},"4":{"A":[[0.0,-1.0],[-0.9956946573,-0.0926938481],[0.8493028229,0.5279059718]],"b":[0.6364710977,-1.4457409841,1.3695746881],"bounding_box":[[[1.4237027275],[-0.6364710977]],[[2.0082019457],[0.3038797652]]],"chebXc":[1.6783299706,-0.4531082437],"dim":2,"fulldim":true,"minrep":true,"vertices":null},"5":{"A":[[-1.0,0.0],[0.0,1.0],[0.0,-1.0],[0.9998529873,0.0171465362]],"b":[1.1917389382,1.1568678435,0.6364710977,-0.3975900366],"bounding_box":[[[-1.1917389382],[-0.6364710977]],[[-0.3867336166],[1.1568678435]]],"chebXc":[-0.7926872943,-0.2374194538],"dim":2,"fulldim":true,"minrep":true,"vertices":null},"6":{"A":[[0.0,1.0],[0.0,-1.0],[0.9956946573,0.0926938481],[-0.9998529873,-0.0171465362]],"b":[1.1568678435,0.6364710977,1.4457409841,0.3975900366],"bounding_box":[[[-0.4174876889],[-0.6364710977]],[[1.5112443643],[1.1568678435]]],"chebXc":[0.494690659,0.2601983729],"dim":2,"fulldim":true,"minrep":true,"vertices":null},"7":{"A":[[1.0,0.0],[0.0,-1.0],[-0.8493028229,-0.5279059718],[0.3089610449,0.9510746936]],"b":[2.2281526633,0.6364710977,-1.3695746881,0.476972354],"bounding_box":[[[1.62999219],[-0.6364710977]],[[2.2281526633],[-0.0280017294]]],"chebXc":[2.046575264,-0.3542488088],"dim":2,"fulldim":true,"minrep":true,"vertices":null},"8":{"A":[[1.0,0.0],[0.0,1.0],[-0.9956946573,-0.0926938481],[-0.8493028229,-0.5279059718],[-0.3089610449,-0.9510746936]],"b":[2.2281526633,1.1568678435,-1.4457409841,-1.3695746881,-0.476972354],"bounding_box":[[[1.3442940987],[-0.2223169457]],[[2.2281526633],[1.1568678435]]],"chebXc":[1.8067496302,0.7354648104],"dim":2,"fulldim":true,"minrep":true,"vertices":null},"9":{"A":[[0.0,1.0],[0.9956946573,0.0926938481],[-0.9998529873,-0.0171465362],[-0.4716618802,-0.881779491]],"b":[1.1568678435,1.4457409841,0.3975900366,-0.4802504369],"bounding_box":[[[-0.4174876889],[-0.2441893302]],[[1.4747250294],[1.1568678435]]],"chebXc":[0.8815371216,0.6490297243],"dim":2,"fulldim":true,"minrep":true,"vertices":null},"10":{"A":[[0.0,-1.0],[0.9956946573,0.0926938481],[-0.9998529873,-0.0171465362],[0.4716618802,0.881779491]],"b":[0.6364710977,1.4457409841,0.3975900366,0.4802504369],"bounding_box":[[[-0.4107563859],[-0.6364710977]],[[1.5112443643],[0.7643504676]]],"chebXc":[0.1262130919,-0.114652416],"dim":2,"fulldim":true,"minrep":true,"vertices":null},"11":{"A":[[0.0,1.0],[0.9956946573,0.0926938481],[-0.4716618802,-0.881779491],[-0.6683584885,0.7438393179]],"b":[1.1568678435,1.4457409841,-0.4802504369,0.0102539057],"bounding_box":[[[0.3703391393],[-0.2441893302]],[[1.4747250294],[1.1568678435]]],"chebXc":[1.0294549356,0.4262959022],"dim":2,"fulldim":true,"minrep":true,"vertices":null},"12":{"A":[[0.0,1.0],[-0.9998529873,-0.0171465362],[-0.4716618802,-0.881779491],[0.6683584885,-0.7438393179]],"b":[1.1568678435,0.3975900366,-0.4802504369,-0.0102539057],"bounding_box":[[[-0.4174876889],[0.3465442157]],[[1.2721763794],[1.1568678435]]],"chebXc":[0.3166059078,0.790627887],"dim":2,"fulldim":true,"minrep":true,"vertices":null},"13":{"A":[[-0.9998529873,-0.0171465362],[0.4716618802,0.881779491],[0.347519546,-0.9376727388]],"b":[0.3975900366,0.4802504369,-0.0579921532],"bounding_box":[[[-0.4107563859],[-0.0849891059]],[[0.5331660215],[0.7643504676]]],"chebXc":[-0.1299591985,0.3046939179],"dim":2,"fulldim":true,"minrep":true,"vertices":null},"14":{"A":[[0.0,-1.0],[0.9956946573,0.0926938481],[-0.9998529873,-0.0171465362],[0.4716618802,0.881779491],[-0.347519546,0.9376727388]],"b":[0.6364710977,1.4457409841,0.3975900366,0.4802504369,0.0579921532],"bounding_box":[[[-0.3961910129],[-0.6364710977]],[[1.5112443643],[0.2594484802]]],"chebXc":[0.5012274762,-0.208648546],"dim":2,"fulldim":true,"minrep":true,"vertices":null},"15":{"A":[[0.0,1.0],[0.9956946573,0.0926938481],[-0.4716618802,-0.881779491],[-0.6683584885,0.7438393179],[-0.9510160873,-0.3091413942]],"b":[1.1568678435,1.4457409841,-0.4802504369,0.0102539057,-0.9992803457],"bounding_box":[[[0.8097566286],[-0.2441893302]],[[1.4747250294],[1.1568678435]]],"chebXc":[1.120141886,0.6580534928],"dim":2,"fulldim":true,"minrep":true,"vertices":null},"16":{"A":[[-0.4716618802,-0.881779491],[-0.6683584885,0.7438393179],[0.9510160873,0.3091413942]],"b":[-0.4802504369,0.0102539057,0.9992803457],"bounding_box":[[[0.3703391393],[-0.0210696524]],[[1.0575991939],[0.741371972]]],"chebXc":[0.7149642545,0.3882431619],"dim":2,"fulldim":true,"minrep":true,"vertices":null}},"neighbors":{"0":[],"1":[2],"2":[3,4],"3":[4,6],"4":[7,8,14,15],"5":[12,13,14],"6":[4,5,8],"7":[4,8],"8":[4,7,15],"9":[4,5,8,10],"10":[4,5,11,12],"11":[4,8,12,13,14],"12":[5,13,15,16],"13":[5,12,14,16],"14":[4,5,13,15,16],"15":[4,8,12,14,16],"16":[12,13,14,15]},"leaf":{"0":false,"1":false,"2":false,"3":false,"4":true,"5":true,"6":false,"7":true,"8":true,"9":false,"10":false,"11":false,"12":true,"13":true,"14":true,"15":true,"16":true},"box":{"0":[[-1.1917389382,1.1568678435],[-1.1917389382,-0.6364710977],[2.2281526633,-0.6364710977],[2.2281526633,1.1568678435]],"1":[[1.5112443643,-0.6364710977],[2.2281526633,-0.6364710977],[2.2281526633,1.1568678435],[1.3442940987,1.1568678435]],"2":[[-1.1917389382,-0.6364710977],[1.5112443643,-0.6364710977],[1.3442940987,1.1568678435],[-1.1917389382,1.1568678435]],"3":[[2.0082019457,-0.6364710977],[2.2281526633,-0.6364710977],[2.2281526633,1.1568678435],[1.3442940987,1.1568678435],[1.4237027275,0.3038797652]],"4":[[1.5112443643,-0.6364710977],[2.0082019457,-0.6364710977],[1.4237027275,0.3038797652]],"5":[[-1.1917389382,-0.6364710977],[-0.3867336166,-0.6364710977],[-0.4174876889,1.1568678435],[-1.1917389382,1.1568678435]],"6":[[-0.3867336166,-0.6364710977],[1.5112443643,-0.6364710977],[1.3442940987,1.1568678435],[-0.4174876889,1.1568678435]],"7":[[2.0082019457,-0.6364710977],[2.2281526633,-0.6364710977],[2.2281526633,-0.2223169457],[1.62999219,-0.0280017294]],"8":[[1.4237027275,0.3038797652],[1.62999219,-0.0280017294],[2.2281526633,-0.2223169457],[2.2281526633,1.1568678435],[1.3442940987,1.1568678435]],"9":[[1.4747250294,-0.2441893302],[1.3442940987,1.1568678435],[-0.4174876889,1.1568678435],[-0.4107563859,0.7643504676]],"10":[[-0.3867336166,-0.6364710977],[1.5112443643,-0.6364710977],[1.4747250294,-0.2441893302],[-0.4107563859,0.7643504676]],