{"time":{"0":0.0,"1":0.0755354342,"2":0.0755354342,"3":0.4910290571,"4":0.4910290571,"5":0.1165055462,"6":0.1165055462,"7":0.9471433565,"8":0.9471433565,"9":0.886687572,"10":0.886687572,"11":0.5284480847,"12":0.5284480847,"13":0.3904028623,"14":0.3904028623,"15":2.9395100393,"16":2.9395100393,"17":1.0944333291,"18":1.0944333291,"19":0.537014192,"20":0.537014192,"21":3.1174510823,"22":3.1174510823,"23":2.9577895606,"24":2.9577895606,"25":1.6485971423,"26":1.6485971423,"27":1.5115249405,"28":1.5115249405,"29":3.1689436185,"30":3.1689436185,"31":4.6396124051,"32":4.6396124051,"33":2.6322310294,"34":2.6322310294,"35":3.0155577772,"36":3.0155577772},"father":{"0":"nan","1":0,"2":0,"3":1,"4":1,"5":2,"6":2,"7":3,"8":3,"9":4,"10":4,"11":5,"12":5,"13":6,"14":6,"15":10,"16":10,"17":12,"18":12,"19":14,"20":14,"21":15,"22":15,"23":16,"24":16,"25":17,"26":17,"27":19,"28":19,"29":22,"30":22,"31":24,"32":24,"33":27,"34":27,"35":28,"36":28},"part_number":{"0":0,"1":1,"2":2,"3":3,"4":4,"5":5,"6":6,"7":7,"8":8,"9":9,"10":10,"11":11,"12":12,"13":13,"14":14,"15":15,"16":16,"17":17,"18":18,"19":19,"20":20,"21":21,"22":22,"23":23,"24":24,"25":25,"26":26,"27":27,"28":28,"29":29,"30":30,"31":31,"32":32,"33":33,"34":34,"35":35,"36":36},"polytope":{"0":{"A":[[1.0,0.0],[-1.0,0.0],[0.0,1.0],[0.0,-1.0]],"b":[1.5517768531,1.2178442077,1.2544076426,3.7173370708],"bounding_box":[[[-1.2178442077],[-3.7173370708]],[[1.5517768531],[1.2544076426]]],"chebXc":[0.1669663227,-0.1304028878],"dim":2,"fulldim":true,"minrep":false,"vertices":null},"1":{"A":[[1.0,0.0],[-1.0,0.0],[0.0,1.0],[-0.4194678693,-0.9077701838]],"b":[1.5517768531,1.2178442077,1.2544076426,0.910842148],"bounding_box":[[[-1.2178442077],[-1.7204383952]],[[1.5517768531],[1.2544076426]]],"chebXc":[0.3913985536,0.0940293431],"dim":2,"fulldim":true,"minrep":true,"vertices":null},"2":{"A":[[1.0,0.0],[-1.0,0.0],[0.0,-1.0],[0.4194678693,0.9077701838]],"b":[1.5517768531,1.2178442077,3.7173370708,-0.910842148],"bounding_box":[[[-1.2178442077],[-3.7173370708]],[[1.5517768531],[-0.4406353504]]],"chebXc":[0.0602769192,-2.4392159439],"dim":2,"fulldim":true,"minrep":true,"vertices":null},"3":{"A":[[-1.0,0.0],[0.0,1.0],[-0.4194678693,-0.9077701838],[0.8969815775,-0.4420679242]],"b":[1.2178442077,1.2544076426,0.910842148,0.4048491656],"bounding_box":[[[-1.2178442077],[-0.9871393891]],[[1.0695677285],[1.2544076426]]],"chebXc":[-0.3406646673,0.3772281022],"dim":2,"fulldim":true,"minrep":true,"vertices":null},"4":{"A":[[1.0,0.0],[0.0,1.0],[-0.4194678693,-0.9077701838],[-0.8969815775,0.4420679242]],"b":[1.5517768531,1.2544076426,0.910842148,-0.4048491656],"bounding_box":[[[-0.0351551201],[-1.7204383952]],[[1.5517768531],[1.2544076426]]],"chebXc":[0.8765617933,-0.6646138051],"dim":2,"fulldim":true,"minrep":true,"vertices":null},"5":{"A":[[-1.0,0.0],[0.0,-1.0],[0.4194678693,0.9077701838],[0.9344191488,-0.356175314]],"b":[1.2178442077,3.7173370708,-0.910842148,0.4146342343],"bounding_box":[[[-1.2178442077],[-3.7173370708]],[[0.0520959522],[-0.4406353504]]],"chebXc":[-0.6576423135,-1.3166154205],"dim":2,"fulldim":true,"minrep":true,"vertices":null},"6":{"A":[[1.0,0.0],[0.0,-1.0],[0.4194678693,0.9077701838],[-0.9344191488,0.356175314]],"b":[1.5517768531,3.7173370708,-0.910842148,-0.4146342343],"bounding_box":[[[-0.9732136434],[-3.7173370708]],[[1.5517768531],[-1.0274568858]]],"chebXc":[0.5217387958,-2.6872990136],"dim":2,"fulldim":true,"minrep":true,"vertices":null},"7":{"A":[[-1.0,0.0],[0.0,1.0],[-0.4194678693,-0.9077701838],[0.8969815775,-0.4420679242],[0.5797181959,0.8148170428]],"b":[1.2178442077,1.2544076426,0.910842148,0.4048491656,0.722541682],"bounding_box":[[[-1.2178442077],[-0.9871393891]],[[0.6577420288],[1.2544076426]]],"chebXc":[-0.3927743172,0.1536175651],"dim":2,"fulldim":true,"minrep":true,"vertices":null},"8":{"A":[[0.0,1.0],[0.8969815775,-0.4420679242],[-0.5797181959,-0.8148170428]],"b":[1.2544076426,0.4048491656,-0.722541682],"bounding_box":[[[-0.5167528741],[0.4187893008]],[[1.0695677285],[1.2544076426]]],"chebXc":[0.5313236425,0.9196140998],"dim":2,"fulldim":true,"minrep":true,"vertices":null},"9":{"A":[[1.0,0.0],[0.0,1.0],[-0.8969815775,0.4420679242],[-0.5851753592,-0.8109067758]],"b":[1.5517768531,1.2544076426,-0.4048491656,-0.5136111636],"bounding_box":[[[0.5631993762],[-0.4864312712]],[[1.5517768531],[1.2544076426]]],"chebXc":[1.1164132004,0.3646255395],"dim":2,"fulldim":true,"minrep":true,"vertices":null},"10":{"A":[[1.0,0.0],[-0.4194678693,-0.9077701838],[-0.8969815775,0.4420679242],[0.5851753592,0.8109067758]],"b":[1.5517768531,0.910842148,-0.4048491656,0.5136111636],"bounding_box":[[[-0.0351551201],[-1.7204383952]],[[1.5517768531],[0.2269567499]]],"chebXc":[0.7924718804,-0.69436114],"dim":2,"fulldim":true,"minrep":true,"vertices":null},"11":{"A":[[-1.0,0.0],[0.0,-1.0],[0.9344191488,-0.356175314],[0.9144673384,0.4046597176]],"b":[1.2178442077,3.7173370708,0.4146342343,-1.5942635579],"bounding_box":[[[-1.2178442077],[-3.7173370708]],[[-0.5683902952],[-1.1876270009]]],"chebXc":[-0.9057551128,-2.6641376414],"dim":2,"fulldim":true,"minrep":true,"vertices":null},"12":{"A":[[-1.0,0.0],[0.4194678693,0.9077701838],[0.9344191488,-0.356175314],[-0.9144673384,-0.4046597176]],"b":[1.2178442077,-0.910842148,0.4146342343,1.5942635579],"bounding_box":[[[-1.2178442077],[-2.6552907316]],[[0.0520959522],[-0.4406353504]]],"chebXc":[-0.6040675278,-1.29478821],"dim":2,"fulldim":true,"minrep":true,"vertices":null},"13":{"A":[[1.0,0.0],[0.0,-1.0],[-0.7258449515,0.6878583476]],"b":[1.5517768531,3.7173370708,-2.349906339],"bounding_box":[[[-0.285315749],[-3.7173370708]],[[1.5517768531],[-1.7787920269]]],"chebXc":[0.9993293376,-3.1648895553],"dim":2,"fulldim":true,"minrep":true,"vertices":null},"14":{"A":[[1.0,0.0],[0.0,-1.0],[0.4194678693,0.9077701838],[-0.9344191488,0.356175314],[0.7258449515,-0.6878583476]],"b":[1.5517768531,3.7173370708,-0.910842148,-0.4146342343,2.349906339],"bounding_box":[[[-0.9732136434],[-3.7173370708]],[[1.5517768531],[-1.0274568858]]],"chebXc":[0.4322543355,-1.9605538528],"dim":2,"fulldim":true,"minrep":true,"vertices":null},"15":{"A":[[1.0,0.0],[-0.4194678693,-0.9077701838],[-0.8969815775,0.4420679242],[0.7473425608,0.6644389339]],"b":[1.5517768531,0.910842148,-0.4048491656,0.3380064375],"bounding_box":[[[-0.0351551201],[-1.7204383952]],[[1.5517768531],[0.000674178]]],"chebXc":[0.5569397992,-0.7776820929],"dim":2,"fulldim":true,"minrep":true,"vertices":null},"16":{"A":[[1.0,0.0],[-0.8969815775,0.4420679242],[0.5851753592,0.8109067758],[-0.7473425608,-0.6644389339]],"b":[1.5517768531,-0.4048491656,0.5136111636,-0.3380064375],"bounding_box":[[[0.4516783937],[-1.2366861839]],[[1.5517768531],[0.2269567499]]],"chebXc":[1.3129454655,-0.6086070225],"dim":2,"fulldim":true,"minrep":true,"vertices":null},"17":{"A":[[0.4194678693,0.9077701838],[0.9344191488,-0.356175314],[-0.9144673384,-0.4046597176],[-0.9810145858,-0.1939339644]],"b":[-0.910842148,0.4146342343,1.5942635579,1.2311025968],"bounding_box":[[[-1.162790953],[-2.6552907316]],[[0.0520959522],[-0.4660746873]]],"chebXc":[-0.5334935982,-1.2660352809],"dim":2,"fulldim":true,"minrep":true,"vertices":null},"18":{"A":[[-1.0,0.0],[0.4194678693,0.9077701838],[-0.9144673384,-0.4046597176],[0.9810145858,0.1939339644]],"b":[1.2178442077,-0.910842148,1.5942635579,-1.2311025968],"bounding_box":[[[-1.2178442077],[-1.9951330639]],[[-0.8605157809],[-0.4406353504]]],"chebXc":[-1.1219288051,-1.1673534246],"dim":2,"fulldim":true,"minrep":true,"vertices":null},"19":{"A":[[1.0,0.0],[0.0,-1.0],[0.4194678693,0.9077701838],[-0.9344191488,0.356175314],[0.7258449515,-0.6878583476],[-0.3899351657,0.9208423136]],"b":[1.5517768531,3.7173370708,-0.910842148,-0.4146342343,2.349906339,-1.8587356048],"bounding_box":[[[-0.9732136434],[-3.7173370708]],[[1.5517768531],[-1.5330926232]]],"chebXc":[0.0354289174,-2.5916015096],"dim":2,"fulldim":true,"minrep":true,"vertices":null},"20":{"A":[[0.4194678693,0.9077701838],[-0.9344191488,0.356175314],[0.3899351657,-0.9208423136]],