{"time":{"0":0.0,"1":0.0316938577,"2":0.0316938577,"3":0.3246925255,"4":0.3246925255,"5":0.1141690659,"6":0.1141690659,"7":0.3675165331,"8":0.3675165331,"9":0.7679336841,"10":0.7679336841,"11":1.1019944516,"12":1.1019944516,"13":0.4979528873,"14":0.4979528873,"15":0.5948799835,"16":0.5948799835,"17":0.7811512069,"18":0.7811512069,"19":0.5308171792,"20":0.5308171792,"21":0.9922577204,"22":0.9922577204,"23":0.8087590765,"24":0.8087590765,"25":1.2667759541,"26":1.2667759541,"27":1.9245276294,"28":1.9245276294},"father":{"0":"nan","1":0,"2":0,"3":1,"4":1,"5":2,"6":2,"7":3,"8":3,"9":4,"10":4,"11":5,"12":5,"13":6,"14":6,"15":7,"16":7,"17":9,"18":9,"19":14,"20":14,"21":16,"22":16,"23":20,"24":20,"25":24,"26":24,"27":25,"28":25},"part_number":{"0":0,"1":1,"2":2,"3":3,"4":4,"5":5,"6":6,"7":7,"8":8,"9":9,"10":10,"11":11,"12":12,"13":13,"14":14,"15":15,"16":16,"17":17,"18":18,"19":19,"20":20,"21":21,"22":22,"23":23,"24":24,"25":25,"26":26,"27":27,"28":28},"polytope":{"0":{"A":[[1.0,0.0],[-1.0,0.0],[0.0,1.0],[0.0,-1.0]],"b":[1.5517768531,1.2178442077,1.2544076426,3.7173370708],"bounding_box":[[[-1.2178442077],[-3.7173370708]],[[1.5517768531],[1.2544076426]]],"chebXc":[0.1669663227,-0.1304028878],"dim":2,"fulldim":true,"minrep":false,"vertices":null},"1":{"A":[[1.0,0.0],[-1.0,0.0],[0.0,1.0],[-0.3789856016,-0.9254025685]],"b":[1.5517768531,1.2178442077,1.2544076426,0.9226343831],"bounding_box":[[[-1.2178442077],[-1.6325170457]],[[1.5517768531],[1.2544076426]]],"chebXc":[0.39243766,0.0950684495],"dim":2,"fulldim":true,"minrep":true,"vertices":null},"2":{"A":[[1.0,0.0],[-1.0,0.0],[0.0,-1.0],[0.3789856016,0.9254025685]],"b":[1.5517768531,1.2178442077,3.7173370708,-0.9226343831],"bounding_box":[[[-1.2178442077],[-3.7173370708]],[[1.5517768531],[-0.4982577087]]],"chebXc":[0.0748825771,-2.4246102861],"dim":2,"fulldim":true,"minrep":true,"vertices":null},"3":{"A":[[-1.0,0.0],[0.0,1.0],[-0.3789856016,-0.9254025685],[0.8259610759,-0.5637271513]],"b":[1.2178442077,1.2544076426,0.9226343831,0.497756108],"bounding_box":[[[-1.2178442077],[-0.972097402]],[[1.4587851536],[1.2544076426]]],"chebXc":[-0.2927060906,0.3292695255],"dim":2,"fulldim":true,"minrep":true,"vertices":null},"4":{"A":[[1.0,0.0],[0.0,1.0],[-0.3789856016,-0.9254025685],[-0.8259610759,0.5637271513]],"b":[1.5517768531,1.2544076426,0.9226343831,-0.497756108],"bounding_box":[[[-0.0608280375],[-1.6325170457]],[[1.5517768531],[1.2544076426]]],"chebXc":[0.9125243705,-0.679937056],"dim":2,"fulldim":true,"minrep":true,"vertices":null},"5":{"A":[[-1.0,0.0],[0.3789856016,0.9254025685],[0.674113006,-0.7386282252]],"b":[1.2178442077,-0.9226343831,1.1886440263],"bounding_box":[[[-1.2178442077],[-2.7207309135]],[[0.4630572079],[-0.4982577087]]],"chebXc":[-0.6262358792,-1.3798409186],"dim":2,"fulldim":true,"minrep":true,"vertices":null},"6":{"A":[[1.0,0.0],[-1.0,0.0],[0.0,-1.0],[0.3789856016,0.9254025685],[-0.674113006,0.7386282252]],"b":[1.5517768531,1.2178442077,3.7173370708,-0.9226343831,-1.1886440263],"bounding_box":[[[-1.2178442077],[-3.7173370708]],[[1.5517768531],[-1.1866472333]]],"chebXc":[0.4728550929,-2.6384153107],"dim":2,"fulldim":true,"minrep":true,"vertices":null},"7":{"A":[[-1.0,0.0],[0.0,1.0],[-0.3789856016,-0.9254025685],[0.8259610759,-0.5637271513],[0.465958454,0.8848065998]],"b":[1.2178442077,1.2544076426,0.9226343831,0.497756108,1.027102172],"bounding_box":[[[-1.2178442077],[-0.972097402]],[[1.0261039846],[1.2544076426]]],"chebXc":[-0.3049378197,0.2896498954],"dim":2,"fulldim":true,"minrep":true,"vertices":null},"8":{"A":[[0.0,1.0],[0.8259610759,-0.5637271513],[-0.465958454,-0.8848065998]],"b":[1.2544076426,0.497756108,-1.027102172],"bounding_box":[[[-0.1777110992],[0.620452363]],[[1.4587851536],[1.2544076426]]],"chebXc":[0.93703895,0.9788211662],"dim":2,"fulldim":true,"minrep":true,"vertices":null},"9":{"A":[[1.0,0.0],[-0.3789856016,-0.9254025685],[-0.8259610759,0.5637271513],[0.7017911185,0.7123827805]],"b":[1.5517768531,0.9226343831,-0.497756108,0.9697432123],"bounding_box":[[[-0.0608280375],[-1.6325170457]],[[1.5517768531],[0.4589842875]]],"chebXc":[0.9125243705,-0.679937056],"dim":2,"fulldim":true,"minrep":true,"vertices":null},"10":{"A":[[1.0,0.0],[0.0,1.0],[-0.8259610759,0.5637271513],[-0.7017911185,-0.7123827805]],"b":[1.5517768531,1.2544076426,-0.497756108,-0.9697432123],"bounding_box":[[[0.915900319],[-0.1674380745]],[[1.5517768531],[1.2544076426]]],"chebXc":[1.274927759,0.4939189125],"dim":2,"fulldim":true,"minrep":true,"vertices":null},"11":{"A":[[-1.0,0.0],[0.674113006,-0.7386282252],[0.9144673384,0.4046597176]],"b":[1.2178442077,1.1886440263,-1.5942635579],"bounding_box":[[[-1.2178442077],[-2.7207309135]],[[-0.7345960386],[-1.1876270009]]],"chebXc":[-0.9987533486,-2.2241578825],"dim":2,"fulldim":true,"minrep":true,"vertices":null},"12":{"A":[[-1.0,0.0],[0.3789856016,0.9254025685],[0.674113006,-0.7386282252],[-0.9144673384,-0.4046597176]],"b":[1.2178442077,-0.9226343831,1.1886440263,1.5942635579],"bounding_box":[[[-1.2178442077],[-2.2796918836]],[[0.4630572079],[-0.4982577087]]],"chebXc":[-0.5422896454,-1.3649524717],"dim":2,"fulldim":true,"minrep":true,"vertices":null},"13":{"A":[[1.0,0.0],[0.0,-1.0],[-0.4853774069,0.8743047368]],"b":[1.5517768531,3.7173370708,-2.7497978189],"bounding_box":[[[-1.0307187427],[-3.7173370708]],[[1.5517768531],[-2.2836435738]]],"chebXc":[1.0205675887,-3.1861278065],"dim":2,"fulldim":true,"minrep":true,"vertices":null},"14":{"A":[[1.0,0.0],[-1.0,0.0],[0.0,-1.0],[0.3789856016,0.9254025685],[-0.674113006,0.7386282252],[0.4853774069,-0.8743047368]],"b":[1.5517768531,1.2178442077,3.7173370708,-0.9226343831,-1.1886440263,2.7497978189],"bounding_box":[[[-1.2178442077],[-3.7173370708]],[[1.5517768531],[-1.1866472333]]],"chebXc":[0.608130631,-2.0046215712],"dim":2,"fulldim":true,"minrep":true,"vertices":null},"15":{"A":[[-1.0,0.0],[0.0,1.0],[-0.3789856016,-0.9254025685],[0.8259610759,-0.5637271513],[0.5036930603,0.8638826894]],"b":[1.2178442077,1.2544076426,0.9226343831,0.497756108,0.58251647],"bounding_box":[[[-1.2178442077],[-0.972097402]],[[0.7603000053],[1.2544076426]]],"chebXc":[-0.4372190807,0.0256001886],"dim":2,"fulldim":true,"minrep":true,"vertices":null},"16":{"A":[[0.0,1.0],[0.8259610759,-0.5637271513],[0.465958454,0.8848065998],[-0.5036930603,-0.8638826894]],"b":[1.2544076426,0.497756108,1.027102172,-0.58251647],"bounding_box":[[[-0.9949404058],[0.2310020053]],[[1.0261039846],[1.2544076426]]],"chebXc":[0.6911760558,0.5372130651],"dim":2,"fulldim":true,"minrep":true,"vertices":null},"17":{"A":[[1.0,0.0],[-0.3789856016,-0.9254025685],[-0.8259610759,0.5637271513],[0.6206029427,0.7841249821]],"b":[1.5517768531,0.9226343831,-0.497756108,0.5811331387],"bounding_box":[[[-0.0608280375],[-1.6325170457]],[[1.5517768531],[0.1715119505]]],"chebXc":[0.8521833164,-0.6980489578],"dim":2,"fulldim":true,"minrep":true,"vertices":null},"18":{"A":[[1.0,0.0],[-0.8259610759,0.5637271513],[0.7017911185,0.7123827805],[-0.6206029427,-0.7841249821]],"b":[1.5517768531,-0.497756108,0.9697432123,-0.5811331387],"bounding_box":[[[0.719697415],[-0.4870449882]],[[1.5517768531],[0.4589842875]]],"chebXc":[0.9405975128,0.2051681881],"dim":2,"fulldim":true,"minrep":true,"vertices":null},"19":{"A":[[0.3789856016,0.9254025685],[-0.674113006,0.7386282252],[0.320707083,-0.947178424]],"b":[-0.9226343831,-1.1886440263,1.7761603526],"bounding_box":[[[-0.4632818859],[-2.0320755689]],[[1.1738677902],[-1.1866472333]]],"chebXc":[0.5110275666,-1.457120774],"dim":2,"fulldim":true,"minrep":false,"vertices":null},"20":{"A":[[1.0,0.0],[-1.0,0.0],[0.0,-1.0],[0.3789856016,0.9254025685],[-0.674113006,0.7386282252],[0.4853774069,-0.8743047368],[-0.320707083,0.947178424]],"b":[1.5517768531,1.2178442077,3.7173370708,-0.9226343831,-1.1886440263,2.7497978189,-1.7761603526],"bounding_box":[[[-1.2178442077],[-3.7173370708]],[[1.5517768531],[-1.4777497061]]],"chebXc":[-0.1555267789,-2.5535925863],"dim":2,"fulldim":true,"minrep":true,"vertices":null},