{"time":{"0":0.0,"1":0.0786971851,"2":0.0786971851,"3":0.202978902,"4":0.202978902,"5":1.1806074793,"6":1.1806074793,"7":0.5911253305,"8":0.5911253305,"9":1.4791177964,"10":1.4791177964,"11":3.0432015265,"12":3.0432015265,"13":1.8764055571,"14":1.8764055571,"15":1.2499398801,"16":1.2499398801,"17":1.5661885278,"18":1.5661885278,"19":3.8974930343,"20":3.8974930343,"21":3.0890231725,"22":3.0890231725,"23":3.0779539055,"24":3.0779539055,"25":2.4111836512,"26":2.4111836512,"27":1.7226862161,"28":1.7226862161,"29":3.8199491334,"30":3.8199491334,"31":3.4774814659,"32":3.4774814659,"33":3.3774407294,"34":3.3774407294,"35":4.3080793077,"36":4.3080793077},"father":{"0":"nan","1":0,"2":0,"3":2,"4":2,"5":3,"6":3,"7":4,"8":4,"9":5,"10":5,"11":6,"12":6,"13":7,"14":7,"15":8,"16":8,"17":9,"18":9,"19":11,"20":11,"21":13,"22":13,"23":14,"24":14,"25":15,"26":15,"27":16,"28":16,"29":22,"30":22,"31":24,"32":24,"33":28,"34":28,"35":29,"36":29},"part_number":{"0":0,"1":1,"2":2,"3":3,"4":4,"5":5,"6":6,"7":7,"8":8,"9":9,"10":10,"11":11,"12":12,"13":13,"14":14,"15":15,"16":16,"17":17,"18":18,"19":19,"20":20,"21":21,"22":22,"23":23,"24":24,"25":25,"26":26,"27":27,"28":28,"29":29,"30":30,"31":31,"32":32,"33":33,"34":34,"35":35,"36":36},"polytope":{"0":{"A":[[1.0,0.0],[-1.0,0.0],[0.0,1.0],[0.0,-1.0]],"b":[2.2374685476,1.2253612912,1.1698141991,0.7306476701],"bounding_box":[[[-1.2253612912],[-0.7306476701]],[[2.2374685476],[1.1698141991]]],"chebXc":[0.0,0.2195832645],"dim":2,"fulldim":true,"minrep":false,"vertices":null},"1":{"A":[[1.0,0.0],[0.0,1.0],[-0.4743617241,-0.880330026]],"b":[2.2374685476,1.1698141991,-1.0997758798],"bounding_box":[[[0.1474682967],[0.0436273224]],[[2.2374685476],[1.1698141991]]],"chebXc":[1.8164299457,0.7487755972],"dim":2,"fulldim":true,"minrep":true,"vertices":null},"2":{"A":[[1.0,0.0],[-1.0,0.0],[0.0,1.0],[0.0,-1.0],[0.4743617241,0.880330026]],"b":[2.2374685476,1.2253612912,1.1698141991,0.7306476701,1.0997758798],"bounding_box":[[[-1.2253612912],[-0.7306476701]],[[2.2374685476],[1.1698141991]]],"chebXc":[-0.0922519536,0.2195832645],"dim":2,"fulldim":true,"minrep":true,"vertices":null},"3":{"A":[[-1.0,0.0],[0.0,1.0],[0.0,-1.0],[0.9860487936,-0.1664565309]],"b":[1.2253612912,1.1698141991,0.7306476701,-0.4703638963],"bounding_box":[[[-1.2253612912],[-0.7306476701]],[[-0.2795406117],[1.1698141991]]],"chebXc":[-0.7920869437,0.7365398516],"dim":2,"fulldim":true,"minrep":true,"vertices":null},"4":{"A":[[1.0,0.0],[0.0,1.0],[0.0,-1.0],[0.4743617241,0.880330026],[-0.9860487936,0.1664565309]],"b":[2.2374685476,1.1698141991,0.7306476701,1.0997758798,0.4703638963],"bounding_box":[[[-0.6003607292],[-0.7306476701]],[[2.2374685476],[1.1698141991]]],"chebXc":[0.3821483592,0.0999035555],"dim":2,"fulldim":true,"minrep":true,"vertices":null},"5":{"A":[[-1.0,0.0],[0.0,-1.0],[0.9860487936,-0.1664565309],[0.4016336123,0.9158004376]],"b":[1.2253612912,0.7306476701,-0.4703638963,-0.0132627185],"bounding_box":[[[-1.2253612912],[-0.7306476701]],[[-0.4464138019],[0.522912573]]],"chebXc":[-0.8572158079,-0.0405345083],"dim":2,"fulldim":true,"minrep":true,"vertices":null},"6":{"A":[[-1.0,0.0],[0.0,1.0],[0.9860487936,-0.1664565309],[-0.4016336123,-0.9158004376]],"b":[1.2253612912,1.1698141991,-0.4703638963,0.0132627185],"bounding_box":[[[-1.2253612912],[0.1812972155]],[[-0.2795406117],[1.1698141991]]],"chebXc":[-0.7606110686,0.7631475716],"dim":2,"fulldim":true,"minrep":true,"vertices":null},"7":{"A":[[0.0,1.0],[0.4743617241,0.880330026],[-0.9860487936,0.1664565309],[0.1854330889,-0.9826568931]],"b":[1.1698141991,1.0997758798,0.4703638963,0.1484327892],"bounding_box":[[[-0.5190531337],[-0.2490008637]],[[1.9247159212],[1.1698141991]]],"chebXc":[0.196243433,0.4802195518],"dim":2,"fulldim":true,"minrep":true,"vertices":null},"8":{"A":[[1.0,0.0],[0.0,-1.0],[0.4743617241,0.880330026],[-0.9860487936,0.1664565309],[-0.1854330889,0.9826568931]],"b":[2.2374685476,0.7306476701,1.0997758798,0.4703638963,-0.1484327892],"bounding_box":[[[-0.6003607292],[-0.7306476701]],[[2.2374685476],[0.2121526148]]],"chebXc":[1.7834081108,-0.2765872332],"dim":2,"fulldim":true,"minrep":true,"vertices":null},"9":{"A":[[0.0,-1.0],[0.9860487936,-0.1664565309],[0.4016336123,0.9158004376],[-0.9967572991,0.0804666809]],"b":[0.7306476701,-0.4703638963,-0.0132627185,1.0096236101],"bounding_box":[[[-1.0718922289],[-0.7306476701]],[[-0.4464138019],[0.4150447283]]],"chebXc":[-0.7438338696,0.0206913632],"dim":2,"fulldim":true,"minrep":true,"vertices":null},"10":{"A":[[-1.0,0.0],[0.0,-1.0],[0.4016336123,0.9158004376],[0.9967572991,-0.0804666809]],"b":[1.2253612912,0.7306476701,-0.0132627185,-1.0096236101],"bounding_box":[[[-1.2253612912],[-0.7306476701]],[[-0.9794022469],[0.522912573]]],"chebXc":[-1.1056198668,0.3396481866],"dim":2,"fulldim":true,"minrep":true,"vertices":null},"11":{"A":[[-1.0,0.0],[0.0,1.0],[-0.4016336123,-0.9158004376],[0.9615888639,0.2744938194]],"b":[1.2253612912,1.1698141991,0.0132627185,-0.4994353537],"bounding_box":[[[-1.2253612912],[0.2438242662]],[[-0.5889872784],[1.1698141991]]],"chebXc":[-0.9753203337,0.6862845243],"dim":2,"fulldim":true,"minrep":true,"vertices":null},"12":{"A":[[0.0,1.0],[0.9860487936,-0.1664565309],[-0.4016336123,-0.9158004376],[-0.9615888639,-0.2744938194]],"b":[1.1698141991,-0.4703638963,0.0132627185,0.4994353537],"bounding_box":[[[-0.8533190765],[0.1812972155]],[[-0.2795406117],[1.1698141991]]],"chebXc":[-0.5501381101,0.9410681381],"dim":2,"fulldim":true,"minrep":true,"vertices":null},"13":{"A":[[0.0,1.0],[0.4743617241,0.880330026],[-0.9860487936,0.1664565309],[0.1854330889,-0.9826568931],[-0.6352967349,-0.7722681261]],"b":[1.1698141991,1.0997758798,0.4703638963,0.1484327892,-0.5023931909],"bounding_box":[[[-0.3224244024],[-0.0014834797]],[[1.9247159212],[1.1698141991]]],"chebXc":[0.8885617725,0.372848646],"dim":2,"fulldim":true,"minrep":true,"vertices":null},"14":{"A":[[-0.9860487936,0.1664565309],[0.1854330889,-0.9826568931],[0.6352967349,0.7722681261]],"b":[0.4703638963,0.1484327892,0.5023931909],"bounding_box":[[[-0.5190531337],[-0.2490008637]],[[0.79260416],[0.9157808501]]],"chebXc":[-0.0614987023,0.2174602492],"dim":2,"fulldim":true,"minrep":true,"vertices":null},"15":{"A":[[1.0,0.0],[0.0,-1.0],[0.4743617241,0.880330026],[-0.1854330889,0.9826568931],[-0.8297549824,0.5581278252]],"b":[2.2374685476,0.7306476701,1.0997758798,-0.1484327892,-1.4771642771],"bounding_box":[[[1.2887774159],[-0.7306476701]],[[2.2374685476],[0.2121526148]]],"chebXc":[1.9078120038,-0.4009911263],"dim":2,"fulldim":true,"minrep":true,"vertices":null},"16":{"A":[[0.0,-1.0],[-0.9860487936,0.1664565309],[-0.1854330889,0.9826568931],[0.8297549824,-0.5581278252]],"b":[0.7306476701,0.4703638963,-0.1484327892,1.4771642771],"bounding_box":[[[-0.6003607292],[-0.7306476701]],[[1.9226866505],[0.2117696796]]],"chebXc":[1.0819141004,-0.3421962661],"dim":2,"fulldim":true,"minrep":true,"vertices":null},"17":{"A":[[0.0,-1.0],[0.9860487936,-0.1664565309],[0.4016336123,0.9158004376],[-0.9967572991,0.0804666809],[-0.0848768494,0.9963914494]],"b":[0.7306476701,-0.4703638963,-0.0132627185,1.0096236101,0.2671888241],"bounding_box":[[[-1.0718922289],[-0.7306476701]],[[-0.4464138019],[0.2221868202]]],"chebXc":[-0.7538859961,-0.0600277301],"dim":2,"fulldim":true,"minrep":true,"vertices":null},"18":{"A":[[0.4016336123,0.9158004376],[-0.9967572991,0.0804666809],[0.0848768494,-0.9963914494]],"b":[-0.0132627185,1.0096236101,-0.2671888241],"bounding_box":[[[-0.9981242019],[0.1831320277]],[[-0.5396498178],[0.4150447283]]],"chebXc":[-0.8998394873,0.2818526489],"dim":2,"fulldim":true,"minrep":true,"vertices":null},"19":{"A":[[-1.0,0.0],[0.0,1.0],[0.9615888639,0.2744938194],[-0.2153098195,-0.9765457908]],"b":[1.2253612912,1.1698141991,-0.4994353537,-0.3393216523],"bounding_box":[[[-1.2253612912],[0.4930154863]],[[-0.6601210574],[1.1698141991]]],"chebXc":[-0.9919589575,0.8051875267],"dim":2,"fulldim":true,"minrep":true,"vertices":null},