{"time":{"0":0.0,"1":0.2300642598,"2":0.2300642598,"3":0.4588491789,"4":0.4588491789,"5":0.2400924772,"6":0.2400924772,"7":0.5817445744,"8":0.5817445744,"9":1.0445942836,"10":1.0445942836,"11":0.3832892755,"12":0.3832892755,"13":0.3889876051,"14":0.3889876051,"15":0.7902188463,"16":0.7902188463,"17":1.395096701,"18":1.395096701,"19":1.4798472831,"20":1.4798472831,"21":1.2150930765,"22":1.2150930765,"23":0.721098582,"24":0.721098582,"25":0.6715002881,"26":0.6715002881,"27":0.5619380773,"28":0.5619380773,"29":0.4031404671,"30":0.4031404671,"31":1.5269602259,"32":1.5269602259,"33":1.6639741963,"34":1.6639741963,"35":1.3041483945,"36":1.3041483945,"37":1.8796988853,"38":1.8796988853,"39":0.4960393612,"40":0.4960393612,"41":1.1236594116,"42":1.1236594116,"43":1.7657754585,"44":1.7657754585,"45":1.9718722049,"46":1.9718722049,"47":1.7079806289,"48":1.7079806289,"49":1.3191558043,"50":1.3191558043,"51":0.5476323323,"52":0.5476323323,"53":0.9061482995,"54":0.9061482995,"55":1.9836686739,"56":1.9836686739,"57":2.2087108527,"58":2.2087108527,"59":2.4417543816,"60":2.4417543816,"61":1.8977963181,"62":1.8977963181,"63":1.2115956434,"64":1.2115956434,"65":2.1007835421,"66":2.1007835421},"father":{"0":"nan","1":0,"2":0,"3":1,"4":1,"5":2,"6":2,"7":3,"8":3,"9":4,"10":4,"11":5,"12":5,"13":6,"14":6,"15":7,"16":7,"17":8,"18":8,"19":9,"20":9,"21":10,"22":10,"23":11,"24":11,"25":12,"26":12,"27":13,"28":13,"29":14,"30":14,"31":15,"32":15,"33":19,"34":19,"35":22,"36":22,"37":23,"38":23,"39":29,"40":29,"41":30,"42":30,"43":32,"44":32,"45":33,"46":33,"47":34,"48":34,"49":36,"50":36,"51":39,"52":39,"53":40,"54":40,"55":42,"56":42,"57":43,"58":43,"59":46,"60":46,"61":48,"62":48,"63":51,"64":51,"65":62,"66":62},"part_number":{"0":0,"1":1,"2":2,"3":3,"4":4,"5":5,"6":6,"7":7,"8":8,"9":9,"10":10,"11":11,"12":12,"13":13,"14":14,"15":15,"16":16,"17":17,"18":18,"19":19,"20":20,"21":21,"22":22,"23":23,"24":24,"25":25,"26":26,"27":27,"28":28,"29":29,"30":30,"31":31,"32":32,"33":33,"34":34,"35":35,"36":36,"37":37,"38":38,"39":39,"40":40,"41":41,"42":42,"43":43,"44":44,"45":45,"46":46,"47":47,"48":48,"49":49,"50":50,"51":51,"52":52,"53":53,"54":54,"55":55,"56":56,"57":57,"58":58,"59":59,"60":60,"61":61,"62":62,"63":63,"64":64,"65":65,"66":66},"dim":{"0":"nan","1":0,"2":0,"3":1,"4":1,"5":1,"6":1,"7":1,"8":1,"9":1,"10":1,"11":0,"12":0,"13":1,"14":1,"15":1,"16":1,"17":1,"18":1,"19":0,"20":0,"21":1,"22":1,"23":1,"24":1,"25":0,"26":0,"27":1,"28":1,"29":0,"30":0,"31":1,"32":1,"33":0,"34":0,"35":1,"36":1,"37":0,"38":0,"39":0,"40":0,"41":0,"42":0,"43":0,"44":0,"45":1,"46":1,"47":0,"48":0,"49":1,"50":1,"51":0,"52":0,"53":0,"54":0,"55":0,"56":0,"57":0,"58":0,"59":1,"60":1,"61":0,"62":0,"63":1,"64":1,"65":0,"66":0},"distance":{"0":"nan","1":0.0630586128,"2":0.0630586128,"3":0.0913082529,"4":0.0913082529,"5":0.008309282,"6":0.008309282,"7":0.0134986494,"8":0.0134986494,"9":0.0162362302,"10":0.0162362302,"11":0.1501396239,"12":0.1501396239,"13":0.013598967,"14":0.013598967,"15":0.0088862548,"16":0.0088862548,"17":0.0598596831,"18":0.0598596831,"19":0.004087516,"20":0.004087516,"21":0.0042689064,"22":0.0042689064,"23":0.0257468774,"24":0.0257468774,"25":0.0016258941,"26":0.0016258941,"27":0.0351929741,"28":0.0351929741,"29":0.0286165243,"30":0.0286165243,"31":0.0083156267,"32":0.0083156267,"33":0.0920623388,"34":0.0920623388,"35":0.0012065358,"36":0.0012065358,"37":0.0041338735,"38":0.0041338735,"39":0.0058482606,"40":0.0058482606,"41":0.0243725074,"42":0.0243725074,"43":0.1016660533,"44":0.1016660533,"45":0.0648114206,"46":0.0648114206,"47":0.0125497715,"48":0.0125497715,"49":0.00026729,"50":0.00026729,"51":0.0086113587,"52":0.0086113587,"53":0.0001600702,"54":0.0001600702,"55":0.0131915166,"56":0.0131915166,"57":0.0117192544,"58":0.0117192544,"59":0.0193239625,"60":0.0193239625,"61":0.0062227195,"62":0.0062227195,"63":0.1011156355,"64":0.1011156355,"65":0.0177976649,"66":0.0177976649},"x":{"0":"nan","1":1.105977079,"2":1.105977079,"3":-0.2548716835,"4":-0.2548716835,"5":-0.2638769204,"6":-0.2638769204,"7":-0.3784605893,"8":-0.3784605893,"9":0.9597259445,"10":0.9597259445,"11":1.4926818754,"12":1.4926818754,"13":-0.1851811305,"14":-0.1851811305,"15":-0.3920679626,"16":-0.3920679626,"17":-0.3411735467,"18":-0.3411735467,"19":0.1111014719,"20":0.1111014719,"21":0.9827797452,"22":0.9827797452,"23":-0.3374300608,"24":-0.3374300608,"25":1.5734958265,"26":1.5734958265,"27":-0.225939746,"28":-0.225939746,"29":1.9524949104,"30":1.9524949104,"31":-0.5047333797,"32":-0.5047333797,"33":-0.0295532975,"34":-0.0295532975,"35":0.9893781198,"36":0.9893781198,"37":1.3150783164,"38":1.3150783164,"39":1.8321026775,"40":1.8321026775,"41":2.0179668067,"42":2.0179668067,"43":0.7656978676,"44":0.7656978676,"45":0.227356446,"46":0.227356446,"47":0.0373482508,"48":0.0373482508,"49":1.0053107705,"50":1.0053107705,"51":1.8230883645,"52":1.8230883645,"53":1.9355621815,"54":1.9355621815,"55":2.0385928089,"56":2.0385928089,"57":0.6390994218,"58":0.6390994218,"59":0.4039861998,"60":0.4039861998,"61":0.0588243792,"62":0.0588243792,"63":0.0171924142,"64":0.0171924142,"65":0.0713624034,"66":0.0713624034},"leaf":{"0":false,"1":false,"2":false,"3":false,"4":false,"5":false,"6":false,"7":false,"8":false,"9":false,"10":false,"11":false,"12":false,"13":false,"14":false,"15":false,"16":true,"17":true,"18":true,"19":false,"20":true,"21":true,"22":false,"23":false,"24":true,"25":true,"26":true,"27":true,"28":true,"29":false,"30":false,"31":true,"32":false,"33":false,"34":false,"35":true,"36":false,"37":true,"38":true,"39":false,"40":false,"41":true,"42":false,"43":false,"44":true,"45":true,"46":false,"47":true,"48":false,"49":true,"50":true,"51":false,"52":true,"53":true,"54":true,"55":true,"56":true,"57":true,"58":true,"59":true,"60":true,"61":true,"62":false,"63":true,"64":true,"65":true,"66":true},"min0":{"0":-1.2392004805,"1":-1.2392004805,"2":1.105977079,"3":-1.2392004805,"4":-1.2392004805,"5":1.105977079,"6":1.105977079,"7":-1.2392004805,"8":-1.2392004805,"9":-1.2392004805,"10":-1.2392004805,"11":1.105977079,"12":1.4926818754,"13":1.105977079,"14":1.105977079,"15":-1.2392004805,"16":-1.2392004805,"17":-1.2392004805,"18":-1.2392004805,"19":-1.2392004805,"20":0.1111014719,"21":-1.2392004805,"22":-1.2392004805,"23":1.105977079,"24":1.105977079,"25":1.4926818754,"26":1.5734958265,"27":1.105977079,"28":1.105977079,"29":1.105977079,"30":1.9524949104,"31":-1.2392004805,"32":-1.2392004805,"33":-1.2392004805,"34":-0.0295532975,"35":-1.2392004805,"36":-1.2392004805,"37":1.105977079,"38":1.3150783164,"39":1.105977079,"40":1.8321026775,"41":1.9524949104,"42":2.0179668067,"43":-1.2392004805,"44":0.7656978676,"45":-1.2392004805,"46":-1.2392004805,"47":-0.0295532975,"48":0.0373482508,"49":-1.2392004805,"50":-1.2392004805,"51":1.105977079,"52":1.8230883645,"53":1.8321026775,"54":1.9355621815,"55":2.0179668067,"56":2.0385928089,"57":-1.2392004805,"58":0.6390994218,"59":-1.2392004805,"60":-1.2392004805,"61":0.0373482508,"62":0.0588243792,"63":1.105977079,"64":1.105977079,"65":0.0588243792,"66":0.0713624034},"max0":{"0":2.2592492586,"1":1.105977079,"2":2.2592492586,"3":1.105977079,"4":1.105977079,"5":2.2592492586,"6":2.2592492586,"7":1.105977079,"8":1.105977079,"9":1.105977079,"10":1.105977079,"11":1.4926818754,"12":2.2592492586,"13":2.2592492586,"14":2.2592492586,"15":1.105977079,"16":1.105977079,"17":1.105977079,"18":1.105977079,"19":0.1111014719,"20":1.105977079,"21":1.105977079,"22":1.105977079,"23":1.4926818754,"24":1.4926818754,"25":1.5734958265,"26":2.2592492586,"27":2.2592492586,"28":2.2592492586,"29":1.9524949104,"30":2.2592492586,"31":1.105977079,"32":1.105977079,"33":-0.0295532975,"34":0.1111014719,"35":1.105977079,"36":1.105977079,"37":1.3150783164,"38":1.4926818754,"39":1.8321026775,"40":1.9524949104,"41":2.0179668067,"42":2.2592492586,"43":0.7656978676,"44":1.105977079,"45":-0.0295532975,"46":-0.0295532975,"47":0.0373482508,"48":0.1111014719,"49":1.105977079,"50":1.105977079,"51":1.8230883645,"52":1.8321026775,"53":1.9355621815,