{"time":{"0":0.0,"1":0.6084203238,"2":0.6084203238,"3":0.9300889653,"4":0.9300889653,"5":0.673293002,"6":0.673293002,"7":1.120564989,"8":1.120564989,"9":1.6337003688,"10":1.6337003688,"11":0.8230813005,"12":0.8230813005,"13":0.702272263,"14":0.702272263,"15":1.6273554249,"16":1.6273554249,"17":1.3844139392,"18":1.3844139392,"19":1.6601030936,"20":1.6601030936,"21":1.6350941371,"22":1.6350941371,"23":1.4397697931,"24":1.4397697931,"25":0.9192668889,"26":0.9192668889,"27":1.697686536,"28":1.697686536,"29":1.5191447238,"30":1.5191447238,"31":1.8924014241,"32":1.8924014241,"33":1.9008283665,"34":1.9008283665,"35":1.8639388985,"36":1.8639388985,"37":1.9541032879,"38":1.9541032879},"father":{"0":"nan","1":0,"2":0,"3":1,"4":1,"5":2,"6":2,"7":3,"8":3,"9":4,"10":4,"11":5,"12":5,"13":6,"14":6,"15":7,"16":7,"17":8,"18":8,"19":9,"20":9,"21":10,"22":10,"23":11,"24":11,"25":12,"26":12,"27":15,"28":15,"29":17,"30":17,"31":21,"32":21,"33":24,"34":24,"35":25,"36":25,"37":33,"38":33},"part_number":{"0":0,"1":1,"2":2,"3":3,"4":4,"5":5,"6":6,"7":7,"8":8,"9":9,"10":10,"11":11,"12":12,"13":13,"14":14,"15":15,"16":16,"17":17,"18":18,"19":19,"20":20,"21":21,"22":22,"23":23,"24":24,"25":25,"26":26,"27":27,"28":28,"29":29,"30":30,"31":31,"32":32,"33":33,"34":34,"35":35,"36":36,"37":37,"38":38},"dim":{"0":"nan","1":1,"2":1,"3":0,"4":0,"5":0,"6":0,"7":1,"8":1,"9":1,"10":1,"11":0,"12":0,"13":0,"14":0,"15":1,"16":1,"17":0,"18":0,"19":0,"20":0,"21":0,"22":0,"23":1,"24":1,"25":1,"26":1,"27":1,"28":1,"29":0,"30":0,"31":0,"32":0,"33":1,"34":1,"35":1,"36":1,"37":0,"38":0},"distance":{"0":"nan","1":0.0301532816,"2":0.0301532816,"3":0.0883512593,"4":0.0883512593,"5":0.0908671222,"6":0.0908671222,"7":0.1632397543,"8":0.1632397543,"9":0.0920341674,"10":0.0920341674,"11":0.0613589371,"12":0.0613589371,"13":0.0044582649,"14":0.0044582649,"15":0.0544956208,"16":0.0544956208,"17":0.0159871963,"18":0.0159871963,"19":0.1145184942,"20":0.1145184942,"21":0.0992652145,"22":0.0992652145,"23":0.0986770075,"24":0.0986770075,"25":0.0005924819,"26":0.0005924819,"27":0.021538385,"28":0.021538385,"29":0.0129608193,"30":0.0129608193,"31":0.0223041651,"32":0.0223041651,"33":0.0010610765,"34":0.0010610765,"35":0.0126582592,"36":0.0126582592,"37":0.0367098872,"38":0.0367098872},"x":{"0":"nan","1":0.6414620811,"2":0.6414620811,"3":-0.5981401748,"4":-0.5981401748,"5":0.615550229,"6":0.615550229,"7":-0.0021165596,"8":-0.0021165596,"9":-0.7607115995,"10":-0.7607115995,"11":0.2162424565,"12":0.2162424565,"13":0.6970231264,"14":0.6970231264,"15":-0.4801537414,"16":-0.4801537414,"17":-0.8854708107,"18":-0.8854708107,"19":-0.258053299,"20":-0.258053299,"21":0.5673055366,"22":0.5673055366,"23":0.7442304824,"24":0.7442304824,"25":0.8861271711,"26":0.8861271711,"27":-0.6943057004,"28":-0.6943057004,"29":-0.9583305641,"30":-0.9583305641,"31":0.0012804075,"32":0.0012804075,"33":0.911104706,"34":0.911104706,"35":0.8744608804,"36":0.8744608804,"37":-0.459136866,"38":-0.459136866},"leaf":{"0":false,"1":false,"2":false,"3":false,"4":false,"5":false,"6":false,"7":false,"8":false,"9":false,"10":false,"11":false,"12":false,"13":true,"14":true,"15":false,"16":true,"17":false,"18":true,"19":true,"20":true,"21":false,"22":true,"23":true,"24":false,"25":false,"26":true,"27":true,"28":true,"29":true,"30":true,"31":true,"32":true,"33":false,"34":true,"35":true,"36":true,"37":true,"38":true},"min0":{"0":-1.2087322039,"1":-1.2087322039,"2":-1.2087322039,"3":-1.2087322039,"4":-0.5981401748,"5":-1.2087322039,"6":0.615550229,"7":-1.2087322039,"8":-1.2087322039,"9":-0.5981401748,"10":-0.5981401748,"11":-1.2087322039,"12":0.2162424565,"13":0.615550229,"14":0.6970231264,"15":-1.2087322039,"16":-1.2087322039,"17":-1.2087322039,"18":-0.8854708107,"19":-0.5981401748,"20":-0.258053299,"21":-0.5981401748,"22":0.5673055366,"23":-1.2087322039,"24":-1.2087322039,"25":0.2162424565,"26":0.2162424565,"27":-1.2087322039,"28":-1.2087322039,"29":-1.2087322039,"30":-0.9583305641,"31":-0.5981401748,"32":0.0012804075,"33":-1.2087322039,"34":-1.2087322039,"35":0.2162424565,"36":0.2162424565,"37":-1.2087322039,"38":-0.459136866},"max0":{"0":1.1842479108,"1":1.1842479108,"2":1.1842479108,"3":-0.5981401748,"4":1.1842479108,"5":0.615550229,"6":1.1842479108,"7":-0.5981401748,"8":-0.5981401748,"9":1.1842479108,"10":1.1842479108,"11":0.2162424565,"12":0.615550229,"13":0.6970231264,"14":1.1842479108,"15":-0.5981401748,"16":-0.5981401748,"17":-0.8854708107,"18":-0.5981401748,"19":-0.258053299,"20":1.1842479108,"21":0.5673055366,"22":1.1842479108,"23":0.2162424565,"24":0.2162424565,"25":0.615550229,"26":0.615550229,"27":-0.5981401748,"28":-0.5981401748,"29":-0.9583305641,"30":-0.8854708107,"31":0.0012804075,"32":0.5673055366,"33":0.2162424565,"34":0.2162424565,"35":0.615550229,"36":0.615550229,"37":-0.459136866,"38":0.2162424565},"min1":{"0":-1.1504969248,"1":-1.1504969248,"2":0.6414620811,"3":-1.1504969248,"4":-1.1504969248,"5":0.6414620811,"6":0.6414620811,"7":-1.1504969248,"8":-0.0021165596,"9":-1.1504969248,"10":-0.7607115995,"11":0.6414620811,"12":0.6414620811,"13":0.6414620811,"14":0.6414620811,"15":-1.1504969248,"16":-0.4801537414,"17":-0.0021165596,"18":-0.0021165596,"19":-1.1504969248,"20":-1.1504969248,"21":-0.7607115995,"22":-0.7607115995,"23":0.6414620811,"24":0.7442304824,"25":0.6414620811,"26":0.8861271711,"27":-1.1504969248,"28":-0.6943057004,"29":-0.0021165596,"30":-0.0021165596,"31":-0.7607115995,"32":-0.7607115995,"33":0.7442304824,"34":0.911104706,"35":0.6414620811,"36":0.8744608804,"37":0.7442304824,"38":0.7442304824},"max1":{"0":1.1224752717,"1":0.6414620811,"2":1.1224752717,"3":0.6414620811,"4":0.6414620811,"5":1.1224752717,"6":1.1224752717,"7":-0.0021165596,"8":0.6414620811,"9":-0.7607115995,"10":0.6414620811,"11":1.1224752717,"12":1.1224752717,"13":1.1224752717,"14":1.1224752717,"15":-0.4801537414,"16":-0.0021165596,"17":0.6414620811,"18":0.6414620811,"19":-0.7607115995,"20":-0.7607115995,"21":0.6414620811,"22":0.6414620811,"23":0.7442304824,"24":1.1224752717,"25":0.8861271711,"26":1.1224752717,"27":-0.6943057004,"28":-0.4801537414,"29":0.6414620811,"30":0.6414620811,"31":0.6414620811,"32":0.6414620811,"33":0.911104706,"34":1.1224752717,"35":0.8744608804,"36":0.8861271711,"37":0.911104706,"38":0.911104706}}