{"time":{"0":0.0,"1":0.4147136634,"2":0.4147136634,"3":0.6929885032,"4":0.6929885032,"5":0.5323133847,"6":0.5323133847,"7":0.9297096403,"8":0.9297096403,"9":0.7730862563,"10":0.7730862563,"11":0.6016316804,"12":0.6016316804,"13":0.6379985403,"14":0.6379985403,"15":1.3708867229,"16":1.3708867229,"17":1.471704392,"18":1.471704392,"19":1.3410509247,"20":1.3410509247,"21":1.3158206692,"22":1.3158206692,"23":1.0020296013,"24":1.0020296013,"25":1.8730507815,"26":1.8730507815,"27":1.6698984035,"28":1.6698984035,"29":1.615937179,"30":1.615937179,"31":1.6154844908,"32":1.6154844908,"33":1.4342424876,"34":1.4342424876,"35":1.1103817951,"36":1.1103817951,"37":1.7035823401,"38":1.7035823401,"39":2.0990711603,"40":2.0990711603,"41":2.3093106624,"42":2.3093106624,"43":1.6216869342,"44":1.6216869342,"45":1.3357085901,"46":1.3357085901,"47":1.5600833722,"48":1.5600833722,"49":1.8164490095,"50":1.8164490095,"51":2.0927653528,"52":2.0927653528,"53":2.3394866199,"54":2.3394866199,"55":2.1168225723,"56":2.1168225723},"father":{"0":"nan","1":0,"2":0,"3":1,"4":1,"5":2,"6":2,"7":3,"8":3,"9":4,"10":4,"11":5,"12":5,"13":6,"14":6,"15":7,"16":7,"17":8,"18":8,"19":9,"20":9,"21":10,"22":10,"23":12,"24":12,"25":15,"26":15,"27":19,"28":19,"29":20,"30":20,"31":22,"32":22,"33":23,"34":23,"35":24,"36":24,"37":27,"38":27,"39":29,"40":29,"41":30,"42":30,"43":32,"44":32,"45":35,"46":35,"47":36,"48":36,"49":37,"50":37,"51":38,"52":38,"53":51,"54":51,"55":52,"56":52},"part_number":{"0":0,"1":1,"2":2,"3":3,"4":4,"5":5,"6":6,"7":7,"8":8,"9":9,"10":10,"11":11,"12":12,"13":13,"14":14,"15":15,"16":16,"17":17,"18":18,"19":19,"20":20,"21":21,"22":22,"23":23,"24":24,"25":25,"26":26,"27":27,"28":28,"29":29,"30":30,"31":31,"32":32,"33":33,"34":34,"35":35,"36":36,"37":37,"38":38,"39":39,"40":40,"41":41,"42":42,"43":43,"44":44,"45":45,"46":46,"47":47,"48":48,"49":49,"50":50,"51":51,"52":52,"53":53,"54":54,"55":55,"56":56},"dim":{"0":"nan","1":0,"2":0,"3":1,"4":1,"5":1,"6":1,"7":1,"8":1,"9":1,"10":1,"11":0,"12":0,"13":0,"14":0,"15":1,"16":1,"17":1,"18":1,"19":0,"20":0,"21":1,"22":1,"23":0,"24":0,"25":1,"26":1,"27":0,"28":0,"29":1,"30":1,"31":1,"32":1,"33":0,"34":0,"35":0,"36":0,"37":1,"38":1,"39":0,"40":0,"41":1,"42":1,"43":1,"44":1,"45":1,"46":1,"47":0,"48":0,"49":0,"50":0,"51":1,"52":1,"53":0,"54":0,"55":0,"56":0},"distance":{"0":"nan","1":0.0474593641,"2":0.0474593641,"3":0.0913082529,"4":0.0913082529,"5":0.1189503595,"6":0.1189503595,"7":0.0134986494,"8":0.0134986494,"9":0.0162362302,"10":0.0162362302,"11":0.0877769342,"12":0.0877769342,"13":0.0286165243,"14":0.0286165243,"15":0.0088862548,"16":0.0088862548,"17":0.0598596831,"18":0.0598596831,"19":0.004087516,"20":0.004087516,"21":0.0042689064,"22":0.0042689064,"23":0.0596522956,"24":0.0596522956,"25":0.0083156267,"26":0.0083156267,"27":0.0769127781,"28":0.0769127781,"29":0.0801754193,"30":0.0801754193,"31":0.0012065358,"32":0.0012065358,"33":0.0049311921,"34":0.0049311921,"35":0.0200094446,"36":0.0200094446,"37":0.1124263501,"38":0.1124263501,"39":0.354775519,"40":0.354775519,"41":0.0079222253,"42":0.0079222253,"43":0.00026729,"44":0.00026729,"45":0.013598967,"46":0.013598967,"47":0.0086113587,"48":0.0086113587,"49":0.0239259281,"50":0.0239259281,"51":0.0623112884,"52":0.0623112884,"53":0.0281813815,"54":0.0281813815,"55":0.0095756191,"56":0.0095756191},"x":{"0":"nan","1":1.1612360675,"2":1.1612360675,"3":-0.2548716835,"4":-0.2548716835,"5":0.1419251089,"6":0.1419251089,"7":-0.3784605893,"8":-0.3784605893,"9":0.9597259445,"10":0.9597259445,"11":1.4615005306,"12":1.4615005306,"13":1.9524949104,"14":1.9524949104,"15":-0.3920679626,"16":-0.3920679626,"17":-0.3411735467,"18":-0.3411735467,"19":0.1111014719,"20":0.1111014719,"21":0.9827797452,"22":0.9827797452,"23":1.6286593306,"24":1.6286593306,"25":-0.5047333797,"26":-0.5047333797,"27":-0.6624387962,"28":-0.6624387962,"29":0.5030360072,"30":0.5030360072,"31":0.9893781198,"32":0.9893781198,"33":1.5702172834,"34":1.5702172834,"35":1.8033266274,"36":1.8033266274,"37":0.2511639108,"38":0.2511639108,"39":0.5857779347,"40":0.5857779347,"41":0.6344061406,"42":0.6344061406,"43":1.0053107705,"44":1.0053107705,"45":-0.1851811305,"46":-0.1851811305,"47":1.8230883645,"48":1.8230883645,"49":-0.9778677738,"50":-0.9778677738,"51":0.4448038253,"52":0.4448038253,"53":-0.9407250445,"54":-0.9407250445,"55":-0.8052696864,"56":-0.8052696864},"leaf":{"0":false,"1":false,"2":false,"3":false,"4":false,"5":false,"6":false,"7":false,"8":false,"9":false,"10":false,"11":true,"12":false,"13":true,"14":true,"15":false,"16":true,"17":true,"18":true,"19":false,"20":false,"21":true,"22":false,"23":false,"24":false,"25":true,"26":true,"27":false,"28":true,"29":false,"30":false,"31":true,"32":false,"33":true,"34":true,"35":false,"36":false,"37":false,"38":false,"39":true,"40":true,"41":true,"42":true,"43":true,"44":true,"45":true,"46":true,"47":true,"48":true,"49":true,"50":true,"51":false,"52":false,"53":true,"54":true,"55":true,"56":true},"min0":{"0":-1.2392004805,"1":-1.2392004805,"2":1.1612360675,"3":-1.2392004805,"4":-1.2392004805,"5":1.1612360675,"6":1.1612360675,"7":-1.2392004805,"8":-1.2392004805,"9":-1.2392004805,"10":-1.2392004805,"11":1.1612360675,"12":1.4615005306,"13":1.1612360675,"14":1.9524949104,"15":-1.2392004805,"16":-1.2392004805,"17":-1.2392004805,"18":-1.2392004805,"19":-1.2392004805,"20":0.1111014719,"21":-1.2392004805,"22":-1.2392004805,"23":1.4615005306,"24":1.6286593306,"25":-1.2392004805,"26":-1.2392004805,"27":-1.2392004805,"28":-0.6624387962,"29":0.1111014719,"30":0.1111014719,"31":-1.2392004805,"32":-1.2392004805,"33":1.4615005306,"34":1.5702172834,"35":1.6286593306,"36":1.8033266274,"37":-1.2392004805,"38":-1.2392004805,"39":0.1111014719,"40":0.5857779347,"41":0.1111014719,"42":0.1111014719,"43":-1.2392004805,"44":-1.2392004805,"45":1.6286593306,"46":1.6286593306,"47":1.8033266274,"48":1.8230883645,"49":-1.2392004805,"50":-0.9778677738,"51":-1.2392004805,"52":-1.2392004805,"53":-1.2392004805,"54":-0.9407250445,"55":-1.2392004805,"56":-0.8052696864},"max0":{"0":2.2592492586,"1":1.1612360675,"2":2.2592492586,"3":1.1612360675,"4":1.1612360675,"5":2.2592492586,"6":2.2592492586,"7":1.1612360675,"8":1.1612360675,"9":1.1612360675,"10":1.1612360675,"11":1.4615005306,"12":2.2592492586,"13":1.9524949104,"14":2.2592492586,"15":1.1612360675,"16":1.1612360675,"17":1.1612360675,"18":1.1612360675,"19":0.1111014719,"20":1.1612360675,"21":1.1612360675,"22":1.1612360675,"23":1.6286593306,"24":2.2592492586,"25":1.1612360675,"26":1.1612360675,"27":-0.6624387962,"28":0.1111014719,"29":1.1612360675,"30":1.1612360675,"31":1.1612360675,"32":1.1612360675,"33":1.5702172834,"34":1.6286593306,"35":1.8033266274,"36":2.2592492586,"37":-0.6624387962,"38":-0.6624387962,"39":0.5857779347,"40":1.1612360675,"41":1.1612360675,"42":1.1612360675,"43":1.1612360675,"44":1.1612360675,"45":1.8033266274,"46":1.8033266274,"47":1.8230883645,"48":2.2592492586,"49":-0.9778677738,"50":-0.6624387962,"51":-0.6624387962,"52":-0.6624387962,"53":-0.9407250445,"54":-0.6624387962,"55":-0.8052696864,"56":-0.6624387962},"min1":{"0":-0.7663286535,"1":-0.7663286535,"2":-0.7663286535,"3":-0.7663286535,"4":-0.2548716835,"5":-0.7663286535,"6":0.1419251089,"7":-0.7663286535,"8":-0.3784605893,"9":-0.2548716835,"10":0.9597259445,"11":-0.7663286535,"12":-0.7663286535,"13":0.1419251089,"14":0.1419251089,"15":-0.7663286535,"16":-0.3920679626,"17":-0.3784605893,"18":-0.3411735467,"19":-0.2548716835,"20":-0.2548716835,"21":0.9597259445,"22":0.9827797452,"23":-0.7663286535,"24":-0.7663286535,"25":-0.7663286535,"26":-0.5047333797,"27":-0.2548716835,"28":-0.2548716835,"29":-0.2548716835,"30":0.5030360072,"31":0.9827797452,"32":0.9893781198,"33":-0.7663286535,"34":-0.7663286535,"35":-0.7663286535,"36":-0.7663286535,"37":-0.2548716835,"38":0.2511639108,"39":-0.2548716835,"40":-0.2548716835,"41":0.5030360072,"42":0.6344061406,"43":0.9893781198,"44":1.0053107705,"45":-0.7663286535,"46":-0.1851811305,"47":-0.7663286535,"48":-0.7663286535,"49":-0.2548716835,"50":-0.2548716835,