{"time":{"0":0.0,"1":0.07945166,"2":0.07945166,"3":0.22334107,"4":0.22334107,"5":0.2287984634,"6":0.2287984634,"7":0.5682347388,"8":0.5682347388,"9":0.2844272625,"10":0.2844272625,"11":1.2754584251,"12":1.2754584251,"13":0.9895328634,"14":0.9895328634,"15":0.5761945058,"16":0.5761945058,"17":1.7892545727,"18":1.7892545727,"19":0.8429997942,"20":0.8429997942,"21":0.3801357273,"22":0.3801357273,"23":1.008053556,"24":1.008053556,"25":0.6831199069,"26":0.6831199069,"27":1.6888549789,"28":1.6888549789,"29":0.9521231005,"30":0.9521231005,"31":1.1835356723,"32":1.1835356723,"33":0.876351273,"34":0.876351273,"35":1.0112094279,"36":1.0112094279,"37":0.972272473,"38":0.972272473,"39":1.4492258482,"40":1.4492258482,"41":1.2981729987,"42":1.2981729987,"43":1.0619515538,"44":1.0619515538,"45":1.0151021191,"46":1.0151021191,"47":1.7342459745,"48":1.7342459745,"49":1.2931759349,"50":1.2931759349,"51":1.8566660857,"52":1.8566660857,"53":1.3405468889,"54":1.3405468889,"55":1.6481683279,"56":1.6481683279,"57":1.6867635681,"58":1.6867635681,"59":1.6032461533,"60":1.6032461533},"father":{"0":"nan","1":0,"2":0,"3":1,"4":1,"5":2,"6":2,"7":3,"8":3,"9":4,"10":4,"11":5,"12":5,"13":6,"14":6,"15":7,"16":7,"17":8,"18":8,"19":9,"20":9,"21":10,"22":10,"23":13,"24":13,"25":15,"26":15,"27":16,"28":16,"29":19,"30":19,"31":20,"32":20,"33":26,"34":26,"35":29,"36":29,"37":30,"38":30,"39":31,"40":31,"41":32,"42":32,"43":35,"44":35,"45":36,"46":36,"47":37,"48":37,"49":38,"50":38,"51":40,"52":40,"53":41,"54":41,"55":42,"56":42,"57":44,"58":44,"59":49,"60":49},"part_number":{"0":0,"1":1,"2":2,"3":3,"4":4,"5":5,"6":6,"7":7,"8":8,"9":9,"10":10,"11":11,"12":12,"13":13,"14":14,"15":15,"16":16,"17":17,"18":18,"19":19,"20":20,"21":21,"22":22,"23":23,"24":24,"25":25,"26":26,"27":27,"28":28,"29":29,"30":30,"31":31,"32":32,"33":33,"34":34,"35":35,"36":36,"37":37,"38":38,"39":39,"40":40,"41":41,"42":42,"43":43,"44":44,"45":45,"46":46,"47":47,"48":48,"49":49,"50":50,"51":51,"52":52,"53":53,"54":54,"55":55,"56":56,"57":57,"58":58,"59":59,"60":60},"dim":{"0":"nan","1":1,"2":1,"3":0,"4":0,"5":0,"6":0,"7":1,"8":1,"9":1,"10":1,"11":1,"12":1,"13":1,"14":1,"15":0,"16":0,"17":1,"18":1,"19":0,"20":0,"21":0,"22":0,"23":1,"24":1,"25":0,"26":0,"27":1,"28":1,"29":1,"30":1,"31":1,"32":1,"33":0,"34":0,"35":0,"36":0,"37":0,"38":0,"39":0,"40":0,"41":0,"42":0,"43":0,"44":0,"45":1,"46":1,"47":1,"48":1,"49":1,"50":1,"51":0,"52":0,"53":1,"54":1,"55":0,"56":0,"57":1,"58":1,"59":1,"60":1},"distance":{"0":"nan","1":0.042960908,"2":0.042960908,"3":0.0883512593,"4":0.0883512593,"5":0.0613589371,"6":0.0613589371,"7":0.1632397543,"8":0.1632397543,"9":0.052876826,"10":0.052876826,"11":0.0010610765,"12":0.0010610765,"13":0.0005924819,"14":0.0005924819,"15":0.0335698569,"16":0.0335698569,"17":0.0811937167,"18":0.0811937167,"19":0.0992652145,"20":0.0992652145,"21":0.0044582649,"22":0.0044582649,"23":0.0126582592,"24":0.0126582592,"25":0.0205283113,"26":0.0205283113,"27":0.021538385,"28":0.021538385,"29":0.197510085,"30":0.197510085,"31":0.1447461267,"32":0.1447461267,"33":0.0101843816,"34":0.0101843816,"35":0.1145184942,"36":0.1145184942,"37":0.0223041651,"38":0.0223041651,"39":0.0044463369,"40":0.0044463369,"41":0.0153746596,"42":0.0153746596,"43":0.0602537763,"44":0.0602537763,"45":0.0078701946,"46":0.0078701946,"47":0.019081311,"48":0.019081311,"49":0.1101888586,"50":0.1101888586,"51":0.0586508995,"52":0.0586508995,"53":0.1112314136,"54":0.1112314136,"55":0.0118039818,"56":0.0118039818,"57":0.0125539581,"58":0.0125539581,"59":0.0836603978,"60":0.0836603978},"x":{"0":"nan","1":0.7720885321,"2":0.7720885321,"3":-0.5981401748,"4":-0.5981401748,"5":0.2162424565,"6":0.2162424565,"7":-0.0021165596,"8":-0.0021165596,"9":0.6528238532,"10":0.6528238532,"11":0.911104706,"12":0.911104706,"13":0.8861271711,"14":0.8861271711,"15":-0.9034077979,"16":-0.9034077979,"17":0.6159418635,"18":0.6159418635,"19":0.5673055366,"20":0.5673055366,"21":0.6970231264,"22":0.6970231264,"23":0.8744608804,"24":0.8744608804,"25":-1.0157383632,"26":-1.0157383632,"27":-0.6943057004,"28":-0.6943057004,"29":-0.7079736407,"30":-0.7079736407,"31":-0.1084704274,"32":-0.1084704274,"33":-0.9376230557,"34":-0.9376230557,"35":-0.258053299,"36":-0.258053299,"37":0.0012804075,"38":0.0012804075,"39":0.7792858554,"40":0.7792858554,"41":0.9177404284,"42":0.9177404284,"43":-0.4445285112,"44":-0.4445285112,"45":-1.0393185702,"46":-1.0393185702,"47":0.3691436902,"48":0.3691436902,"49":0.1518340115,"50":0.1518340115,"51":0.832376843,"52":0.832376843,"53":0.4695928409,"54":0.4695928409,"55":0.9325311455,"56":0.9325311455,"57":-0.949669266,"58":-0.949669266,"59":0.0198759674,"60":0.0198759674},"leaf":{"0":false,"1":false,"2":false,"3":false,"4":false,"5":false,"6":false,"7":false,"8":false,"9":false,"10":false,"11":true,"12":true,"13":false,"14":true,"15":false,"16":false,"17":true,"18":true,"19":false,"20":false,"21":true,"22":true,"23":true,"24":true,"25":true,"26":false,"27":true,"28":true,"29":false,"30":false,"31":false,"32":false,"33":true,"34":true,"35":false,"36":false,"37":false,"38":false,"39":true,"40":false,"41":false,"42":false,"43":true,"44":false,"45":true,"46":true,"47":true,"48":true,"49":false,"50":true,"51":true,"52":true,"53":true,"54":true,"55":true,"56":true,"57":true,"58":true,"59":true,"60":true},"min0":{"0":-1.2087322039,"1":-1.2087322039,"2":-1.2087322039,"3":-1.2087322039,"4":-0.5981401748,"5":-1.2087322039,"6":0.2162424565,"7":-1.2087322039,"8":-1.2087322039,"9":-0.5981401748,"10":-0.5981401748,"11":-1.2087322039,"12":-1.2087322039,"13":0.2162424565,"14":0.2162424565,"15":-1.2087322039,"16":-0.9034077979,"17":-1.2087322039,"18":-1.2087322039,"19":-0.5981401748,"20":0.5673055366,"21":-0.5981401748,"22":0.6970231264,"23":0.2162424565,"24":0.2162424565,"25":-1.2087322039,"26":-1.0157383632,"27":-0.9034077979,"28":-0.9034077979,"29":-0.5981401748,"30":-0.5981401748,"31":0.5673055366,"32":0.5673055366,"33":-1.0157383632,"34":-0.9376230557,"35":-0.5981401748,"36":-0.258053299,"37":-0.5981401748,"38":0.0012804075,"39":0.5673055366,"40":0.7792858554,"41":0.5673055366,"42":0.9177404284,"43":-0.5981401748,"44":-0.4445285112,"45":-0.258053299,"46":-0.258053299,"47":-0.5981401748,"48":-0.5981401748,"49":0.0012804075,"50":0.0012804075,"51":0.7792858554,"52":0.832376843,"53":0.5673055366,"54":0.5673055366,"55":0.9177404284,"56":0.9325311455,"57":-0.4445285112,"58":-0.4445285112,"59":0.0012804075,"60":0.0012804075},"max0":{"0":1.1842479108,"1":1.1842479108,"2":1.1842479108,"3":-0.5981401748,"4":1.1842479108,"5":0.2162424565,"6":1.1842479108,"7":-0.5981401748,"8":-0.5981401748,"9":1.1842479108,"10":1.1842479108,"11":0.2162424565,"12":0.2162424565,"13":1.1842479108,"14":1.1842479108,"15":-0.9034077979,"16":-0.5981401748,"17":-0.5981401748,"18":-0.5981401748,"19":0.5673055366,"20":1.1842479108,"21":0.6970231264,"22":1.1842479108,"23":1.1842479108,"24":1.1842479108,"25":-1.0157383632,"26":-0.9034077979,"27":-0.5981401748,"28":-0.5981401748,"29":0.5673055366,"30":0.5673055366,"31":1.1842479108,"32":1.1842479108,"33":-0.9376230557,"34":-0.9034077979,"35":-0.258053299,"36":0.5673055366,"37":0.0012804075,"38":0.5673055366,"39":0.7792858554,"40":1.1842479108,"41":0.9177404284,"42":1.1842479108,"43":-0.4445285112,"44":-0.258053299,"45":0.5673055366,"46":0.5673055366,"47":0.0012804075,"48":0.0012804075,"49":0.5673055366,"50":0.5673055366,"51":0.832376843,"52":1.1842479108,"53":0.9177404284,"54":0.9177404284,"55":0.9325311455,"56":1.1842479108,"57":-0.258053299,"58":-0.258053299,"59":0.5673055366,"60":0.5673055366},"min1":{"0":-1.1504969248,"1":-1.1504969248,"2":0.7720885321,"3":-1.1504969248,"4":-1.1504969248,"5":0.7720885321,"6":0.7720885321,"7":-1.1504969248,"8":-0.0021165596,"9":-1.1504969248,"10":0.6528238532,"11":0.7720885321,"12":0.911104706,"13":0.7720885321,"14":0.8861271711,"15":-1.1504969248,"16":-1.1504969248,"17":-0.0021165596,"18":0.6159418635,"19":-1.1504969248,"20":-1.1504969248,"21":0.6528238532,"22":0.6528238532,"23":0.7720885321,"24":0.8744608804,