{"time":{"0":0.0,"1":0.0161345556,"2":0.0161345556,"3":0.0922452991,"4":0.0922452991,"5":0.5095371422,"6":0.5095371422,"7":0.2255087054,"8":0.2255087054,"9":0.6263812539,"10":0.6263812539,"11":0.9573504442,"12":0.9573504442,"13":0.8525295038,"14":0.8525295038,"15":0.5335989477,"16":0.5335989477,"17":0.2547216432,"18":0.2547216432,"19":0.6925600472,"20":0.6925600472,"21":0.6768944838,"22":0.6768944838,"23":0.9624234197,"24":0.9624234197,"25":1.0946578413,"26":1.0946578413,"27":1.5715365951,"28":1.5715365951,"29":0.9172904774,"30":0.9172904774,"31":0.6601950187,"32":0.6601950187,"33":0.7466608411,"34":0.7466608411,"35":1.1230339956,"36":1.1230339956,"37":0.7719904974,"38":0.7719904974,"39":1.5204122683,"40":1.5204122683,"41":1.8694549338,"42":1.8694549338,"43":1.3999238625,"44":1.3999238625,"45":0.7546347304,"46":0.7546347304,"47":1.7764271303,"48":1.7764271303,"49":1.4825513594,"50":1.4825513594,"51":1.3186530003,"52":1.3186530003,"53":1.3534077162,"54":1.3534077162,"55":1.5188971959,"56":1.5188971959,"57":1.6602080574,"58":1.6602080574,"59":1.7669251769,"60":1.7669251769,"61":1.4257702441,"62":1.4257702441,"63":1.7814745026,"64":1.7814745026,"65":1.8869524853,"66":1.8869524853},"father":{"0":"nan","1":0,"2":0,"3":1,"4":1,"5":2,"6":2,"7":3,"8":3,"9":4,"10":4,"11":5,"12":5,"13":6,"14":6,"15":7,"16":7,"17":8,"18":8,"19":9,"20":9,"21":10,"22":10,"23":11,"24":11,"25":12,"26":12,"27":15,"28":15,"29":16,"30":16,"31":17,"32":17,"33":18,"34":18,"35":19,"36":19,"37":20,"38":20,"39":25,"40":25,"41":28,"42":28,"43":30,"44":30,"45":31,"46":31,"47":33,"48":33,"49":35,"50":35,"51":37,"52":37,"53":38,"54":38,"55":50,"56":50,"57":51,"58":51,"59":52,"60":52,"61":53,"62":53,"63":56,"64":56,"65":63,"66":63},"part_number":{"0":0,"1":1,"2":2,"3":3,"4":4,"5":5,"6":6,"7":7,"8":8,"9":9,"10":10,"11":11,"12":12,"13":13,"14":14,"15":15,"16":16,"17":17,"18":18,"19":19,"20":20,"21":21,"22":22,"23":23,"24":24,"25":25,"26":26,"27":27,"28":28,"29":29,"30":30,"31":31,"32":32,"33":33,"34":34,"35":35,"36":36,"37":37,"38":38,"39":39,"40":40,"41":41,"42":42,"43":43,"44":44,"45":45,"46":46,"47":47,"48":48,"49":49,"50":50,"51":51,"52":52,"53":53,"54":54,"55":55,"56":56,"57":57,"58":58,"59":59,"60":60,"61":61,"62":62,"63":63,"64":64,"65":65,"66":66},"dim":{"0":"nan","1":1,"2":1,"3":0,"4":0,"5":0,"6":0,"7":1,"8":1,"9":1,"10":1,"11":1,"12":1,"13":1,"14":1,"15":0,"16":0,"17":0,"18":0,"19":0,"20":0,"21":0,"22":0,"23":0,"24":0,"25":1,"26":1,"27":1,"28":1,"29":1,"30":1,"31":0,"32":0,"33":0,"34":0,"35":1,"36":1,"37":1,"38":1,"39":0,"40":0,"41":1,"42":1,"43":1,"44":1,"45":1,"46":1,"47":0,"48":0,"49":0,"50":0,"51":0,"52":0,"53":0,"54":0,"55":1,"56":1,"57":0,"58":0,"59":1,"60":1,"61":1,"62":1,"63":0,"64":0,"65":1,"66":1},"distance":{"0":"nan","1":0.042960908,"2":0.042960908,"3":0.0883512593,"4":0.0883512593,"5":0.0613589371,"6":0.0613589371,"7":0.1632397543,"8":0.1632397543,"9":0.052876826,"10":0.052876826,"11":0.0010610765,"12":0.0010610765,"13":0.0005924819,"14":0.0005924819,"15":0.0335698569,"16":0.0335698569,"17":0.0159871963,"18":0.0159871963,"19":0.0992652145,"20":0.0992652145,"21":0.0044582649,"22":0.0044582649,"23":0.0367098872,"24":0.0367098872,"25":0.0043291705,"26":0.0043291705,"27":0.1304845477,"28":0.1304845477,"29":0.021538385,"30":0.021538385,"31":0.0129608193,"32":0.0129608193,"33":0.015511888,"34":0.015511888,"35":0.197510085,"36":0.197510085,"37":0.1447461267,"38":0.1447461267,"39":0.0874935523,"40":0.0874935523,"41":0.0881475037,"42":0.0881475037,"43":0.0258915675,"44":0.0258915675,"45":0.0343907833,"46":0.0343907833,"47":0.0010827193,"48":0.0010827193,"49":0.1145184942,"50":0.1145184942,"51":0.0044463369,"52":0.0044463369,"53":0.0153746596,"54":0.0153746596,"55":0.0078701946,"56":0.0078701946,"57":0.089527685,"58":0.089527685,"59":0.0938629093,"60":0.0938629093,"61":0.1112314136,"62":0.1112314136,"63":0.1393130512,"64":0.1393130512,"65":0.0187450561,"66":0.0187450561},"x":{"0":"nan","1":0.7720885321,"2":0.7720885321,"3":-0.5981401748,"4":-0.5981401748,"5":0.2162424565,"6":0.2162424565,"7":-0.0021165596,"8":-0.0021165596,"9":0.6528238532,"10":0.6528238532,"11":0.911104706,"12":0.911104706,"13":0.8861271711,"14":0.8861271711,"15":-0.9034077979,"16":-0.9034077979,"17":-0.8854708107,"18":-0.8854708107,"19":0.5673055366,"20":0.5673055366,"21":0.6970231264,"22":0.6970231264,"23":-0.459136866,"24":-0.459136866,"25":0.9854764259,"26":0.9854764259,"27":-0.2887787845,"28":-0.2887787845,"29":-0.6943057004,"30":-0.6943057004,"31":-0.9583305641,"32":-0.9583305641,"33":-0.7706204884,"34":-0.7706204884,"35":-0.7079736407,"36":-0.7079736407,"37":-0.1084704274,"38":-0.1084704274,"39":-0.1317821061,"40":-0.1317821061,"41":-0.1707306212,"42":-0.1707306212,"43":-0.5405859418,"44":-0.5405859418,"45":0.213671608,"46":0.213671608,"47":-0.8572900479,"48":-0.8572900479,"49":-0.258053299,"50":-0.258053299,"51":0.7792858554,"52":0.7792858554,"53":0.9177404284,"54":0.9177404284,"55":-1.0393185702,"56":-1.0393185702,"57":0.7276110525,"58":0.7276110525,"59":-0.4185879489,"60":-0.4185879489,"61":0.4695928409,"62":0.4695928409,"63":0.0854793525,"64":0.0854793525,"65":-0.9718815541,"66":-0.9718815541},"leaf":{"0":false,"1":false,"2":false,"3":false,"4":false,"5":false,"6":false,"7":false,"8":false,"9":false,"10":false,"11":false,"12":false,"13":true,"14":true,"15":false,"16":false,"17":false,"18":false,"19":false,"20":false,"21":true,"22":true,"23":true,"24":true,"25":false,"26":true,"27":true,"28":false,"29":true,"30":false,"31":false,"32":true,"33":false,"34":true,"35":false,"36":true,"37":false,"38":false,"39":true,"40":true,"41":true,"42":true,"43":true,"44":true,"45":true,"46":true,"47":true,"48":true,"49":true,"50":false,"51":false,"52":false,"53":false,"54":true,"55":true,"56":false,"57":true,"58":true,"59":true,"60":true,"61":true,"62":true,"63":false,"64":true,"65":true,"66":true},"min0":{"0":-1.2087322039,"1":-1.2087322039,"2":-1.2087322039,"3":-1.2087322039,"4":-0.5981401748,"5":-1.2087322039,"6":0.2162424565,"7":-1.2087322039,"8":-1.2087322039,"9":-0.5981401748,"10":-0.5981401748,"11":-1.2087322039,"12":-1.2087322039,"13":0.2162424565,"14":0.2162424565,"15":-1.2087322039,"16":-0.9034077979,"17":-1.2087322039,"18":-0.8854708107,"19":-0.5981401748,"20":0.5673055366,"21":-0.5981401748,"22":0.6970231264,"23":-1.2087322039,"24":-0.459136866,"25":-1.2087322039,"26":-1.2087322039,"27":-1.2087322039,"28":-1.2087322039,"29":-0.9034077979,"30":-0.9034077979,"31":-1.2087322039,"32":-0.9583305641,"33":-0.8854708107,"34":-0.7706204884,"35":-0.5981401748,"36":-0.5981401748,"37":0.5673055366,"38":0.5673055366,"39":-1.2087322039,"40":-0.1317821061,"41":-1.2087322039,"42":-1.2087322039,"43":-0.9034077979,"44":-0.9034077979,"45":-1.2087322039,"46":-1.2087322039,"47":-0.8854708107,"48":-0.8572900479,"49":-0.5981401748,"50":-0.258053299,"51":0.5673055366,"52":0.7792858554,"53":0.5673055366,"54":0.9177404284,"55":-0.258053299,"56":-0.258053299,"57":0.5673055366,"58":0.7276110525,"59":0.7792858554,"60":0.7792858554,"61":0.5673055366,"62":0.5673055366,"63":-0.258053299,"64":0.0854793525,"65":-0.258053299,"66":-0.258053299},"max0":{"0":1.1842479108,"1":1.1842479108,"2":1.1842479108,"3":-0.5981401748,"4":1.1842479108,"5":0.2162424565,"6":1.1842479108,"7":-0.5981401748,"8":-0.5981401748,"9":1.1842479108,"10":1.1842479108,"11":0.2162424565,"12":0.2162424565,"13":1.1842479108,"14":1.1842479108,"15":-0.9034077979,"16":-0.5981401748,"17":-0.8854708107,"18":-0.5981401748,"19":0.5673055366,"20":1.1842479108,"21":0.6970231264,"22":1.1842479108,"23":-0.459136866,"24":0.2162424565,"25":0.2162424565,"26":0.2162424565,"27":-0.9034077979,"28":-0.9034077979,"29":-0.5981401748,"30":-0.5981401748,"31":-0.9583305641,"32":-0.8854708107,"33":-0.7706204884,"34":-0.5981401748,"35":0.5673055366,"36":0.5673055366,"37":1.1842479108,"38":1.1842479108,"39":-0.1317821061,"40":0.2162424565,"41":-0.9034077979,"42":-0.9034077979,"43":-0.5981401748,"44":-0.5981401748,"45":-0.9583305641,"46":-0.9583305641,"47":-0.8572900479,"48":-0.7706204884,