{"time":{"0":0.0,"1":0.1090548391,"2":0.1090548391,"3":0.643872249,"4":0.643872249,"5":0.3868364033,"6":0.3868364033,"7":0.7272262425,"8":0.7272262425,"9":0.6550132566,"10":0.6550132566,"11":0.6496689366,"12":0.6496689366,"13":0.8575463244,"14":0.8575463244,"15":1.1978213125,"16":1.1978213125,"17":1.1791752807,"18":1.1791752807,"19":0.9799316489,"20":0.9799316489,"21":0.7262890223,"22":0.7262890223,"23":1.5939549728,"24":1.5939549728,"25":0.8252534585,"26":0.8252534585,"27":1.1122745965,"28":1.1122745965,"29":1.8448957843,"30":1.8448957843,"31":1.1749531075,"32":1.1749531075,"33":1.7828289711,"34":1.7828289711,"35":1.0589089752,"36":1.0589089752,"37":2.4403606547,"38":2.4403606547,"39":1.5284177589,"40":1.5284177589,"41":0.9339730531,"42":0.9339730531,"43":2.0196126953,"44":2.0196126953,"45":1.8483421903,"46":1.8483421903,"47":1.4625802838,"48":1.4625802838,"49":1.6337148896,"50":1.6337148896,"51":2.1797951488,"52":2.1797951488,"53":2.0680725658,"54":2.0680725658},"father":{"0":"nan","1":0,"2":0,"3":1,"4":1,"5":2,"6":2,"7":3,"8":3,"9":4,"10":4,"11":5,"12":5,"13":6,"14":6,"15":7,"16":7,"17":8,"18":8,"19":9,"20":9,"21":10,"22":10,"23":11,"24":11,"25":12,"26":12,"27":13,"28":13,"29":15,"30":15,"31":19,"32":19,"33":20,"34":20,"35":21,"36":21,"37":22,"38":22,"39":25,"40":25,"41":26,"42":26,"43":30,"44":30,"45":34,"46":34,"47":35,"48":35,"49":42,"50":42,"51":45,"52":45,"53":48,"54":48},"part_number":{"0":0,"1":1,"2":2,"3":3,"4":4,"5":5,"6":6,"7":7,"8":8,"9":9,"10":10,"11":11,"12":12,"13":13,"14":14,"15":15,"16":16,"17":17,"18":18,"19":19,"20":20,"21":21,"22":22,"23":23,"24":24,"25":25,"26":26,"27":27,"28":28,"29":29,"30":30,"31":31,"32":32,"33":33,"34":34,"35":35,"36":36,"37":37,"38":38,"39":39,"40":40,"41":41,"42":42,"43":43,"44":44,"45":45,"46":46,"47":47,"48":48,"49":49,"50":50,"51":51,"52":52,"53":53,"54":54},"dim":{"0":"nan","1":0,"2":0,"3":1,"4":1,"5":1,"6":1,"7":1,"8":1,"9":0,"10":0,"11":0,"12":0,"13":1,"14":1,"15":1,"16":1,"17":0,"18":0,"19":1,"20":1,"21":0,"22":0,"23":1,"24":1,"25":0,"26":0,"27":0,"28":0,"29":1,"30":1,"31":0,"32":0,"33":1,"34":1,"35":1,"36":1,"37":1,"38":1,"39":0,"40":0,"41":0,"42":0,"43":1,"44":1,"45":1,"46":1,"47":0,"48":0,"49":0,"50":0,"51":0,"52":0,"53":0,"54":0},"distance":{"0":"nan","1":0.0474593641,"2":0.0474593641,"3":0.0913082529,"4":0.0913082529,"5":0.1189503595,"6":0.1189503595,"7":0.0134986494,"8":0.0134986494,"9":0.0061416856,"10":0.0061416856,"11":0.0877769342,"12":0.0877769342,"13":0.0852835442,"14":0.0852835442,"15":0.0088862548,"16":0.0088862548,"17":0.0401885472,"18":0.0401885472,"19":0.0648114206,"20":0.0648114206,"21":0.004087516,"22":0.004087516,"23":0.0257468774,"24":0.0257468774,"25":0.0596522956,"26":0.0596522956,"27":0.0050573742,"28":0.0050573742,"29":0.0090173483,"30":0.0090173483,"31":0.0239259281,"32":0.0239259281,"33":0.0193239625,"34":0.0193239625,"35":0.2101618884,"36":0.2101618884,"37":0.0801754193,"38":0.0801754193,"39":0.0049311921,"40":0.0049311921,"41":0.0200094446,"42":0.0200094446,"43":0.0276432631,"44":0.0276432631,"45":0.0242266896,"46":0.0242266896,"47":0.0125497715,"48":0.0125497715,"49":0.0086113587,"50":0.0086113587,"51":0.0308942421,"52":0.0308942421,"53":0.0067505516,"54":0.0067505516},"x":{"0":"nan","1":1.1612360675,"2":1.1612360675,"3":-0.2548716835,"4":-0.2548716835,"5":0.1419251089,"6":0.1419251089,"7":-0.3784605893,"8":-0.3784605893,"9":-0.0786553097,"10":-0.0786553097,"11":1.4615005306,"12":1.4615005306,"13":0.4066884635,"14":0.4066884635,"15":-0.3920679626,"16":-0.3920679626,"17":0.4997276778,"18":0.4997276778,"19":0.227356446,"20":0.227356446,"21":0.1111014719,"22":0.1111014719,"23":-0.3374300608,"24":-0.3374300608,"25":1.6286593306,"26":1.6286593306,"27":2.0477172542,"28":2.0477172542,"29":-0.4960668921,"30":-0.4960668921,"31":-0.9778677738,"32":-0.9778677738,"33":0.4039861998,"34":0.4039861998,"35":0.7077198884,"36":0.7077198884,"37":0.5030360072,"38":0.5030360072,"39":1.5702172834,"40":1.5702172834,"41":1.8033266274,"42":1.8033266274,"43":-0.4199771617,"44":-0.4199771617,"45":0.6232767457,"46":0.6232767457,"47":0.0373482508,"48":0.0373482508,"49":1.8230883645,"50":1.8230883645,"51":-0.7946103749,"52":-0.7946103749,"53":0.0590882952,"54":0.0590882952},"leaf":{"0":false,"1":false,"2":false,"3":false,"4":false,"5":false,"6":false,"7":false,"8":false,"9":false,"10":false,"11":false,"12":false,"13":false,"14":true,"15":false,"16":true,"17":true,"18":true,"19":false,"20":false,"21":false,"22":false,"23":true,"24":true,"25":false,"26":false,"27":true,"28":true,"29":true,"30":false,"31":true,"32":true,"33":true,"34":false,"35":false,"36":true,"37":true,"38":true,"39":true,"40":true,"41":true,"42":false,"43":true,"44":true,"45":false,"46":true,"47":true,"48":false,"49":true,"50":true,"51":true,"52":true,"53":true,"54":true},"min0":{"0":-1.2392004805,"1":-1.2392004805,"2":1.1612360675,"3":-1.2392004805,"4":-1.2392004805,"5":1.1612360675,"6":1.1612360675,"7":-1.2392004805,"8":-1.2392004805,"9":-1.2392004805,"10":-0.0786553097,"11":1.1612360675,"12":1.4615005306,"13":1.1612360675,"14":1.1612360675,"15":-1.2392004805,"16":-1.2392004805,"17":-1.2392004805,"18":0.4997276778,"19":-1.2392004805,"20":-1.2392004805,"21":-0.0786553097,"22":0.1111014719,"23":1.1612360675,"24":1.1612360675,"25":1.4615005306,"26":1.6286593306,"27":1.1612360675,"28":2.0477172542,"29":-1.2392004805,"30":-1.2392004805,"31":-1.2392004805,"32":-0.9778677738,"33":-1.2392004805,"34":-1.2392004805,"35":-0.0786553097,"36":-0.0786553097,"37":0.1111014719,"38":0.1111014719,"39":1.4615005306,"40":1.5702172834,"41":1.6286593306,"42":1.8033266274,"43":-1.2392004805,"44":-1.2392004805,"45":-1.2392004805,"46":-1.2392004805,"47":-0.0786553097,"48":0.0373482508,"49":1.8033266274,"50":1.8230883645,"51":-1.2392004805,"52":-0.7946103749,"53":0.0373482508,"54":0.0590882952},"max0":{"0":2.2592492586,"1":1.1612360675,"2":2.2592492586,"3":1.1612360675,"4":1.1612360675,"5":2.2592492586,"6":2.2592492586,"7":1.1612360675,"8":1.1612360675,"9":-0.0786553097,"10":1.1612360675,"11":1.4615005306,"12":2.2592492586,"13":2.2592492586,"14":2.2592492586,"15":1.1612360675,"16":1.1612360675,"17":0.4997276778,"18":1.1612360675,"19":-0.0786553097,"20":-0.0786553097,"21":0.1111014719,"22":1.1612360675,"23":1.4615005306,"24":1.4615005306,"25":1.6286593306,"26":2.2592492586,"27":2.0477172542,"28":2.2592492586,"29":1.1612360675,"30":1.1612360675,"31":-0.9778677738,"32":-0.0786553097,"33":-0.0786553097,"34":-0.0786553097,"35":0.1111014719,"36":0.1111014719,"37":1.1612360675,"38":1.1612360675,"39":1.5702172834,"40":1.6286593306,"41":1.8033266274,"42":2.2592492586,"43":1.1612360675,"44":1.1612360675,"45":-0.0786553097,"46":-0.0786553097,"47":0.0373482508,"48":0.1111014719,"49":1.8230883645,"50":2.2592492586,"51":-0.7946103749,"52":-0.0786553097,"53":0.0590882952,"54":0.1111014719},"min1":{"0":-0.7663286535,"1":-0.7663286535,"2":-0.7663286535,"3":-0.7663286535,"4":-0.2548716835,"5":-0.7663286535,"6":0.1419251089,"7":-0.7663286535,"8":-0.3784605893,"9":-0.2548716835,"10":-0.2548716835,"11":-0.7663286535,"12":-0.7663286535,"13":0.1419251089,"14":0.4066884635,"15":-0.7663286535,"16":-0.3920679626,"17":-0.3784605893,"18":-0.3784605893,"19":-0.2548716835,"20":0.227356446,"21":-0.2548716835,"22":-0.2548716835,"23":-0.7663286535,"24":-0.3374300608,"25":-0.7663286535,"26":-0.7663286535,"27":0.1419251089,"28":0.1419251089,"29":-0.7663286535,"30":-0.4960668921,"31":-0.2548716835,"32":-0.2548716835,"33":0.227356446,"34":0.4039861998,"35":-0.2548716835,"36":0.7077198884,"37":-0.2548716835,"38":0.5030360072,"39":-0.7663286535,"40":-0.7663286535,"41":-0.7663286535,"42":-0.7663286535,"43":-0.4960668921,"44":-0.4199771617,"45":0.4039861998,"46":0.6232767457,"47":-0.2548716835,"48":-0.2548716835,"49":-0.7663286535,"50":-0.7663286535,"51":0.4039861998,"52":0.4039861998,"53":-0.2548716835,"54":-0.2548716835},"max1":{"0":1.1204039496,"1":1.1204039496,"2":1.1204039496,"3":-0.2548716835,"4":1.1204039496,"5":0.1419251089,"6":1.1204039496,"7":-0.3784605893,"8":-0.2548716835,