{"time":{"0":0.0,"1":0.2505229202,"2":0.2505229202,"3":0.2556733202,"4":0.2556733202,"5":0.6135238418,"6":0.6135238418,"7":0.413368447,"8":0.413368447,"9":0.6891848504,"10":0.6891848504,"11":1.7008891281,"12":1.7008891281,"13":0.7196464087,"14":0.7196464087,"15":0.4535305154,"16":0.4535305154,"17":0.8445830811,"18":0.8445830811,"19":1.7381852752,"20":1.7381852752,"21":0.7067390121,"22":0.7067390121,"23":2.037208144,"24":2.037208144,"25":1.9854618002,"26":1.9854618002,"27":1.656061345,"28":1.656061345,"29":1.5127692687,"30":1.5127692687,"31":0.4577124143,"32":0.4577124143,"33":2.0354378278,"34":2.0354378278,"35":2.3093608563,"36":2.3093608563,"37":1.1650608039,"38":1.1650608039,"39":1.6422086607,"40":1.6422086607,"41":1.6532247242,"42":1.6532247242,"43":0.7881397557,"44":0.7881397557,"45":2.2848167008,"46":2.2848167008,"47":2.3717873071,"48":2.3717873071,"49":2.407493248,"50":2.407493248,"51":1.3534577434,"52":1.3534577434,"53":1.8768308441,"54":1.8768308441,"55":2.4838593719,"56":2.4838593719,"57":1.8194102955,"58":1.8194102955,"59":2.4997714311,"60":2.4997714311,"61":2.2219868434,"62":2.2219868434},"father":{"0":"nan","1":0,"2":0,"3":1,"4":1,"5":2,"6":2,"7":3,"8":3,"9":4,"10":4,"11":5,"12":5,"13":6,"14":6,"15":7,"16":7,"17":8,"18":8,"19":9,"20":9,"21":10,"22":10,"23":11,"24":11,"25":12,"26":12,"27":13,"28":13,"29":14,"30":14,"31":15,"32":15,"33":19,"34":19,"35":20,"36":20,"37":22,"38":22,"39":29,"40":29,"41":30,"42":30,"43":32,"44":32,"45":33,"46":33,"47":35,"48":35,"49":36,"50":36,"51":38,"52":38,"53":39,"54":39,"55":42,"56":42,"57":43,"58":43,"59":50,"60":50,"61":53,"62":53},"part_number":{"0":0,"1":1,"2":2,"3":3,"4":4,"5":5,"6":6,"7":7,"8":8,"9":9,"10":10,"11":11,"12":12,"13":13,"14":14,"15":15,"16":16,"17":17,"18":18,"19":19,"20":20,"21":21,"22":22,"23":23,"24":24,"25":25,"26":26,"27":27,"28":28,"29":29,"30":30,"31":31,"32":32,"33":33,"34":34,"35":35,"36":36,"37":37,"38":38,"39":39,"40":40,"41":41,"42":42,"43":43,"44":44,"45":45,"46":46,"47":47,"48":48,"49":49,"50":50,"51":51,"52":52,"53":53,"54":54,"55":55,"56":56,"57":57,"58":58,"59":59,"60":60,"61":61,"62":62},"dim":{"0":"nan","1":0,"2":0,"3":1,"4":1,"5":1,"6":1,"7":1,"8":1,"9":1,"10":1,"11":0,"12":0,"13":1,"14":1,"15":1,"16":1,"17":0,"18":0,"19":0,"20":0,"21":1,"22":1,"23":1,"24":1,"25":0,"26":0,"27":1,"28":1,"29":0,"30":0,"31":1,"32":1,"33":0,"34":0,"35":1,"36":1,"37":1,"38":1,"39":0,"40":0,"41":0,"42":0,"43":0,"44":0,"45":1,"46":1,"47":0,"48":0,"49":1,"50":1,"51":1,"52":1,"53":0,"54":0,"55":0,"56":0,"57":0,"58":0,"59":1,"60":1,"61":1,"62":1},"distance":{"0":"nan","1":0.0630586128,"2":0.0630586128,"3":0.0913082529,"4":0.0913082529,"5":0.008309282,"6":0.008309282,"7":0.0134986494,"8":0.0134986494,"9":0.0162362302,"10":0.0162362302,"11":0.1501396239,"12":0.1501396239,"13":0.013598967,"14":0.013598967,"15":0.0088862548,"16":0.0088862548,"17":0.0401885472,"18":0.0401885472,"19":0.004087516,"20":0.004087516,"21":0.0042689064,"22":0.0042689064,"23":0.0257468774,"24":0.0257468774,"25":0.0016258941,"26":0.0016258941,"27":0.0351929741,"28":0.0351929741,"29":0.0286165243,"30":0.0286165243,"31":0.0083156267,"32":0.0083156267,"33":0.0095756191,"34":0.0095756191,"35":0.0801754193,"36":0.0801754193,"37":0.0012065358,"38":0.0012065358,"39":0.0058482606,"40":0.0058482606,"41":0.0243725074,"42":0.0243725074,"43":0.1016660533,"44":0.1016660533,"45":0.1124263501,"46":0.1124263501,"47":0.354775519,"48":0.354775519,"49":0.0079222253,"50":0.0079222253,"51":0.00026729,"52":0.00026729,"53":0.0086113587,"54":0.0086113587,"55":0.0131915166,"56":0.0131915166,"57":0.0117192544,"58":0.0117192544,"59":0.0137625672,"60":0.0137625672,"61":0.1011156355,"62":0.1011156355},"x":{"0":"nan","1":1.105977079,"2":1.105977079,"3":-0.2548716835,"4":-0.2548716835,"5":-0.2638769204,"6":-0.2638769204,"7":-0.3784605893,"8":-0.3784605893,"9":0.9597259445,"10":0.9597259445,"11":1.4926818754,"12":1.4926818754,"13":-0.1851811305,"14":-0.1851811305,"15":-0.3920679626,"16":-0.3920679626,"17":0.4997276778,"18":0.4997276778,"19":0.1111014719,"20":0.1111014719,"21":0.9827797452,"22":0.9827797452,"23":-0.3374300608,"24":-0.3374300608,"25":1.5734958265,"26":1.5734958265,"27":-0.225939746,"28":-0.225939746,"29":1.9524949104,"30":1.9524949104,"31":-0.5047333797,"32":-0.5047333797,"33":-0.8052696864,"34":-0.8052696864,"35":0.5030360072,"36":0.5030360072,"37":0.9893781198,"38":0.9893781198,"39":1.8321026775,"40":1.8321026775,"41":2.0179668067,"42":2.0179668067,"43":0.7656978676,"44":0.7656978676,"45":0.2511639108,"46":0.2511639108,"47":0.5857779347,"48":0.5857779347,"49":0.6344061406,"50":0.6344061406,"51":1.0053107705,"52":1.0053107705,"53":1.8230883645,"54":1.8230883645,"55":2.0385928089,"56":2.0385928089,"57":0.6390994218,"58":0.6390994218,"59":0.7284143007,"60":0.7284143007,"61":0.0171924142,"62":0.0171924142},"leaf":{"0":false,"1":false,"2":false,"3":false,"4":false,"5":false,"6":false,"7":false,"8":false,"9":false,"10":false,"11":false,"12":false,"13":false,"14":false,"15":false,"16":true,"17":true,"18":true,"19":false,"20":false,"21":true,"22":false,"23":true,"24":true,"25":true,"26":true,"27":true,"28":true,"29":false,"30":false,"31":true,"32":false,"33":false,"34":true,"35":false,"36":false,"37":true,"38":false,"39":false,"40":true,"41":true,"42":false,"43":false,"44":true,"45":true,"46":true,"47":true,"48":true,"49":true,"50":false,"51":true,"52":true,"53":false,"54":true,"55":true,"56":true,"57":true,"58":true,"59":true,"60":true,"61":true,"62":true},"min0":{"0":-1.2392004805,"1":-1.2392004805,"2":1.105977079,"3":-1.2392004805,"4":-1.2392004805,"5":1.105977079,"6":1.105977079,"7":-1.2392004805,"8":-1.2392004805,"9":-1.2392004805,"10":-1.2392004805,"11":1.105977079,"12":1.4926818754,"13":1.105977079,"14":1.105977079,"15":-1.2392004805,"16":-1.2392004805,"17":-1.2392004805,"18":0.4997276778,"19":-1.2392004805,"20":0.1111014719,"21":-1.2392004805,"22":-1.2392004805,"23":1.105977079,"24":1.105977079,"25":1.4926818754,"26":1.5734958265,"27":1.105977079,"28":1.105977079,"29":1.105977079,"30":1.9524949104,"31":-1.2392004805,"32":-1.2392004805,"33":-1.2392004805,"34":-0.8052696864,"35":0.1111014719,"36":0.1111014719,"37":-1.2392004805,"38":-1.2392004805,"39":1.105977079,"40":1.8321026775,"41":1.9524949104,"42":2.0179668067,"43":-1.2392004805,"44":0.7656978676,"45":-1.2392004805,"46":-1.2392004805,"47":0.1111014719,"48":0.5857779347,"49":0.1111014719,"50":0.1111014719,"51":-1.2392004805,"52":-1.2392004805,"53":1.105977079,"54":1.8230883645,"55":2.0179668067,"56":2.0385928089,"57":-1.2392004805,"58":0.6390994218,"59":0.1111014719,"60":0.1111014719,"61":1.105977079,"62":1.105977079},"max0":{"0":2.2592492586,"1":1.105977079,"2":2.2592492586,"3":1.105977079,"4":1.105977079,"5":2.2592492586,"6":2.2592492586,"7":1.105977079,"8":1.105977079,"9":1.105977079,"10":1.105977079,"11":1.4926818754,"12":2.2592492586,"13":2.2592492586,"14":2.2592492586,"15":1.105977079,"16":1.105977079,"17":0.4997276778,"18":1.105977079,"19":0.1111014719,"20":1.105977079,"21":1.105977079,"22":1.105977079,"23":1.4926818754,"24":1.4926818754,"25":1.5734958265,"26":2.2592492586,"27":2.2592492586,"28":2.2592492586,"29":1.9524949104,"30":2.2592492586,"31":1.105977079,"32":1.105977079,"33":-0.8052696864,"34":0.1111014719,"35":1.105977079,"36":1.105977079,"37":1.105977079,"38":1.105977079,"39":1.8321026775,"40":1.9524949104,"41":2.0179668067,"42":2.2592492586,"43":0.7656978676,"44":1.105977079,"45":-0.8052696864,"46":-0.8052696864,"47":0.5857779347,"48":1.105977079,"49":1.105977079,"50":1.105977079,"51":1.105977079,"52":1.105977079,"53":1.8230883645,"54":1.8321026775,"55":2.0385928089,"56":2.2592492586,"57":0.6390994218,"58":0.7656978676,"59":1.105977079,"60":1.105977079,"61":1.8230883645,"62":1.8230883645},"min1":{"0":-0.7663286535,"1":-0.7663286535,"2":-0.7663286535,"3":-0.7663286535,"4":-0.2548716835,"5":-0.7663286535,"6":-0.2638769204,"7":-0.7663286535,"8":-0.3784605893,"9":-0.2548716835,"10":0.9597259445,"11":-0.7663286535,"12":-0.7663286535,"13":-0.2638769204,"14":-0.1851811305,