{"time":{"0":0.0,"1":0.1540838356,"2":0.1540838356,"3":0.1953470545,"4":0.1953470545,"5":0.8574616276,"6":0.8574616276,"7":1.4057731101,"8":1.4057731101,"9":0.3532090145,"10":0.3532090145,"11":0.8742898159,"12":0.8742898159,"13":1.5991646828,"14":1.5991646828,"15":0.9025592387,"16":0.9025592387,"17":0.7546452158,"18":0.7546452158,"19":1.4934950719,"20":1.4934950719,"21":1.6588985374,"22":1.6588985374,"23":1.1279718769,"24":1.1279718769,"25":0.9267155167,"26":0.9267155167,"27":1.3936899803,"28":1.3936899803,"29":1.4683572677,"30":1.4683572677,"31":1.1282699936,"32":1.1282699936,"33":1.6507179445,"34":1.6507179445,"35":1.7237904086,"36":1.7237904086,"37":1.9966402723,"38":1.9966402723},"father":{"0":"nan","1":0,"2":0,"3":1,"4":1,"5":2,"6":2,"7":3,"8":3,"9":4,"10":4,"11":5,"12":5,"13":7,"14":7,"15":9,"16":9,"17":10,"18":10,"19":11,"20":11,"21":12,"22":12,"23":16,"24":16,"25":17,"26":17,"27":18,"28":18,"29":24,"30":24,"31":25,"32":25,"33":28,"34":28,"35":31,"36":31,"37":35,"38":35},"part_number":{"0":0,"1":1,"2":2,"3":3,"4":4,"5":5,"6":6,"7":7,"8":8,"9":9,"10":10,"11":11,"12":12,"13":13,"14":14,"15":15,"16":16,"17":17,"18":18,"19":19,"20":20,"21":21,"22":22,"23":23,"24":24,"25":25,"26":26,"27":27,"28":28,"29":29,"30":30,"31":31,"32":32,"33":33,"34":34,"35":35,"36":36,"37":37,"38":38},"dim":{"0":"nan","1":1,"2":1,"3":0,"4":0,"5":0,"6":0,"7":1,"8":1,"9":1,"10":1,"11":0,"12":0,"13":1,"14":1,"15":0,"16":0,"17":0,"18":0,"19":0,"20":0,"21":1,"22":1,"23":1,"24":1,"25":0,"26":0,"27":1,"28":1,"29":0,"30":0,"31":1,"32":1,"33":0,"34":0,"35":1,"36":1,"37":1,"38":1},"distance":{"0":"nan","1":0.0301532816,"2":0.0301532816,"3":0.0883512593,"4":0.0883512593,"5":0.0908671222,"6":0.0908671222,"7":0.1632397543,"8":0.1632397543,"9":0.0920341674,"10":0.0920341674,"11":0.0613589371,"12":0.0613589371,"13":0.0544956208,"14":0.0544956208,"15":0.1145184942,"16":0.1145184942,"17":0.0992652145,"18":0.0992652145,"19":0.0907168354,"20":0.0907168354,"21":0.0005924819,"22":0.0005924819,"23":0.0078701946,"24":0.0078701946,"25":0.0223041651,"26":0.0223041651,"27":0.1447461267,"28":0.1447461267,"29":0.1393130512,"30":0.1393130512,"31":0.019081311,"32":0.019081311,"33":0.0153746596,"34":0.0153746596,"35":0.1095918653,"36":0.1095918653,"37":0.0071920751,"38":0.0071920751},"x":{"0":"nan","1":0.6414620811,"2":0.6414620811,"3":-0.5981401748,"4":-0.5981401748,"5":0.615550229,"6":0.615550229,"7":-0.0021165596,"8":-0.0021165596,"9":-0.7607115995,"10":-0.7607115995,"11":0.2162424565,"12":0.2162424565,"13":-0.4801537414,"14":-0.4801537414,"15":-0.258053299,"16":-0.258053299,"17":0.5673055366,"18":0.5673055366,"19":-0.6737188444,"20":-0.6737188444,"21":0.8861271711,"22":0.8861271711,"23":-1.0393185702,"24":-1.0393185702,"25":0.0012804075,"26":0.0012804075,"27":-0.1084704274,"28":-0.1084704274,"29":0.0854793525,"30":0.0854793525,"31":0.3691436902,"32":0.3691436902,"33":0.9177404284,"34":0.9177404284,"35":-0.2698749073,"36":-0.2698749073,"37":-0.3615282907,"38":-0.3615282907},"leaf":{"0":false,"1":false,"2":false,"3":false,"4":false,"5":false,"6":true,"7":false,"8":true,"9":false,"10":false,"11":false,"12":false,"13":true,"14":true,"15":true,"16":false,"17":false,"18":false,"19":true,"20":true,"21":true,"22":true,"23":true,"24":false,"25":false,"26":true,"27":true,"28":false,"29":true,"30":true,"31":false,"32":true,"33":true,"34":true,"35":false,"36":true,"37":true,"38":true},"min0":{"0":-1.2087322039,"1":-1.2087322039,"2":-1.2087322039,"3":-1.2087322039,"4":-0.5981401748,"5":-1.2087322039,"6":0.615550229,"7":-1.2087322039,"8":-1.2087322039,"9":-0.5981401748,"10":-0.5981401748,"11":-1.2087322039,"12":0.2162424565,"13":-1.2087322039,"14":-1.2087322039,"15":-0.5981401748,"16":-0.258053299,"17":-0.5981401748,"18":0.5673055366,"19":-1.2087322039,"20":-0.6737188444,"21":0.2162424565,"22":0.2162424565,"23":-0.258053299,"24":-0.258053299,"25":-0.5981401748,"26":0.0012804075,"27":0.5673055366,"28":0.5673055366,"29":-0.258053299,"30":0.0854793525,"31":-0.5981401748,"32":-0.5981401748,"33":0.5673055366,"34":0.9177404284,"35":-0.5981401748,"36":-0.5981401748,"37":-0.5981401748,"38":-0.5981401748},"max0":{"0":1.1842479108,"1":1.1842479108,"2":1.1842479108,"3":-0.5981401748,"4":1.1842479108,"5":0.615550229,"6":1.1842479108,"7":-0.5981401748,"8":-0.5981401748,"9":1.1842479108,"10":1.1842479108,"11":0.2162424565,"12":0.615550229,"13":-0.5981401748,"14":-0.5981401748,"15":-0.258053299,"16":1.1842479108,"17":0.5673055366,"18":1.1842479108,"19":-0.6737188444,"20":0.2162424565,"21":0.615550229,"22":0.615550229,"23":1.1842479108,"24":1.1842479108,"25":0.0012804075,"26":0.5673055366,"27":1.1842479108,"28":1.1842479108,"29":0.0854793525,"30":1.1842479108,"31":0.0012804075,"32":0.0012804075,"33":0.9177404284,"34":1.1842479108,"35":0.0012804075,"36":0.0012804075,"37":0.0012804075,"38":0.0012804075},"min1":{"0":-1.1504969248,"1":-1.1504969248,"2":0.6414620811,"3":-1.1504969248,"4":-1.1504969248,"5":0.6414620811,"6":0.6414620811,"7":-1.1504969248,"8":-0.0021165596,"9":-1.1504969248,"10":-0.7607115995,"11":0.6414620811,"12":0.6414620811,"13":-1.1504969248,"14":-0.4801537414,"15":-1.1504969248,"16":-1.1504969248,"17":-0.7607115995,"18":-0.7607115995,"19":0.6414620811,"20":0.6414620811,"21":0.6414620811,"22":0.8861271711,"23":-1.1504969248,"24":-1.0393185702,"25":-0.7607115995,"26":-0.7607115995,"27":-0.7607115995,"28":-0.1084704274,"29":-1.0393185702,"30":-1.0393185702,"31":-0.7607115995,"32":0.3691436902,"33":-0.1084704274,"34":-0.1084704274,"35":-0.7607115995,"36":-0.2698749073,"37":-0.7607115995,"38":-0.3615282907},"max1":{"0":1.1224752717,"1":0.6414620811,"2":1.1224752717,"3":0.6414620811,"4":0.6414620811,"5":1.1224752717,"6":1.1224752717,"7":-0.0021165596,"8":0.6414620811,"9":-0.7607115995,"10":0.6414620811,"11":1.1224752717,"12":1.1224752717,"13":-0.4801537414,"14":-0.0021165596,"15":-0.7607115995,"16":-0.7607115995,"17":0.6414620811,"18":0.6414620811,"19":1.1224752717,"20":1.1224752717,"21":0.8861271711,"22":1.1224752717,"23":-1.0393185702,"24":-0.7607115995,"25":0.6414620811,"26":0.6414620811,"27":-0.1084704274,"28":0.6414620811,"29":-0.7607115995,"30":-0.7607115995,"31":0.3691436902,"32":0.6414620811,"33":0.6414620811,"34":0.6414620811,"35":-0.2698749073,"36":0.3691436902,"37":-0.3615282907,"38":-0.2698749073}}