{"time":{"0":0.0,"1":0.3469827291,"2":0.3469827291,"3":0.6669983703,"4":0.6669983703,"5":0.9343599532,"6":0.9343599532,"7":0.8399577116,"8":0.8399577116,"9":1.1689730498,"10":1.1689730498,"11":1.0890728396,"12":1.0890728396,"13":1.0163577339,"14":1.0163577339,"15":0.9073183791,"16":0.9073183791,"17":1.3560900928,"18":1.3560900928,"19":1.4634552185,"20":1.4634552185,"21":1.2730927472,"22":1.2730927472,"23":1.3029655618,"24":1.3029655618,"25":1.3178029707,"26":1.3178029707,"27":0.9274877263,"28":0.9274877263,"29":1.7023482894,"30":1.7023482894,"31":1.7628489576,"32":1.7628489576,"33":1.2988151168,"34":1.2988151168,"35":1.4166636072,"36":1.4166636072,"37":1.2610501651,"38":1.2610501651,"39":2.4911627059,"40":2.4911627059,"41":1.3189698746,"42":1.3189698746,"43":2.0400263193,"44":2.0400263193,"45":1.5221721535,"46":1.5221721535,"47":1.4991163948,"48":1.4991163948,"49":1.7201222337,"50":1.7201222337,"51":2.3038211155,"52":2.3038211155,"53":1.5364167024,"54":1.5364167024,"55":1.6273951165,"56":1.6273951165},"father":{"0":"nan","1":0,"2":0,"3":1,"4":1,"5":2,"6":2,"7":3,"8":3,"9":4,"10":4,"11":5,"12":5,"13":6,"14":6,"15":7,"16":7,"17":8,"18":8,"19":9,"20":9,"21":10,"22":10,"23":11,"24":11,"25":14,"26":14,"27":15,"28":15,"29":19,"30":19,"31":20,"32":20,"33":21,"34":21,"35":22,"36":22,"37":28,"38":28,"39":31,"40":31,"41":33,"42":33,"43":34,"44":34,"45":36,"46":36,"47":38,"48":38,"49":41,"50":41,"51":42,"52":42,"53":46,"54":46,"55":54,"56":54},"part_number":{"0":0,"1":1,"2":2,"3":3,"4":4,"5":5,"6":6,"7":7,"8":8,"9":9,"10":10,"11":11,"12":12,"13":13,"14":14,"15":15,"16":16,"17":17,"18":18,"19":19,"20":20,"21":21,"22":22,"23":23,"24":24,"25":25,"26":26,"27":27,"28":28,"29":29,"30":30,"31":31,"32":32,"33":33,"34":34,"35":35,"36":36,"37":37,"38":38,"39":39,"40":40,"41":41,"42":42,"43":43,"44":44,"45":45,"46":46,"47":47,"48":48,"49":49,"50":50,"51":51,"52":52,"53":53,"54":54,"55":55,"56":56},"dim":{"0":"nan","1":0,"2":0,"3":1,"4":1,"5":1,"6":1,"7":1,"8":1,"9":1,"10":1,"11":0,"12":0,"13":0,"14":0,"15":1,"16":1,"17":0,"18":0,"19":0,"20":0,"21":1,"22":1,"23":1,"24":1,"25":0,"26":0,"27":1,"28":1,"29":1,"30":1,"31":0,"32":0,"33":0,"34":0,"35":1,"36":1,"37":0,"38":0,"39":0,"40":0,"41":1,"42":1,"43":1,"44":1,"45":1,"46":1,"47":1,"48":1,"49":0,"50":0,"51":0,"52":0,"53":1,"54":1,"55":1,"56":1},"distance":{"0":"nan","1":0.0474593641,"2":0.0474593641,"3":0.0913082529,"4":0.0913082529,"5":0.1189503595,"6":0.1189503595,"7":0.0134986494,"8":0.0134986494,"9":0.013146255,"10":0.013146255,"11":0.0877769342,"12":0.0877769342,"13":0.0286165243,"14":0.0286165243,"15":0.0088862548,"16":0.0088862548,"17":0.0401885472,"18":0.0401885472,"19":1.0724923234,"20":1.0724923234,"21":0.0162362302,"22":0.0162362302,"23":0.0257468774,"24":0.0257468774,"25":0.0243725074,"26":0.0243725074,"27":0.0083156267,"28":0.0083156267,"29":0.0203888036,"30":0.0203888036,"31":0.5285542028,"32":0.5285542028,"33":0.1851228785,"34":0.1851228785,"35":0.0099345742,"36":0.0099345742,"37":0.1016660533,"38":0.1016660533,"39":0.0162473928,"40":0.0162473928,"41":0.0242266896,"42":0.0242266896,"43":0.0801754193,"44":0.0801754193,"45":0.0038606535,"46":0.0038606535,"47":0.0251218884,"48":0.0251218884,"49":0.623599588,"50":0.623599588,"51":0.0769127781,"52":0.0769127781,"53":0.0149724163,"54":0.0149724163,"55":0.00026729,"56":0.00026729},"x":{"0":"nan","1":1.1612360675,"2":1.1612360675,"3":-0.2548716835,"4":-0.2548716835,"5":0.1419251089,"6":0.1419251089,"7":-0.3784605893,"8":-0.3784605893,"9":0.0751632184,"10":0.0751632184,"11":1.4615005306,"12":1.4615005306,"13":1.9524949104,"14":1.9524949104,"15":-0.3920679626,"16":-0.3920679626,"17":0.4997276778,"18":0.4997276778,"19":-0.4296586481,"20":-0.4296586481,"21":0.9597259445,"22":0.9597259445,"23":-0.3374300608,"24":-0.3374300608,"25":2.0179668067,"26":2.0179668067,"27":-0.5047333797,"28":-0.5047333797,"29":0.0203333113,"30":0.0203333113,"31":0.6726672766,"32":0.6726672766,"33":0.2057066691,"34":0.2057066691,"35":0.9756780049,"36":0.9756780049,"37":0.7656978676,"38":0.7656978676,"39":0.1171814103,"40":0.1171814103,"41":0.6232767457,"42":0.6232767457,"43":0.5030360072,"44":0.5030360072,"45":0.9868445252,"46":0.9868445252,"47":-0.467882765,"48":-0.467882765,"49":-0.4673634598,"50":-0.4673634598,"51":-0.6624387962,"52":-0.6624387962,"53":0.9974675958,"54":0.9974675958,"55":1.0053107705,"56":1.0053107705},"leaf":{"0":false,"1":false,"2":false,"3":false,"4":false,"5":false,"6":false,"7":false,"8":false,"9":false,"10":false,"11":false,"12":true,"13":true,"14":false,"15":false,"16":true,"17":true,"18":true,"19":false,"20":false,"21":false,"22":false,"23":true,"24":true,"25":true,"26":true,"27":true,"28":false,"29":true,"30":true,"31":false,"32":true,"33":false,"34":false,"35":true,"36":false,"37":true,"38":false,"39":true,"40":true,"41":false,"42":false,"43":true,"44":true,"45":true,"46":false,"47":true,"48":true,"49":true,"50":true,"51":true,"52":true,"53":true,"54":false,"55":true,"56":true},"min0":{"0":-1.2392004805,"1":-1.2392004805,"2":1.1612360675,"3":-1.2392004805,"4":-1.2392004805,"5":1.1612360675,"6":1.1612360675,"7":-1.2392004805,"8":-1.2392004805,"9":-1.2392004805,"10":-1.2392004805,"11":1.1612360675,"12":1.4615005306,"13":1.1612360675,"14":1.9524949104,"15":-1.2392004805,"16":-1.2392004805,"17":-1.2392004805,"18":0.4997276778,"19":-1.2392004805,"20":-0.4296586481,"21":-1.2392004805,"22":-1.2392004805,"23":1.1612360675,"24":1.1612360675,"25":1.9524949104,"26":2.0179668067,"27":-1.2392004805,"28":-1.2392004805,"29":-1.2392004805,"30":-1.2392004805,"31":-0.4296586481,"32":0.6726672766,"33":-1.2392004805,"34":0.2057066691,"35":-1.2392004805,"36":-1.2392004805,"37":-1.2392004805,"38":0.7656978676,"39":-0.4296586481,"40":0.1171814103,"41":-1.2392004805,"42":-1.2392004805,"43":0.2057066691,"44":0.2057066691,"45":-1.2392004805,"46":-1.2392004805,"47":0.7656978676,"48":0.7656978676,"49":-1.2392004805,"50":-0.4673634598,"51":-1.2392004805,"52":-0.6624387962,"53":-1.2392004805,"54":-1.2392004805,"55":-1.2392004805,"56":-1.2392004805},"max0":{"0":2.2592492586,"1":1.1612360675,"2":2.2592492586,"3":1.1612360675,"4":1.1612360675,"5":2.2592492586,"6":2.2592492586,"7":1.1612360675,"8":1.1612360675,"9":1.1612360675,"10":1.1612360675,"11":1.4615005306,"12":2.2592492586,"13":1.9524949104,"14":2.2592492586,"15":1.1612360675,"16":1.1612360675,"17":0.4997276778,"18":1.1612360675,"19":-0.4296586481,"20":1.1612360675,"21":1.1612360675,"22":1.1612360675,"23":1.4615005306,"24":1.4615005306,"25":2.0179668067,"26":2.2592492586,"27":1.1612360675,"28":1.1612360675,"29":-0.4296586481,"30":-0.4296586481,"31":0.6726672766,"32":1.1612360675,"33":0.2057066691,"34":1.1612360675,"35":1.1612360675,"36":1.1612360675,"37":0.7656978676,"38":1.1612360675,"39":0.1171814103,"40":0.6726672766,"41":0.2057066691,"42":0.2057066691,"43":1.1612360675,"44":1.1612360675,"45":1.1612360675,"46":1.1612360675,"47":1.1612360675,"48":1.1612360675,"49":-0.4673634598,"50":0.2057066691,"51":-0.6624387962,"52":0.2057066691,"53":1.1612360675,"54":1.1612360675,"55":1.1612360675,"56":1.1612360675},"min1":{"0":-0.7663286535,"1":-0.7663286535,"2":-0.7663286535,"3":-0.7663286535,"4":-0.2548716835,"5":-0.7663286535,"6":0.1419251089,"7":-0.7663286535,"8":-0.3784605893,"9":-0.2548716835,"10":0.0751632184,"11":-0.7663286535,"12":-0.7663286535,"13":0.1419251089,"14":0.1419251089,"15":-0.7663286535,"16":-0.3920679626,"17":-0.3784605893,"18":-0.3784605893,"19":-0.2548716835,"20":-0.2548716835,"21":0.0751632184,"22":0.9597259445,"23":-0.7663286535,"24":-0.3374300608,"25":0.1419251089,"26":0.1419251089,"27":-0.7663286535,"28":-0.5047333797,"29":-0.2548716835,"30":0.0203333113,"31":-0.2548716835,"32":-0.2548716835,"33":0.0751632184,"34":0.0751632184,"35":0.9597259445,"36":0.9756780049,"37":-0.5047333797,"38":-0.5047333797,"39":-0.2548716835,"40":-0.2548716835,"41":0.0751632184,"42":0.6232767457,"43":0.0751632184,"44":0.5030360072,"45":0.9756780049,"46":0.9868445252,"47":-0.5047333797,"48":-0.467882765,"49":0.0751632184,"50":0.0751632184,