{"time":{"0":0.0,"1":0.0296656636,"2":0.0296656636,"3":0.1879049401,"4":0.1879049401,"5":0.3382965358,"6":0.3382965358,"7":0.4948322633,"8":0.4948322633,"9":0.598121418,"10":0.598121418,"11":0.6159133324,"12":0.6159133324,"13":0.3471867917,"14":0.3471867917,"15":0.4980767703,"16":0.4980767703,"17":0.9392936968,"18":0.9392936968,"19":1.0005042484,"20":1.0005042484,"21":0.719708953,"22":0.719708953,"23":0.6377962146,"24":0.6377962146,"25":0.668783155,"26":0.668783155,"27":0.7061831903,"28":0.7061831903,"29":0.518554867,"30":0.518554867,"31":1.3931750921,"32":1.3931750921,"33":1.100025915,"34":1.100025915,"35":0.9014420626,"36":0.9014420626,"37":1.2654262224,"38":1.2654262224,"39":0.7369123915,"40":0.7369123915,"41":1.3448983622,"42":1.3448983622,"43":0.7789791564,"44":0.7789791564,"45":1.4067273122,"46":1.4067273122,"47":1.416307615,"48":1.416307615,"49":2.4304143177,"50":2.4304143177,"51":1.5072957506,"52":1.5072957506,"53":1.4474877817,"54":1.4474877817,"55":1.2355085412,"56":1.2355085412,"57":2.1301096689,"58":2.1301096689,"59":1.4299458523,"60":1.4299458523,"61":1.0085293626,"62":1.0085293626,"63":0.9499315209,"64":0.9499315209,"65":1.4411884803,"66":1.4411884803,"67":1.9308799051,"68":1.9308799051,"69":2.0474251535,"70":2.0474251535,"71":2.0451113969,"72":2.0451113969,"73":2.2636316829,"74":2.2636316829},"father":{"0":"nan","1":0,"2":0,"3":1,"4":1,"5":2,"6":2,"7":3,"8":3,"9":4,"10":4,"11":5,"12":5,"13":6,"14":6,"15":7,"16":7,"17":8,"18":8,"19":9,"20":9,"21":10,"22":10,"23":11,"24":11,"25":13,"26":13,"27":14,"28":14,"29":15,"30":15,"31":19,"32":19,"33":20,"34":20,"35":22,"36":22,"37":25,"38":25,"39":26,"40":26,"41":28,"42":28,"43":30,"44":30,"45":31,"46":31,"47":32,"48":32,"49":33,"50":33,"51":34,"52":34,"53":36,"54":36,"55":39,"56":39,"57":40,"58":40,"59":42,"60":42,"61":43,"62":43,"63":44,"64":44,"65":47,"66":47,"67":51,"68":51,"69":54,"70":54,"71":67,"72":67,"73":71,"74":71},"part_number":{"0":0,"1":1,"2":2,"3":3,"4":4,"5":5,"6":6,"7":7,"8":8,"9":9,"10":10,"11":11,"12":12,"13":13,"14":14,"15":15,"16":16,"17":17,"18":18,"19":19,"20":20,"21":21,"22":22,"23":23,"24":24,"25":25,"26":26,"27":27,"28":28,"29":29,"30":30,"31":31,"32":32,"33":33,"34":34,"35":35,"36":36,"37":37,"38":38,"39":39,"40":40,"41":41,"42":42,"43":43,"44":44,"45":45,"46":46,"47":47,"48":48,"49":49,"50":50,"51":51,"52":52,"53":53,"54":54,"55":55,"56":56,"57":57,"58":58,"59":59,"60":60,"61":61,"62":62,"63":63,"64":64,"65":65,"66":66,"67":67,"68":68,"69":69,"70":70,"71":71,"72":72,"73":73,"74":74},"dim":{"0":"nan","1":0,"2":0,"3":1,"4":1,"5":0,"6":0,"7":1,"8":1,"9":1,"10":1,"11":1,"12":1,"13":1,"14":1,"15":1,"16":1,"17":0,"18":0,"19":1,"20":1,"21":1,"22":1,"23":0,"24":0,"25":0,"26":0,"27":0,"28":0,"29":1,"30":1,"31":0,"32":0,"33":0,"34":0,"35":1,"36":1,"37":0,"38":0,"39":0,"40":0,"41":0,"42":0,"43":0,"44":0,"45":1,"46":1,"47":0,"48":0,"49":1,"50":1,"51":1,"52":1,"53":1,"54":1,"55":1,"56":1,"57":0,"58":0,"59":0,"60":0,"61":0,"62":0,"63":0,"64":0,"65":0,"66":0,"67":0,"68":0,"69":1,"70":1,"71":0,"72":0,"73":1,"74":1},"distance":{"0":"nan","1":0.0474593641,"2":0.0474593641,"3":0.0913082529,"4":0.0913082529,"5":0.0877769342,"6":0.0877769342,"7":0.0134986494,"8":0.0134986494,"9":0.0162362302,"10":0.0162362302,"11":0.0257468774,"12":0.0257468774,"13":0.1189503595,"14":0.1189503595,"15":0.0088862548,"16":0.0088862548,"17":0.0401885472,"18":0.0401885472,"19":0.013146255,"20":0.013146255,"21":0.0099345742,"22":0.0099345742,"23":0.0041338735,"24":0.0041338735,"25":0.0596522956,"26":0.0596522956,"27":0.0286165243,"28":0.0286165243,"29":0.0083156267,"30":0.0083156267,"31":1.0724923234,"32":1.0724923234,"33":0.1851228785,"34":0.1851228785,"35":0.0038606535,"36":0.0038606535,"37":0.0049311921,"38":0.0049311921,"39":0.0200094446,"40":0.0200094446,"41":0.0243725074,"42":0.0243725074,"43":0.1016660533,"44":0.1016660533,"45":0.0203888036,"46":0.0203888036,"47":0.5285542028,"48":0.5285542028,"49":0.0203263609,"50":0.0203263609,"51":0.0801754193,"52":0.0801754193,"53":0.0149724163,"54":0.0149724163,"55":0.013598967,"56":0.013598967,"57":0.007632764,"58":0.007632764,"59":0.0050573742,"60":0.0050573742,"61":0.0117192544,"62":0.0117192544,"63":0.09630799,"64":0.09630799,"65":0.0162473928,"66":0.0162473928,"67":0.011242931,"68":0.011242931,"69":0.00026729,"70":0.00026729,"71":0.0160331132,"72":0.0160331132,"73":0.0509451498,"74":0.0509451498},"x":{"0":"nan","1":1.1612360675,"2":1.1612360675,"3":-0.2548716835,"4":-0.2548716835,"5":1.4615005306,"6":1.4615005306,"7":-0.3784605893,"8":-0.3784605893,"9":0.9597259445,"10":0.9597259445,"11":-0.3374300608,"12":-0.3374300608,"13":0.1419251089,"14":0.1419251089,"15":-0.3920679626,"16":-0.3920679626,"17":0.4997276778,"18":0.4997276778,"19":0.0751632184,"20":0.0751632184,"21":0.9756780049,"22":0.9756780049,"23":1.3150783164,"24":1.3150783164,"25":1.6286593306,"26":1.6286593306,"27":1.9524949104,"28":1.9524949104,"29":-0.5047333797,"30":-0.5047333797,"31":-0.4296586481,"32":-0.4296586481,"33":0.2057066691,"34":0.2057066691,"35":0.9868445252,"36":0.9868445252,"37":1.5702172834,"38":1.5702172834,"39":1.8033266274,"40":1.8033266274,"41":2.0179668067,"42":2.0179668067,"43":0.7656978676,"44":0.7656978676,"45":0.0203333113,"46":0.0203333113,"47":0.6726672766,"48":0.6726672766,"49":0.2972139054,"50":0.2972139054,"51":0.5030360072,"52":0.5030360072,"53":0.9974675958,"54":0.9974675958,"55":-0.1851811305,"56":-0.1851811305,"57":1.8312104258,"58":1.8312104258,"59":2.0477172542,"60":2.0477172542,"61":0.6390994218,"62":0.6390994218,"63":0.9825670042,"64":0.9825670042,"65":0.1171814103,"66":0.1171814103,"67":0.9271188423,"68":0.9271188423,"69":1.0053107705,"70":1.0053107705,"71":0.9130763311,"72":0.9130763311,"73":0.1991762531,"74":0.1991762531},"leaf":{"0":false,"1":false,"2":false,"3":false,"4":false,"5":false,"6":false,"7":false,"8":false,"9":false,"10":false,"11":false,"12":true,"13":false,"14":false,"15":false,"16":true,"17":true,"18":true,"19":false,"20":false,"21":true,"22":false,"23":true,"24":true,"25":false,"26":false,"27":true,"28":false,"29":true,"30":false,"31":false,"32":false,"33":false,"34":false,"35":true,"36":false,"37":true,"38":true,"39":false,"40":false,"41":true,"42":false,"43":false,"44":false,"45":true,"46":true,"47":false,"48":true,"49":true,"50":true,"51":false,"52":true,"53":true,"54":false,"55":true,"56":true,"57":true,"58":true,"59":true,"60":true,"61":true,"62":true,"63":true,"64":true,"65":true,"66":true,"67":false,"68":true,"69":true,"70":true,"71":false,"72":true,"73":true,"74":true},"min0":{"0":-1.2392004805,"1":-1.2392004805,"2":1.1612360675,"3":-1.2392004805,"4":-1.2392004805,"5":1.1612360675,"6":1.4615005306,"7":-1.2392004805,"8":-1.2392004805,"9":-1.2392004805,"10":-1.2392004805,"11":1.1612360675,"12":1.1612360675,"13":1.4615005306,"14":1.4615005306,"15":-1.2392004805,"16":-1.2392004805,"17":-1.2392004805,"18":0.4997276778,"19":-1.2392004805,"20":-1.2392004805,"21":-1.2392004805,"22":-1.2392004805,"23":1.1612360675,"24":1.3150783164,"25":1.4615005306,"26":1.6286593306,"27":1.4615005306,"28":1.9524949104,"29":-1.2392004805,"30":-1.2392004805,"31":-1.2392004805,"32":-0.4296586481,"33":-1.2392004805,"34":0.2057066691,"35":-1.2392004805,"36":-1.2392004805,"37":1.4615005306,"38":1.5702172834,"39":1.6286593306,"40":1.8033266274,"41":1.9524949104,"42":2.0179668067,"43":-1.2392004805,"44":0.7656978676,"45":-1.2392004805,"46":-1.2392004805,"47":-0.4296586481,"48":0.6726672766,"49":-1.2392004805,"50":-1.2392004805,"51":0.2057066691,"52":0.2057066691,"53":-1.2392004805,"54":-1.2392004805,"55":1.6286593306,"56":1.6286593306,"57":1.8033266274,"58":1.8312104258,"59":2.0179668067,"60":2.0477172542,"61":-1.2392004805,"62":0.6390994218,"63":0.7656978676,"64":0.9825670042,"65":-0.4296586481,"66":0.1171814103,"67":0.2057066691,"68":0.9271188423,"69":-1.2392004805,"70":-1.2392004805,"71":0.2057066691,"72":0.9130763311,"73":0.2057066691,"74":0.2057066691},"max0":{"0":2.2592492586,"1":1.1612360675,"2":2.2592492586,"3":1.1612360675,"4":1.1612360675,"5":1.4615005306,