{"time":{"0":0.0,"1":0.0701039103,"2":0.0701039103,"3":0.2159093337,"4":0.2159093337,"5":0.2305989415,"6":0.2305989415,"7":1.1909272675,"8":1.1909272675,"9":0.4639950509,"10":0.4639950509,"11":0.7246748204,"12":0.7246748204,"13":0.4175143787,"14":0.4175143787,"15":1.3519225196,"16":1.3519225196,"17":1.3045435066,"18":1.3045435066,"19":1.3397716428,"20":1.3397716428,"21":1.0189351674,"22":1.0189351674,"23":0.4904532032,"24":0.4904532032,"25":1.405537822,"26":1.405537822,"27":1.5420028085,"28":1.5420028085,"29":1.8358516819,"30":1.8358516819,"31":1.5187414668,"32":1.5187414668,"33":1.6506618231,"34":1.6506618231,"35":1.6562793663,"36":1.6562793663,"37":1.9365008841,"38":1.9365008841},"father":{"0":"nan","1":0,"2":0,"3":1,"4":1,"5":2,"6":2,"7":3,"8":3,"9":4,"10":4,"11":5,"12":5,"13":6,"14":6,"15":8,"16":8,"17":9,"18":9,"19":10,"20":10,"21":12,"22":12,"23":13,"24":13,"25":17,"26":17,"27":18,"28":18,"29":21,"30":21,"31":22,"32":22,"33":26,"34":26,"35":28,"36":28,"37":32,"38":32},"part_number":{"0":0,"1":1,"2":2,"3":3,"4":4,"5":5,"6":6,"7":7,"8":8,"9":9,"10":10,"11":11,"12":12,"13":13,"14":14,"15":15,"16":16,"17":17,"18":18,"19":19,"20":20,"21":21,"22":22,"23":23,"24":24,"25":25,"26":26,"27":27,"28":28,"29":29,"30":30,"31":31,"32":32,"33":33,"34":34,"35":35,"36":36,"37":37,"38":38},"dim":{"0":"nan","1":1,"2":1,"3":0,"4":0,"5":0,"6":0,"7":1,"8":1,"9":1,"10":1,"11":1,"12":1,"13":1,"14":1,"15":1,"16":1,"17":1,"18":1,"19":1,"20":1,"21":1,"22":1,"23":1,"24":1,"25":0,"26":0,"27":0,"28":0,"29":1,"30":1,"31":1,"32":1,"33":1,"34":1,"35":1,"36":1,"37":1,"38":1},"distance":{"0":"nan","1":0.042960908,"2":0.042960908,"3":0.0883512593,"4":0.0883512593,"5":0.0613589371,"6":0.0613589371,"7":0.1632397543,"8":0.1632397543,"9":0.052876826,"10":0.052876826,"11":0.0010610765,"12":0.0010610765,"13":0.0005924819,"14":0.0005924819,"15":0.0676359064,"16":0.0676359064,"17":0.0920341674,"18":0.0920341674,"19":0.0194165723,"20":0.0194165723,"21":0.0075230023,"22":0.0075230023,"23":0.0126582592,"24":0.0126582592,"25":0.1145184942,"26":0.1145184942,"27":0.0992652145,"28":0.0992652145,"29":0.0300220136,"30":0.0300220136,"31":0.0235185377,"32":0.0235185377,"33":0.0078701946,"34":0.0078701946,"35":0.1447461267,"36":0.1447461267,"37":0.0010899259,"38":0.0010899259},"x":{"0":"nan","1":0.7720885321,"2":0.7720885321,"3":-0.5981401748,"4":-0.5981401748,"5":0.2162424565,"6":0.2162424565,"7":-0.0021165596,"8":-0.0021165596,"9":0.6528238532,"10":0.6528238532,"11":0.911104706,"12":0.911104706,"13":0.8861271711,"14":0.8861271711,"15":0.3497370916,"16":0.3497370916,"17":-0.7607115995,"18":-0.7607115995,"19":0.695283065,"20":0.695283065,"21":0.9795503394,"22":0.9795503394,"23":0.8744608804,"24":0.8744608804,"25":-0.258053299,"26":-0.258053299,"27":0.5673055366,"28":0.5673055366,"29":0.9498167552,"30":0.9498167552,"31":0.99940028,"32":0.99940028,"33":-1.0393185702,"34":-1.0393185702,"35":-0.1084704274,"36":-0.1084704274,"37":1.0122779246,"38":1.0122779246},"leaf":{"0":false,"1":false,"2":false,"3":false,"4":false,"5":false,"6":false,"7":true,"8":false,"9":false,"10":false,"11":true,"12":false,"13":false,"14":true,"15":true,"16":true,"17":false,"18":false,"19":true,"20":true,"21":false,"22":false,"23":true,"24":true,"25":true,"26":false,"27":true,"28":false,"29":true,"30":true,"31":true,"32":false,"33":true,"34":true,"35":true,"36":true,"37":true,"38":true},"min0":{"0":-1.2087322039,"1":-1.2087322039,"2":-1.2087322039,"3":-1.2087322039,"4":-0.5981401748,"5":-1.2087322039,"6":0.2162424565,"7":-1.2087322039,"8":-1.2087322039,"9":-0.5981401748,"10":-0.5981401748,"11":-1.2087322039,"12":-1.2087322039,"13":0.2162424565,"14":0.2162424565,"15":-1.2087322039,"16":-1.2087322039,"17":-0.5981401748,"18":-0.5981401748,"19":-0.5981401748,"20":-0.5981401748,"21":-1.2087322039,"22":-1.2087322039,"23":0.2162424565,"24":0.2162424565,"25":-0.5981401748,"26":-0.258053299,"27":-0.5981401748,"28":0.5673055366,"29":-1.2087322039,"30":-1.2087322039,"31":-1.2087322039,"32":-1.2087322039,"33":-0.258053299,"34":-0.258053299,"35":0.5673055366,"36":0.5673055366,"37":-1.2087322039,"38":-1.2087322039},"max0":{"0":1.1842479108,"1":1.1842479108,"2":1.1842479108,"3":-0.5981401748,"4":1.1842479108,"5":0.2162424565,"6":1.1842479108,"7":-0.5981401748,"8":-0.5981401748,"9":1.1842479108,"10":1.1842479108,"11":0.2162424565,"12":0.2162424565,"13":1.1842479108,"14":1.1842479108,"15":-0.5981401748,"16":-0.5981401748,"17":1.1842479108,"18":1.1842479108,"19":1.1842479108,"20":1.1842479108,"21":0.2162424565,"22":0.2162424565,"23":1.1842479108,"24":1.1842479108,"25":-0.258053299,"26":1.1842479108,"27":0.5673055366,"28":1.1842479108,"29":0.2162424565,"30":0.2162424565,"31":0.2162424565,"32":0.2162424565,"33":1.1842479108,"34":1.1842479108,"35":1.1842479108,"36":1.1842479108,"37":0.2162424565,"38":0.2162424565},"min1":{"0":-1.1504969248,"1":-1.1504969248,"2":0.7720885321,"3":-1.1504969248,"4":-1.1504969248,"5":0.7720885321,"6":0.7720885321,"7":-1.1504969248,"8":-0.0021165596,"9":-1.1504969248,"10":0.6528238532,"11":0.7720885321,"12":0.911104706,"13":0.7720885321,"14":0.8861271711,"15":-0.0021165596,"16":0.3497370916,"17":-1.1504969248,"18":-0.7607115995,"19":0.6528238532,"20":0.695283065,"21":0.911104706,"22":0.9795503394,"23":0.7720885321,"24":0.8744608804,"25":-1.1504969248,"26":-1.1504969248,"27":-0.7607115995,"28":-0.7607115995,"29":0.911104706,"30":0.9498167552,"31":0.9795503394,"32":0.99940028,"33":-1.1504969248,"34":-1.0393185702,"35":-0.7607115995,"36":-0.1084704274,"37":0.99940028,"38":1.0122779246},"max1":{"0":1.1224752717,"1":0.7720885321,"2":1.1224752717,"3":0.7720885321,"4":0.7720885321,"5":1.1224752717,"6":1.1224752717,"7":-0.0021165596,"8":0.7720885321,"9":0.6528238532,"10":0.7720885321,"11":0.911104706,"12":1.1224752717,"13":0.8861271711,"14":1.1224752717,"15":0.3497370916,"16":0.7720885321,"17":-0.7607115995,"18":0.6528238532,"19":0.695283065,"20":0.7720885321,"21":0.9795503394,"22":1.1224752717,"23":0.8744608804,"24":0.8861271711,"25":-0.7607115995,"26":-0.7607115995,"27":0.6528238532,"28":0.6528238532,"29":0.9498167552,"30":0.9795503394,"31":0.99940028,"32":1.1224752717,"33":-1.0393185702,"34":-0.7607115995,"35":-0.1084704274,"36":0.6528238532,"37":1.0122779246,"38":1.1224752717}}