{"time":{"0":0.0,"1":0.219218234,"2":0.219218234,"3":0.5113611459,"4":0.5113611459,"5":0.2693340954,"6":0.2693340954,"7":0.7197935206,"8":0.7197935206,"9":0.6511497186,"10":0.6511497186,"11":0.3069870901,"12":0.3069870901,"13":1.5871245044,"14":1.5871245044,"15":1.2111631027,"16":1.2111631027,"17":1.1278466764,"18":1.1278466764,"19":1.0412794911,"20":1.0412794911,"21":0.6516787992,"22":0.6516787992,"23":0.6456876591,"24":0.6456876591,"25":1.4117477038,"26":1.4117477038,"27":1.6235833349,"28":1.6235833349,"29":1.2125921841,"30":1.2125921841,"31":1.1758561106,"32":1.1758561106,"33":1.7684834666,"34":1.7684834666,"35":1.4696192427,"36":1.4696192427,"37":1.6961872571,"38":1.6961872571,"39":1.715146924,"40":1.715146924,"41":1.8115675752,"42":1.8115675752},"father":{"0":"nan","1":0,"2":0,"3":1,"4":1,"5":2,"6":2,"7":3,"8":3,"9":4,"10":4,"11":5,"12":5,"13":6,"14":6,"15":7,"16":7,"17":8,"18":8,"19":9,"20":9,"21":11,"22":11,"23":12,"24":12,"25":16,"26":16,"27":20,"28":20,"29":21,"30":21,"31":22,"32":22,"33":30,"34":30,"35":31,"36":31,"37":36,"38":36,"39":37,"40":37,"41":40,"42":40},"part_number":{"0":0,"1":1,"2":2,"3":3,"4":4,"5":5,"6":6,"7":7,"8":8,"9":9,"10":10,"11":11,"12":12,"13":13,"14":14,"15":15,"16":16,"17":17,"18":18,"19":19,"20":20,"21":21,"22":22,"23":23,"24":24,"25":25,"26":26,"27":27,"28":28,"29":29,"30":30,"31":31,"32":32,"33":33,"34":34,"35":35,"36":36,"37":37,"38":38,"39":39,"40":40,"41":41,"42":42},"dim":{"0":"nan","1":0,"2":0,"3":1,"4":1,"5":1,"6":1,"7":0,"8":0,"9":0,"10":0,"11":1,"12":1,"13":0,"14":0,"15":1,"16":1,"17":1,"18":1,"19":1,"20":1,"21":1,"22":1,"23":1,"24":1,"25":0,"26":0,"27":0,"28":0,"29":0,"30":0,"31":0,"32":0,"33":1,"34":1,"35":0,"36":0,"37":1,"38":1,"39":1,"40":1,"41":0,"42":0},"distance":{"0":"nan","1":0.0139553777,"2":0.0139553777,"3":0.1632397543,"4":0.1632397543,"5":0.042960908,"6":0.042960908,"7":0.0335698569,"8":0.0335698569,"9":0.015511888,"10":0.015511888,"11":0.052876826,"12":0.052876826,"13":0.0613589371,"14":0.0613589371,"15":0.1304845477,"16":0.1304845477,"17":0.021538385,"18":0.021538385,"19":0.0676359064,"20":0.0676359064,"21":0.0920341674,"22":0.0920341674,"23":0.0194165723,"24":0.0194165723,"25":0.0422516598,"26":0.0422516598,"27":0.0010827193,"28":0.0010827193,"29":0.1145184942,"30":0.1145184942,"31":0.0992652145,"32":0.0992652145,"33":0.0078701946,"34":0.0078701946,"35":0.0223041651,"36":0.0223041651,"37":0.1101888586,"38":0.1101888586,"39":0.0836603978,"40":0.0836603978,"41":0.0134211557,"42":0.0134211557},"x":{"0":"nan","1":-0.6353381156,"2":-0.6353381156,"3":-0.0021165596,"4":-0.0021165596,"5":0.7720885321,"6":0.7720885321,"7":-0.9034077979,"8":-0.9034077979,"9":-0.7706204884,"10":-0.7706204884,"11":0.6528238532,"12":0.6528238532,"13":0.2162424565,"14":0.2162424565,"15":-0.2887787845,"16":-0.2887787845,"17":-0.6943057004,"18":-0.6943057004,"19":0.3497370916,"20":0.3497370916,"21":-0.7607115995,"22":-0.7607115995,"23":0.695283065,"24":0.695283065,"25":-0.9638410763,"26":-0.9638410763,"27":-0.8572900479,"28":-0.8572900479,"29":-0.258053299,"30":-0.258053299,"31":0.5673055366,"32":0.5673055366,"33":-1.0393185702,"34":-1.0393185702,"35":0.0012804075,"36":0.0012804075,"37":0.1518340115,"38":0.1518340115,"39":0.0198759674,"40":0.0198759674,"41":0.4638131605,"42":0.4638131605},"leaf":{"0":false,"1":false,"2":false,"3":false,"4":false,"5":false,"6":false,"7":false,"8":false,"9":false,"10":true,"11":false,"12":false,"13":true,"14":true,"15":true,"16":false,"17":true,"18":true,"19":true,"20":false,"21":false,"22":false,"23":true,"24":true,"25":true,"26":true,"27":true,"28":true,"29":true,"30":false,"31":false,"32":true,"33":true,"34":true,"35":true,"36":false,"37":false,"38":true,"39":true,"40":false,"41":true,"42":true},"min0":{"0":-1.2087322039,"1":-1.2087322039,"2":-0.6353381156,"3":-1.2087322039,"4":-1.2087322039,"5":-0.6353381156,"6":-0.6353381156,"7":-1.2087322039,"8":-0.9034077979,"9":-1.2087322039,"10":-0.7706204884,"11":-0.6353381156,"12":-0.6353381156,"13":-0.6353381156,"14":0.2162424565,"15":-1.2087322039,"16":-1.2087322039,"17":-0.9034077979,"18":-0.9034077979,"19":-1.2087322039,"20":-1.2087322039,"21":-0.6353381156,"22":-0.6353381156,"23":-0.6353381156,"24":-0.6353381156,"25":-1.2087322039,"26":-0.9638410763,"27":-1.2087322039,"28":-0.8572900479,"29":-0.6353381156,"30":-0.258053299,"31":-0.6353381156,"32":0.5673055366,"33":-0.258053299,"34":-0.258053299,"35":-0.6353381156,"36":0.0012804075,"37":0.0012804075,"38":0.0012804075,"39":0.0012804075,"40":0.0012804075,"41":0.0012804075,"42":0.4638131605},"max0":{"0":1.1842479108,"1":-0.6353381156,"2":1.1842479108,"3":-0.6353381156,"4":-0.6353381156,"5":1.1842479108,"6":1.1842479108,"7":-0.9034077979,"8":-0.6353381156,"9":-0.7706204884,"10":-0.6353381156,"11":1.1842479108,"12":1.1842479108,"13":0.2162424565,"14":1.1842479108,"15":-0.9034077979,"16":-0.9034077979,"17":-0.6353381156,"18":-0.6353381156,"19":-0.7706204884,"20":-0.7706204884,"21":1.1842479108,"22":1.1842479108,"23":1.1842479108,"24":1.1842479108,"25":-0.9638410763,"26":-0.9034077979,"27":-0.8572900479,"28":-0.7706204884,"29":-0.258053299,"30":1.1842479108,"31":0.5673055366,"32":1.1842479108,"33":1.1842479108,"34":1.1842479108,"35":0.0012804075,"36":0.5673055366,"37":0.5673055366,"38":0.5673055366,"39":0.5673055366,"40":0.5673055366,"41":0.4638131605,"42":0.5673055366},"min1":{"0":-1.1504969248,"1":-1.1504969248,"2":-1.1504969248,"3":-1.1504969248,"4":-0.0021165596,"5":-1.1504969248,"6":0.7720885321,"7":-1.1504969248,"8":-1.1504969248,"9":-0.0021165596,"10":-0.0021165596,"11":-1.1504969248,"12":0.6528238532,"13":0.7720885321,"14":0.7720885321,"15":-1.1504969248,"16":-0.2887787845,"17":-1.1504969248,"18":-0.6943057004,"19":-0.0021165596,"20":0.3497370916,"21":-1.1504969248,"22":-0.7607115995,"23":0.6528238532,"24":0.695283065,"25":-0.2887787845,"26":-0.2887787845,"27":0.3497370916,"28":0.3497370916,"29":-1.1504969248,"30":-1.1504969248,"31":-0.7607115995,"32":-0.7607115995,"33":-1.1504969248,"34":-1.0393185702,"35":-0.7607115995,"36":-0.7607115995,"37":-0.7607115995,"38":0.1518340115,"39":-0.7607115995,"40":0.0198759674,"41":0.0198759674,"42":0.0198759674},"max1":{"0":1.1224752717,"1":1.1224752717,"2":1.1224752717,"3":-0.0021165596,"4":1.1224752717,"5":0.7720885321,"6":1.1224752717,"7":-0.0021165596,"8":-0.0021165596,"9":1.1224752717,"10":1.1224752717,"11":0.6528238532,"12":0.7720885321,"13":1.1224752717,"14":1.1224752717,"15":-0.2887787845,"16":-0.0021165596,"17":-0.6943057004,"18":-0.0021165596,"19":0.3497370916,"20":1.1224752717,"21":-0.7607115995,"22":0.6528238532,"23":0.695283065,"24":0.7720885321,"25":-0.0021165596,"26":-0.0021165596,"27":1.1224752717,"28":1.1224752717,"29":-0.7607115995,"30":-0.7607115995,"31":0.6528238532,"32":0.6528238532,"33":-1.0393185702,"34":-0.7607115995,"35":0.6528238532,"36":0.6528238532,"37":0.1518340115,"38":0.6528238532,"39":0.0198759674,"40":0.1518340115,"41":0.1518340115,"42":0.1518340115}}