{"time":{"0":0.0,"1":0.0959454547,"2":0.0959454547,"3":0.1302112901,"4":0.1302112901,"5":0.146185315,"6":0.146185315,"7":0.2939312003,"8":0.2939312003,"9":0.2231261424,"10":0.2231261424,"11":0.4602648587,"12":0.4602648587,"13":0.1504980814,"14":0.1504980814,"15":0.3183586734,"16":0.3183586734,"17":0.468947273,"18":0.468947273,"19":1.7000247385,"20":1.7000247385,"21":0.5615061123,"22":0.5615061123,"23":0.6021810898,"24":0.6021810898,"25":0.7096402852,"26":0.7096402852,"27":1.7035770109,"28":1.7035770109,"29":0.9103070871,"30":0.9103070871,"31":0.9254611597,"32":0.9254611597,"33":1.3079839447,"34":1.3079839447,"35":0.6998390073,"36":0.6998390073,"37":1.2173161531,"38":1.2173161531,"39":1.2209106594,"40":1.2209106594,"41":1.4837015008,"42":1.4837015008,"43":0.7500025972,"44":0.7500025972,"45":1.2363256577,"46":1.2363256577,"47":1.294608049,"48":1.294608049,"49":1.3655481431,"50":1.3655481431,"51":1.5855780803,"52":1.5855780803,"53":1.5760961042,"54":1.5760961042,"55":1.5734990397,"56":1.5734990397,"57":1.6682605498,"58":1.6682605498,"59":1.9154506373,"60":1.9154506373},"father":{"0":"nan","1":0,"2":0,"3":1,"4":1,"5":2,"6":2,"7":3,"8":3,"9":4,"10":4,"11":5,"12":5,"13":6,"14":6,"15":8,"16":8,"17":11,"18":11,"19":12,"20":12,"21":13,"22":13,"23":14,"24":14,"25":18,"26":18,"27":19,"28":19,"29":21,"30":21,"31":22,"32":22,"33":23,"34":23,"35":24,"36":24,"37":29,"38":29,"39":30,"40":30,"41":34,"42":34,"43":35,"44":35,"45":37,"46":37,"47":40,"48":40,"49":45,"50":45,"51":46,"52":46,"53":48,"54":48,"55":50,"56":50,"57":51,"58":51,"59":54,"60":54},"part_number":{"0":0,"1":1,"2":2,"3":3,"4":4,"5":5,"6":6,"7":7,"8":8,"9":9,"10":10,"11":11,"12":12,"13":13,"14":14,"15":15,"16":16,"17":17,"18":18,"19":19,"20":20,"21":21,"22":22,"23":23,"24":24,"25":25,"26":26,"27":27,"28":28,"29":29,"30":30,"31":31,"32":32,"33":33,"34":34,"35":35,"36":36,"37":37,"38":38,"39":39,"40":40,"41":41,"42":42,"43":43,"44":44,"45":45,"46":46,"47":47,"48":48,"49":49,"50":50,"51":51,"52":52,"53":53,"54":54,"55":55,"56":56,"57":57,"58":58,"59":59,"60":60},"dim":{"0":"nan","1":0,"2":0,"3":1,"4":1,"5":0,"6":0,"7":0,"8":0,"9":0,"10":0,"11":1,"12":1,"13":1,"14":1,"15":0,"16":0,"17":1,"18":1,"19":0,"20":0,"21":1,"22":1,"23":0,"24":0,"25":1,"26":1,"27":0,"28":0,"29":0,"30":0,"31":0,"32":0,"33":1,"34":1,"35":1,"36":1,"37":0,"38":0,"39":0,"40":0,"41":1,"42":1,"43":1,"44":1,"45":1,"46":1,"47":0,"48":0,"49":0,"50":0,"51":0,"52":0,"53":1,"54":1,"55":1,"56":1,"57":0,"58":0,"59":0,"60":0},"distance":{"0":"nan","1":0.0068415394,"2":0.0068415394,"3":0.1632397543,"4":0.1632397543,"5":0.0139553777,"6":0.0139553777,"7":0.0205283113,"8":0.0205283113,"9":0.0129608193,"10":0.0129608193,"11":0.8909565967,"12":0.8909565967,"13":0.042960908,"14":0.042960908,"15":0.0101843816,"16":0.0101843816,"17":0.021538385,"18":0.021538385,"19":0.015511888,"20":0.015511888,"21":0.052876826,"22":0.052876826,"23":0.0613589371,"24":0.0613589371,"25":0.0258915675,"26":0.0258915675,"27":0.0010827193,"28":0.0010827193,"29":0.0081521958,"30":0.0081521958,"31":0.0044582649,"32":0.0044582649,"33":0.0010610765,"34":0.0010610765,"35":0.0005924819,"36":0.0005924819,"37":0.0217928348,"38":0.0217928348,"39":0.0153746596,"40":0.0153746596,"41":0.0043291705,"42":0.0043291705,"43":0.0126582592,"44":0.0126582592,"45":0.0920341674,"46":0.0920341674,"47":0.0118039818,"48":0.0118039818,"49":0.1145184942,"50":0.1145184942,"51":0.0992652145,"52":0.0992652145,"53":0.1569526726,"54":0.1569526726,"55":0.0078701946,"56":0.0078701946,"57":0.0223041651,"58":0.0223041651,"59":0.000622148,"60":0.000622148},"x":{"0":"nan","1":-0.8900436392,"2":-0.8900436392,"3":-0.0021165596,"4":-0.0021165596,"5":-0.6353381156,"6":-0.6353381156,"7":-1.0157383632,"8":-1.0157383632,"9":-0.9583305641,"10":-0.9583305641,"11":-0.0619232535,"12":-0.0619232535,"13":0.7720885321,"14":0.7720885321,"15":-0.9376230557,"16":-0.9376230557,"17":-0.6943057004,"18":-0.6943057004,"19":-0.7706204884,"20":-0.7706204884,"21":0.6528238532,"22":0.6528238532,"23":0.2162424565,"24":0.2162424565,"25":-0.5405859418,"26":-0.5405859418,"27":-0.8572900479,"28":-0.8572900479,"29":0.8576261949,"30":0.8576261949,"31":0.6970231264,"32":0.6970231264,"33":0.911104706,"34":0.911104706,"35":0.8861271711,"36":0.8861271711,"37":0.8139478106,"38":0.8139478106,"39":0.9177404284,"40":0.9177404284,"41":0.9854764259,"42":0.9854764259,"43":0.8744608804,"44":0.8744608804,"45":-0.7607115995,"46":-0.7607115995,"47":0.9325311455,"48":0.9325311455,"49":-0.258053299,"50":-0.258053299,"51":0.5673055366,"52":0.5673055366,"53":-0.1023671545,"54":-0.1023671545,"55":-1.0393185702,"56":-1.0393185702,"57":0.0012804075,"58":0.0012804075,"59":0.9485856299,"60":0.9485856299},"leaf":{"0":false,"1":false,"2":false,"3":false,"4":false,"5":false,"6":false,"7":true,"8":false,"9":true,"10":true,"11":false,"12":false,"13":false,"14":false,"15":true,"16":true,"17":true,"18":false,"19":false,"20":true,"21":false,"22":false,"23":false,"24":false,"25":true,"26":true,"27":true,"28":true,"29":false,"30":false,"31":true,"32":true,"33":true,"34":false,"35":false,"36":true,"37":false,"38":true,"39":true,"40":false,"41":true,"42":true,"43":true,"44":true,"45":false,"46":false,"47":true,"48":false,"49":true,"50":false,"51":false,"52":true,"53":true,"54":false,"55":true,"56":true,"57":true,"58":true,"59":true,"60":true},"min0":{"0":-1.2087322039,"1":-1.2087322039,"2":-0.8900436392,"3":-1.2087322039,"4":-1.2087322039,"5":-0.8900436392,"6":-0.6353381156,"7":-1.2087322039,"8":-1.0157383632,"9":-1.2087322039,"10":-0.9583305641,"11":-0.8900436392,"12":-0.8900436392,"13":-0.6353381156,"14":-0.6353381156,"15":-1.0157383632,"16":-0.9376230557,"17":-0.8900436392,"18":-0.8900436392,"19":-0.8900436392,"20":-0.7706204884,"21":-0.6353381156,"22":-0.6353381156,"23":-0.6353381156,"24":0.2162424565,"25":-0.8900436392,"26":-0.8900436392,"27":-0.8900436392,"28":-0.8572900479,"29":-0.6353381156,"30":0.8576261949,"31":-0.6353381156,"32":0.6970231264,"33":-0.6353381156,"34":-0.6353381156,"35":0.2162424565,"36":0.2162424565,"37":-0.6353381156,"38":0.8139478106,"39":0.8576261949,"40":0.9177404284,"41":-0.6353381156,"42":-0.6353381156,"43":0.2162424565,"44":0.2162424565,"45":-0.6353381156,"46":-0.6353381156,"47":0.9177404284,"48":0.9325311455,"49":-0.6353381156,"50":-0.258053299,"51":-0.6353381156,"52":0.5673055366,"53":0.9325311455,"54":0.9325311455,"55":-0.258053299,"56":-0.258053299,"57":-0.6353381156,"58":0.0012804075,"59":0.9325311455,"60":0.9485856299},"max0":{"0":1.1842479108,"1":-0.8900436392,"2":1.1842479108,"3":-0.8900436392,"4":-0.8900436392,"5":-0.6353381156,"6":1.1842479108,"7":-1.0157383632,"8":-0.8900436392,"9":-0.9583305641,"10":-0.8900436392,"11":-0.6353381156,"12":-0.6353381156,"13":1.1842479108,"14":1.1842479108,"15":-0.9376230557,"16":-0.8900436392,"17":-0.6353381156,"18":-0.6353381156,"19":-0.7706204884,"20":-0.6353381156,"21":1.1842479108,"22":1.1842479108,"23":0.2162424565,"24":1.1842479108,"25":-0.6353381156,"26":-0.6353381156,"27":-0.8572900479,"28":-0.7706204884,"29":0.8576261949,"30":1.1842479108,"31":0.6970231264,"32":1.1842479108,"33":0.2162424565,"34":0.2162424565,"35":1.1842479108,"36":1.1842479108,"37":0.8139478106,"38":0.8576261949,"39":0.9177404284,"40":1.1842479108,"41":0.2162424565,"42":0.2162424565,"43":1.1842479108,"44":1.1842479108,"45":0.8139478106,"46":0.8139478106,"47":0.9325311455,"48":1.1842479108,"49":-0.258053299,"50":0.8139478106,"51":0.5673055366,"52":0.8139478106,"53":1.1842479108,"54":1.1842479108,"55":0.8139478106,"56":0.8139478106,"57":0.0012804075,"58":0.5673055366,"59":0.9485856299,"60":1.1842479108},"min1":{"0":-1.1504969248,"1":-1.1504969248,"2":-1.1504969248,"3":-1.1504969248,"4":-0.0021165596,"5":-1.1504969248,"6":-1.1504969248,"7":-1.1504969248,"8":-1.1504969248,"9":-0.0021165596,"10":-0.0021165596,"11":-1.1504969248,"12":-0.0619232535,"13":-1.1504969248,"14":0.7720885321,"15":-1.1504969248,"16":-1.1504969248,"17":-1.1504969248,"18":-0.6943057004,"19":-0.0619232535,"20":-0.0619232535,"21":-1.1504969248,"22":0.6528238532,