{"time":{"0":0.0,"1":0.1084044381,"2":0.1084044381,"3":0.4510912171,"4":0.4510912171,"5":0.3065510017,"6":0.3065510017,"7":1.0541789601,"8":1.0541789601,"9":1.3210303731,"10":1.3210303731,"11":0.6399759406,"12":0.6399759406,"13":1.3934484976,"14":1.3934484976,"15":1.4556903023,"16":1.4556903023,"17":2.1236499936,"18":2.1236499936,"19":1.7768519378,"20":1.7768519378,"21":1.3679297922,"22":1.3679297922,"23":2.4768982101,"24":2.4768982101,"25":1.2810200794,"26":1.2810200794,"27":1.9049785367,"28":1.9049785367,"29":1.9769853403,"30":1.9769853403,"31":2.3277748227,"32":2.3277748227,"33":2.2086496859,"34":2.2086496859,"35":1.6772470553,"36":1.6772470553,"37":2.0540013106,"38":2.0540013106,"39":2.1901994704,"40":2.1901994704,"41":1.810719226,"42":1.810719226,"43":1.9044347436,"44":1.9044347436},"father":{"0":"nan","1":0,"2":0,"3":1,"4":1,"5":2,"6":2,"7":3,"8":3,"9":4,"10":4,"11":5,"12":5,"13":6,"14":6,"15":7,"16":7,"17":8,"18":8,"19":9,"20":9,"21":10,"22":10,"23":11,"24":11,"25":12,"26":12,"27":14,"28":14,"29":15,"30":15,"31":19,"32":19,"33":20,"34":20,"35":21,"36":21,"37":22,"38":22,"39":26,"40":26,"41":35,"42":35,"43":42,"44":42},"part_number":{"0":0,"1":1,"2":2,"3":3,"4":4,"5":5,"6":6,"7":7,"8":8,"9":9,"10":10,"11":11,"12":12,"13":13,"14":14,"15":15,"16":16,"17":17,"18":18,"19":19,"20":20,"21":21,"22":22,"23":23,"24":24,"25":25,"26":26,"27":27,"28":28,"29":29,"30":30,"31":31,"32":32,"33":33,"34":34,"35":35,"36":36,"37":37,"38":38,"39":39,"40":40,"41":41,"42":42,"43":43,"44":44},"dim":{"0":"nan","1":0,"2":0,"3":1,"4":1,"5":1,"6":1,"7":1,"8":1,"9":0,"10":0,"11":0,"12":0,"13":0,"14":0,"15":1,"16":1,"17":0,"18":0,"19":0,"20":0,"21":1,"22":1,"23":1,"24":1,"25":0,"26":0,"27":0,"28":0,"29":1,"30":1,"31":1,"32":1,"33":1,"34":1,"35":0,"36":0,"37":1,"38":1,"39":0,"40":0,"41":0,"42":0,"43":0,"44":0},"distance":{"0":"nan","1":0.0474593641,"2":0.0474593641,"3":0.0913082529,"4":0.0913082529,"5":0.1189503595,"6":0.1189503595,"7":0.0134986494,"8":0.0134986494,"9":0.004087516,"10":0.004087516,"11":0.0877769342,"12":0.0877769342,"13":0.0286165243,"14":0.0286165243,"15":0.0088862548,"16":0.0088862548,"17":0.0401885472,"18":0.0401885472,"19":0.0061416856,"20":0.0061416856,"21":0.0801754193,"22":0.0801754193,"23":0.0257468774,"24":0.0257468774,"25":0.0596522956,"26":0.0596522956,"27":0.0243725074,"28":0.0243725074,"29":0.0083156267,"30":0.0083156267,"31":0.0648114206,"32":0.0648114206,"33":0.2101618884,"34":0.2101618884,"35":0.354775519,"36":0.354775519,"37":0.0488248465,"38":0.0488248465,"39":0.0200094446,"40":0.0200094446,"41":0.0090886677,"42":0.0090886677,"43":0.0113109972,"44":0.0113109972},"x":{"0":"nan","1":1.1612360675,"2":1.1612360675,"3":-0.2548716835,"4":-0.2548716835,"5":0.1419251089,"6":0.1419251089,"7":-0.3784605893,"8":-0.3784605893,"9":0.1111014719,"10":0.1111014719,"11":1.4615005306,"12":1.4615005306,"13":1.9524949104,"14":1.9524949104,"15":-0.3920679626,"16":-0.3920679626,"17":0.4997276778,"18":0.4997276778,"19":-0.0786553097,"20":-0.0786553097,"21":0.5030360072,"22":0.5030360072,"23":-0.3374300608,"24":-0.3374300608,"25":1.6286593306,"26":1.6286593306,"27":2.0179668067,"28":2.0179668067,"29":-0.5047333797,"30":-0.5047333797,"31":0.227356446,"32":0.227356446,"33":0.7077198884,"34":0.7077198884,"35":0.5857779347,"36":0.5857779347,"37":0.8759083195,"38":0.8759083195,"39":1.8033266274,"40":1.8033266274,"41":0.1298494405,"42":0.1298494405,"43":0.2823155854,"44":0.2823155854},"leaf":{"0":false,"1":false,"2":false,"3":false,"4":false,"5":false,"6":false,"7":false,"8":false,"9":false,"10":false,"11":false,"12":false,"13":true,"14":false,"15":false,"16":true,"17":true,"18":true,"19":false,"20":false,"21":false,"22":false,"23":true,"24":true,"25":true,"26":false,"27":true,"28":true,"29":true,"30":true,"31":true,"32":true,"33":true,"34":true,"35":false,"36":true,"37":true,"38":true,"39":true,"40":true,"41":true,"42":false,"43":true,"44":true},"min0":{"0":-1.2392004805,"1":-1.2392004805,"2":1.1612360675,"3":-1.2392004805,"4":-1.2392004805,"5":1.1612360675,"6":1.1612360675,"7":-1.2392004805,"8":-1.2392004805,"9":-1.2392004805,"10":0.1111014719,"11":1.1612360675,"12":1.4615005306,"13":1.1612360675,"14":1.9524949104,"15":-1.2392004805,"16":-1.2392004805,"17":-1.2392004805,"18":0.4997276778,"19":-1.2392004805,"20":-0.0786553097,"21":0.1111014719,"22":0.1111014719,"23":1.1612360675,"24":1.1612360675,"25":1.4615005306,"26":1.6286593306,"27":1.9524949104,"28":2.0179668067,"29":-1.2392004805,"30":-1.2392004805,"31":-1.2392004805,"32":-1.2392004805,"33":-0.0786553097,"34":-0.0786553097,"35":0.1111014719,"36":0.5857779347,"37":0.1111014719,"38":0.1111014719,"39":1.6286593306,"40":1.8033266274,"41":0.1111014719,"42":0.1298494405,"43":0.1298494405,"44":0.2823155854},"max0":{"0":2.2592492586,"1":1.1612360675,"2":2.2592492586,"3":1.1612360675,"4":1.1612360675,"5":2.2592492586,"6":2.2592492586,"7":1.1612360675,"8":1.1612360675,"9":0.1111014719,"10":1.1612360675,"11":1.4615005306,"12":2.2592492586,"13":1.9524949104,"14":2.2592492586,"15":1.1612360675,"16":1.1612360675,"17":0.4997276778,"18":1.1612360675,"19":-0.0786553097,"20":0.1111014719,"21":1.1612360675,"22":1.1612360675,"23":1.4615005306,"24":1.4615005306,"25":1.6286593306,"26":2.2592492586,"27":2.0179668067,"28":2.2592492586,"29":1.1612360675,"30":1.1612360675,"31":-0.0786553097,"32":-0.0786553097,"33":0.1111014719,"34":0.1111014719,"35":0.5857779347,"36":1.1612360675,"37":1.1612360675,"38":1.1612360675,"39":1.8033266274,"40":2.2592492586,"41":0.1298494405,"42":0.5857779347,"43":0.2823155854,"44":0.5857779347},"min1":{"0":-0.7663286535,"1":-0.7663286535,"2":-0.7663286535,"3":-0.7663286535,"4":-0.2548716835,"5":-0.7663286535,"6":0.1419251089,"7":-0.7663286535,"8":-0.3784605893,"9":-0.2548716835,"10":-0.2548716835,"11":-0.7663286535,"12":-0.7663286535,"13":0.1419251089,"14":0.1419251089,"15":-0.7663286535,"16":-0.3920679626,"17":-0.3784605893,"18":-0.3784605893,"19":-0.2548716835,"20":-0.2548716835,"21":-0.2548716835,"22":0.5030360072,"23":-0.7663286535,"24":-0.3374300608,"25":-0.7663286535,"26":-0.7663286535,"27":0.1419251089,"28":0.1419251089,"29":-0.7663286535,"30":-0.5047333797,"31":-0.2548716835,"32":0.227356446,"33":-0.2548716835,"34":0.7077198884,"35":-0.2548716835,"36":-0.2548716835,"37":0.5030360072,"38":0.8759083195,"39":-0.7663286535,"40":-0.7663286535,"41":-0.2548716835,"42":-0.2548716835,"43":-0.2548716835,"44":-0.2548716835},"max1":{"0":1.1204039496,"1":1.1204039496,"2":1.1204039496,"3":-0.2548716835,"4":1.1204039496,"5":0.1419251089,"6":1.1204039496,"7":-0.3784605893,"8":-0.2548716835,"9":1.1204039496,"10":1.1204039496,"11":0.1419251089,"12":0.1419251089,"13":1.1204039496,"14":1.1204039496,"15":-0.3920679626,"16":-0.3784605893,"17":-0.2548716835,"18":-0.2548716835,"19":1.1204039496,"20":1.1204039496,"21":0.5030360072,"22":1.1204039496,"23":-0.3374300608,"24":0.1419251089,"25":0.1419251089,"26":0.1419251089,"27":1.1204039496,"28":1.1204039496,"29":-0.5047333797,"30":-0.3920679626,"31":0.227356446,"32":1.1204039496,"33":0.7077198884,"34":1.1204039496,"35":0.5030360072,"36":0.5030360072,"37":0.8759083195,"38":1.1204039496,"39":0.1419251089,"40":0.1419251089,"41":0.5030360072,"42":0.5030360072,"43":0.5030360072,"44":0.5030360072}}