{"time":{"0":0.0,"1":0.0842052457,"2":0.0842052457,"3":0.1191367382,"4":0.1191367382,"5":0.3742358563,"6":0.3742358563,"7":0.1762079304,"8":0.1762079304,"9":0.1517795403,"10":0.1517795403,"11":2.4996517177,"12":2.4996517177,"13":1.0431732075,"14":1.0431732075,"15":0.4398315978,"16":0.4398315978,"17":0.2146453451,"18":0.2146453451,"19":1.2664121081,"20":1.2664121081,"21":0.2480770821,"22":0.2480770821,"23":1.9289189853,"24":1.9289189853,"25":1.0417487957,"26":1.0417487957,"27":1.4429402521,"28":1.4429402521,"29":1.4199101526,"30":1.4199101526,"31":0.5089852736,"32":0.5089852736,"33":0.3682646505,"34":0.3682646505,"35":1.5666559436,"36":1.5666559436,"37":1.9148721729,"38":1.9148721729,"39":0.619367429,"40":0.619367429,"41":2.3171890547,"42":2.3171890547,"43":0.4405094387,"44":0.4405094387,"45":2.4405667021,"46":2.4405667021,"47":2.0609988749,"48":2.0609988749,"49":1.3897669035,"50":1.3897669035,"51":0.7583539177,"52":0.7583539177,"53":1.0048086087,"54":1.0048086087,"55":1.8806088455,"56":1.8806088455,"57":0.8495317751,"58":0.8495317751,"59":2.0202666971,"60":2.0202666971,"61":2.088663941,"62":2.088663941,"63":2.1111010623,"64":2.1111010623,"65":2.3556245526,"66":2.3556245526},"father":{"0":"nan","1":0,"2":0,"3":1,"4":1,"5":2,"6":2,"7":3,"8":3,"9":4,"10":4,"11":5,"12":5,"13":6,"14":6,"15":7,"16":7,"17":8,"18":8,"19":9,"20":9,"21":10,"22":10,"23":14,"24":14,"25":15,"26":15,"27":19,"28":19,"29":20,"30":20,"31":21,"32":21,"33":22,"34":22,"35":26,"36":26,"37":29,"38":29,"39":31,"40":31,"41":32,"42":32,"43":34,"44":34,"45":35,"46":35,"47":38,"48":38,"49":39,"50":39,"51":40,"52":40,"53":44,"54":44,"55":51,"56":51,"57":52,"58":52,"59":55,"60":55,"61":56,"62":56,"63":61,"64":61,"65":62,"66":62},"part_number":{"0":0,"1":1,"2":2,"3":3,"4":4,"5":5,"6":6,"7":7,"8":8,"9":9,"10":10,"11":11,"12":12,"13":13,"14":14,"15":15,"16":16,"17":17,"18":18,"19":19,"20":20,"21":21,"22":22,"23":23,"24":24,"25":25,"26":26,"27":27,"28":28,"29":29,"30":30,"31":31,"32":32,"33":33,"34":34,"35":35,"36":36,"37":37,"38":38,"39":39,"40":40,"41":41,"42":42,"43":43,"44":44,"45":45,"46":46,"47":47,"48":48,"49":49,"50":50,"51":51,"52":52,"53":53,"54":54,"55":55,"56":56,"57":57,"58":58,"59":59,"60":60,"61":61,"62":62,"63":63,"64":64,"65":65,"66":66},"dim":{"0":"nan","1":0,"2":0,"3":1,"4":1,"5":1,"6":1,"7":1,"8":1,"9":1,"10":1,"11":0,"12":0,"13":0,"14":0,"15":1,"16":1,"17":0,"18":0,"19":0,"20":0,"21":1,"22":1,"23":0,"24":0,"25":1,"26":1,"27":1,"28":1,"29":0,"30":0,"31":0,"32":0,"33":1,"34":1,"35":0,"36":0,"37":0,"38":0,"39":1,"40":1,"41":1,"42":1,"43":1,"44":1,"45":0,"46":0,"47":0,"48":0,"49":0,"50":0,"51":0,"52":0,"53":1,"54":1,"55":1,"56":1,"57":0,"58":0,"59":1,"60":1,"61":0,"62":0,"63":1,"64":1,"65":0,"66":0},"distance":{"0":"nan","1":0.0474593641,"2":0.0474593641,"3":0.0913082529,"4":0.0913082529,"5":0.1189503595,"6":0.1189503595,"7":0.0134986494,"8":0.0134986494,"9":0.013146255,"10":0.013146255,"11":0.0877769342,"12":0.0877769342,"13":0.0286165243,"14":0.0286165243,"15":0.0088862548,"16":0.0088862548,"17":0.0401885472,"18":0.0401885472,"19":1.0724923234,"20":1.0724923234,"21":0.0162362302,"22":0.0162362302,"23":0.0243725074,"24":0.0243725074,"25":0.0083156267,"26":0.0083156267,"27":0.0203888036,"28":0.0203888036,"29":0.5285542028,"30":0.5285542028,"31":0.1851228785,"32":0.1851228785,"33":0.0042689064,"34":0.0042689064,"35":0.1016660533,"36":0.1016660533,"37":0.0162473928,"38":0.0162473928,"39":0.0203263609,"40":0.0203263609,"41":0.0801754193,"42":0.0801754193,"43":0.0012065358,"44":0.0012065358,"45":0.0117192544,"46":0.0117192544,"47":0.0113109972,"48":0.0113109972,"49":0.8608698579,"50":0.8608698579,"51":0.1066578319,"52":0.1066578319,"53":0.00026729,"54":0.00026729,"55":0.0242266896,"56":0.0242266896,"57":0.0183126023,"58":0.0183126023,"59":0.0193239625,"60":0.0193239625,"61":0.0769127781,"62":0.0769127781,"63":0.0192940728,"64":0.0192940728,"65":0.0942832448,"66":0.0942832448},"x":{"0":"nan","1":1.1612360675,"2":1.1612360675,"3":-0.2548716835,"4":-0.2548716835,"5":0.1419251089,"6":0.1419251089,"7":-0.3784605893,"8":-0.3784605893,"9":0.0751632184,"10":0.0751632184,"11":1.4615005306,"12":1.4615005306,"13":1.9524949104,"14":1.9524949104,"15":-0.3920679626,"16":-0.3920679626,"17":0.4997276778,"18":0.4997276778,"19":-0.4296586481,"20":-0.4296586481,"21":0.9597259445,"22":0.9597259445,"23":2.0179668067,"24":2.0179668067,"25":-0.5047333797,"26":-0.5047333797,"27":0.0203333113,"28":0.0203333113,"29":0.6726672766,"30":0.6726672766,"31":0.2057066691,"32":0.2057066691,"33":0.9827797452,"34":0.9827797452,"35":0.7656978676,"36":0.7656978676,"37":0.1171814103,"38":0.1171814103,"39":0.2972139054,"40":0.2972139054,"41":0.5030360072,"42":0.5030360072,"43":0.9893781198,"44":0.9893781198,"45":0.6390994218,"46":0.6390994218,"47":0.2823155854,"48":0.2823155854,"49":-0.5171815501,"50":-0.5171815501,"51":-0.022255551,"52":-0.022255551,"53":1.0053107705,"54":1.0053107705,"55":0.6232767457,"56":0.6232767457,"57":0.0527794377,"58":0.0527794377,"59":0.4039861998,"60":0.4039861998,"61":-0.6624387962,"62":-0.6624387962,"63":0.6594628202,"64":0.6594628202,"65":-0.5467893059,"66":-0.5467893059},"leaf":{"0":false,"1":false,"2":false,"3":false,"4":false,"5":false,"6":false,"7":false,"8":false,"9":false,"10":false,"11":true,"12":true,"13":true,"14":false,"15":false,"16":true,"17":true,"18":true,"19":false,"20":false,"21":false,"22":false,"23":true,"24":true,"25":true,"26":false,"27":true,"28":true,"29":false,"30":true,"31":false,"32":false,"33":true,"34":false,"35":false,"36":true,"37":true,"38":false,"39":false,"40":false,"41":true,"42":true,"43":true,"44":false,"45":true,"46":true,"47":true,"48":true,"49":true,"50":true,"51":false,"52":false,"53":true,"54":true,"55":false,"56":false,"57":true,"58":true,"59":true,"60":true,"61":false,"62":false,"63":true,"64":true,"65":true,"66":true},"min0":{"0":-1.2392004805,"1":-1.2392004805,"2":1.1612360675,"3":-1.2392004805,"4":-1.2392004805,"5":1.1612360675,"6":1.1612360675,"7":-1.2392004805,"8":-1.2392004805,"9":-1.2392004805,"10":-1.2392004805,"11":1.1612360675,"12":1.4615005306,"13":1.1612360675,"14":1.9524949104,"15":-1.2392004805,"16":-1.2392004805,"17":-1.2392004805,"18":0.4997276778,"19":-1.2392004805,"20":-0.4296586481,"21":-1.2392004805,"22":-1.2392004805,"23":1.9524949104,"24":2.0179668067,"25":-1.2392004805,"26":-1.2392004805,"27":-1.2392004805,"28":-1.2392004805,"29":-0.4296586481,"30":0.6726672766,"31":-1.2392004805,"32":0.2057066691,"33":-1.2392004805,"34":-1.2392004805,"35":-1.2392004805,"36":0.7656978676,"37":-0.4296586481,"38":0.1171814103,"39":-1.2392004805,"40":-1.2392004805,"41":0.2057066691,"42":0.2057066691,"43":-1.2392004805,"44":-1.2392004805,"45":-1.2392004805,"46":0.6390994218,"47":0.1171814103,"48":0.2823155854,"49":-1.2392004805,"50":-0.5171815501,"51":-1.2392004805,"52":-0.022255551,"53":-1.2392004805,"54":-1.2392004805,"55":-1.2392004805,"56":-1.2392004805,"57":-0.022255551,"58":0.0527794377,"59":-1.2392004805,"60":-1.2392004805,"61":-1.2392004805,"62":-0.6624387962,"63":-1.2392004805,"64":-1.2392004805,"65":-0.6624387962,"66":-0.5467893059},"max0":{"0":2.2592492586,"1":1.1612360675,"2":2.2592492586,"3":1.1612360675,"4":1.1612360675,"5":2.2592492586,"6":2.2592492586,"7":1.1612360675,"8":1.1612360675,"9":1.1612360675,"10":1.1612360675,"11":1.4615005306,"12":2.2592492586,"13":1.9524949104,"14":2.2592492586,"15":1.1612360675,"16":1.1612360675,"17":0.4997276778,"18":1.1612360675,"19":-0.4296586481,"20":1.1612360675,"21":1.1612360675,"22":1.1612360675,"23":2.0179668067,"24":2.2592492586,"25":1.1612360675,"26":1.1612360675,"27":-0.4296586481,"28":-0.4296586481,"29":0.6726672766,"30":1.1612360675,"31":0.2057066691,"32":1.1612360675,"33":1.1612360675,"34":1.1612360675,"35":0.7656978676,"36":1.1612360675,"37":0.1171814103,"38":0.6726672766,"39":0.2057066691,"40":0.2057066691,"41":1.1612360675,"42":1.1612360675,"43":1.1612360675,"44":1.1612360675,"45":0.6390994218,"46":0.7656978676,"47":0.2823155854,"48":0.6726672766,"49":-0.5171815501,"50":0.2057066691,