{"time":{"0":0.0,"1":0.3311093167,"2":0.3311093167,"3":0.7894189784,"4":0.7894189784,"5":0.6550049247,"6":0.6550049247,"7":1.006788463,"8":1.006788463,"9":1.1793556932,"10":1.1793556932,"11":0.7562371668,"12":0.7562371668,"13":0.6614490099,"14":0.6614490099,"15":1.5925236911,"16":1.5925236911,"17":1.4648830461,"18":1.4648830461,"19":1.3380635962,"20":1.3380635962,"21":1.3325147474,"22":1.3325147474,"23":2.3412793031,"24":2.3412793031,"25":0.8262545592,"26":0.8262545592,"27":0.7081438899,"28":0.7081438899,"29":1.77240314,"30":1.77240314,"31":1.6797793946,"32":1.6797793946,"33":1.9891478922,"34":1.9891478922,"35":1.9234924679,"36":1.9234924679,"37":0.8665162734,"38":0.8665162734,"39":2.1693795861,"40":2.1693795861,"41":1.8036092754,"42":1.8036092754,"43":2.3717288914,"44":2.3717288914,"45":1.8199328343,"46":1.8199328343,"47":1.99674858,"48":1.99674858,"49":1.9713642085,"50":1.9713642085,"51":1.9968135779,"52":1.9968135779,"53":1.9988049369,"54":1.9988049369,"55":2.0353172528,"56":2.0353172528,"57":2.3158152202,"58":2.3158152202,"59":2.2584593341,"60":2.2584593341},"father":{"0":"nan","1":0,"2":0,"3":1,"4":1,"5":2,"6":2,"7":3,"8":3,"9":4,"10":4,"11":5,"12":5,"13":6,"14":6,"15":7,"16":7,"17":8,"18":8,"19":9,"20":9,"21":10,"22":10,"23":11,"24":11,"25":13,"26":13,"27":14,"28":14,"29":15,"30":15,"31":19,"32":19,"33":20,"34":20,"35":22,"36":22,"37":26,"38":26,"39":28,"40":28,"41":30,"42":30,"43":31,"44":31,"45":32,"46":32,"47":33,"48":33,"49":41,"50":41,"51":45,"52":45,"53":47,"54":47,"55":51,"56":51,"57":54,"58":54,"59":56,"60":56},"part_number":{"0":0,"1":1,"2":2,"3":3,"4":4,"5":5,"6":6,"7":7,"8":8,"9":9,"10":10,"11":11,"12":12,"13":13,"14":14,"15":15,"16":16,"17":17,"18":18,"19":19,"20":20,"21":21,"22":22,"23":23,"24":24,"25":25,"26":26,"27":27,"28":28,"29":29,"30":30,"31":31,"32":32,"33":33,"34":34,"35":35,"36":36,"37":37,"38":38,"39":39,"40":40,"41":41,"42":42,"43":43,"44":44,"45":45,"46":46,"47":47,"48":48,"49":49,"50":50,"51":51,"52":52,"53":53,"54":54,"55":55,"56":56,"57":57,"58":58,"59":59,"60":60},"dim":{"0":"nan","1":0,"2":0,"3":1,"4":1,"5":1,"6":1,"7":1,"8":1,"9":1,"10":1,"11":0,"12":0,"13":0,"14":0,"15":1,"16":1,"17":0,"18":0,"19":0,"20":0,"21":1,"22":1,"23":1,"24":1,"25":0,"26":0,"27":1,"28":1,"29":1,"30":1,"31":0,"32":0,"33":1,"34":1,"35":1,"36":1,"37":1,"38":1,"39":0,"40":0,"41":1,"42":1,"43":1,"44":1,"45":1,"46":1,"47":0,"48":0,"49":1,"50":1,"51":0,"52":0,"53":0,"54":0,"55":0,"56":0,"57":0,"58":0,"59":0,"60":0},"distance":{"0":"nan","1":0.0630586128,"2":0.0630586128,"3":0.0913082529,"4":0.0913082529,"5":0.00047105,"6":0.00047105,"7":0.000853896,"8":0.000853896,"9":0.0162362302,"10":0.0162362302,"11":0.1501396239,"12":0.1501396239,"13":0.0200094446,"14":0.0200094446,"15":0.0096444401,"16":0.0096444401,"17":0.2854932628,"18":0.2854932628,"19":0.0024702003,"20":0.0024702003,"21":0.0099345742,"22":0.0099345742,"23":0.0257468774,"24":0.0257468774,"25":0.0529139184,"26":0.0529139184,"27":0.1189503595,"28":0.1189503595,"29":0.0090173483,"30":0.0090173483,"31":0.0095756191,"32":0.0095756191,"33":0.0801754193,"34":0.0801754193,"35":0.0038606535,"36":0.0038606535,"37":0.013598967,"38":0.013598967,"39":0.0286165243,"40":0.0286165243,"41":0.0175105978,"42":0.0175105978,"43":0.1124263501,"44":0.1124263501,"45":0.0327511462,"46":0.0327511462,"47":0.354775519,"48":0.354775519,"49":0.0107099265,"50":0.0107099265,"51":0.0112373992,"52":0.0112373992,"53":0.0121598768,"54":0.0121598768,"55":0.0125497715,"56":0.0125497715,"57":0.0113109972,"58":0.0113109972,"59":0.0067505516,"60":0.0067505516},"x":{"0":"nan","1":1.105977079,"2":1.105977079,"3":-0.2548716835,"4":-0.2548716835,"5":-0.2682670865,"6":-0.2682670865,"7":-0.3871978872,"8":-0.3871978872,"9":0.9597259445,"10":0.9597259445,"11":1.4926818754,"12":1.4926818754,"13":1.8033266274,"14":1.8033266274,"15":-0.4013333101,"16":-0.4013333101,"17":0.6625685828,"18":0.6625685828,"19":0.1078226138,"20":0.1078226138,"21":0.9756780049,"22":0.9756780049,"23":-0.3374300608,"24":-0.3374300608,"25":1.5318459569,"26":1.5318459569,"27":0.1419251089,"28":0.1419251089,"29":-0.4960668921,"30":-0.4960668921,"31":-0.8052696864,"32":-0.8052696864,"33":0.5030360072,"34":0.5030360072,"35":0.9868445252,"36":0.9868445252,"37":-0.1851811305,"38":-0.1851811305,"39":1.9524949104,"40":1.9524949104,"41":-0.4465665219,"42":-0.4465665219,"43":0.2511639108,"44":0.2511639108,"45":0.6190145173,"46":0.6190145173,"47":0.5857779347,"48":0.5857779347,"49":-0.4857986724,"50":-0.4857986724,"51":0.0858799354,"52":0.0858799354,"53":0.1192251683,"54":0.1192251683,"55":0.0373482508,"56":0.0373482508,"57":0.2823155854,"58":0.2823155854,"59":0.0590882952,"60":0.0590882952},"leaf":{"0":false,"1":false,"2":false,"3":false,"4":false,"5":false,"6":false,"7":false,"8":false,"9":false,"10":false,"11":false,"12":true,"13":false,"14":false,"15":false,"16":true,"17":true,"18":true,"19":false,"20":false,"21":true,"22":false,"23":true,"24":true,"25":true,"26":false,"27":true,"28":false,"29":true,"30":false,"31":false,"32":false,"33":false,"34":true,"35":true,"36":true,"37":true,"38":true,"39":true,"40":true,"41":false,"42":true,"43":true,"44":true,"45":false,"46":true,"47":false,"48":true,"49":true,"50":true,"51":false,"52":true,"53":true,"54":false,"55":true,"56":false,"57":true,"58":true,"59":true,"60":true},"min0":{"0":-1.2392004805,"1":-1.2392004805,"2":1.105977079,"3":-1.2392004805,"4":-1.2392004805,"5":1.105977079,"6":1.105977079,"7":-1.2392004805,"8":-1.2392004805,"9":-1.2392004805,"10":-1.2392004805,"11":1.105977079,"12":1.4926818754,"13":1.105977079,"14":1.8033266274,"15":-1.2392004805,"16":-1.2392004805,"17":-1.2392004805,"18":0.6625685828,"19":-1.2392004805,"20":0.1078226138,"21":-1.2392004805,"22":-1.2392004805,"23":1.105977079,"24":1.105977079,"25":1.105977079,"26":1.5318459569,"27":1.8033266274,"28":1.8033266274,"29":-1.2392004805,"30":-1.2392004805,"31":-1.2392004805,"32":-0.8052696864,"33":0.1078226138,"34":0.1078226138,"35":-1.2392004805,"36":-1.2392004805,"37":1.5318459569,"38":1.5318459569,"39":1.8033266274,"40":1.9524949104,"41":-1.2392004805,"42":-1.2392004805,"43":-1.2392004805,"44":-1.2392004805,"45":-0.8052696864,"46":-0.8052696864,"47":0.1078226138,"48":0.5857779347,"49":-1.2392004805,"50":-1.2392004805,"51":-0.8052696864,"52":0.0858799354,"53":0.1078226138,"54":0.1192251683,"55":-0.8052696864,"56":0.0373482508,"57":0.1192251683,"58":0.2823155854,"59":0.0373482508,"60":0.0590882952},"max0":{"0":2.2592492586,"1":1.105977079,"2":2.2592492586,"3":1.105977079,"4":1.105977079,"5":2.2592492586,"6":2.2592492586,"7":1.105977079,"8":1.105977079,"9":1.105977079,"10":1.105977079,"11":1.4926818754,"12":2.2592492586,"13":1.8033266274,"14":2.2592492586,"15":1.105977079,"16":1.105977079,"17":0.6625685828,"18":1.105977079,"19":0.1078226138,"20":1.105977079,"21":1.105977079,"22":1.105977079,"23":1.4926818754,"24":1.4926818754,"25":1.5318459569,"26":1.8033266274,"27":2.2592492586,"28":2.2592492586,"29":1.105977079,"30":1.105977079,"31":-0.8052696864,"32":0.1078226138,"33":1.105977079,"34":1.105977079,"35":1.105977079,"36":1.105977079,"37":1.8033266274,"38":1.8033266274,"39":1.9524949104,"40":2.2592492586,"41":1.105977079,"42":1.105977079,"43":-0.8052696864,"44":-0.8052696864,"45":0.1078226138,"46":0.1078226138,"47":0.5857779347,"48":1.105977079,"49":1.105977079,"50":1.105977079,"51":0.0858799354,"52":0.1078226138,"53":0.1192251683,"54":0.5857779347,"55":0.0373482508,"56":0.0858799354,"57":0.2823155854,"58":0.5857779347,"59":0.0590882952,"60":0.0858799354},"min1":{"0":-0.7663286535,"1":-0.7663286535,"2":-0.7663286535,"3":-0.7663286535,"4":-0.2548716835,"5":-0.7663286535,"6":-0.2682670865,"7":-0.7663286535,"8":-0.3871978872,"9":-0.2548716835,"10":0.9597259445,"11":-0.7663286535,"12":-0.7663286535,"13":-0.2682670865,"14":-0.2682670865,"15":-0.7663286535,"16":-0.4013333101,"17":-0.3871978872,"18":-0.3871978872,"19":-0.2548716835,"20":-0.2548716835,"21":0.9597259445,"22":0.9756780049,"23":-0.7663286535,"24":-0.3374300608,"25":-0.2682670865,"26":-0.2682670865,