{"time":{"0":0.0,"1":0.1796442161,"2":0.1796442161,"3":0.6235770929,"4":0.6235770929,"5":0.4357480404,"6":0.4357480404,"7":0.7177960346,"8":0.7177960346,"9":0.7400309432,"10":0.7400309432,"11":0.4659462666,"12":0.4659462666,"13":1.6371772961,"14":1.6371772961,"15":0.8523861861,"16":0.8523861861,"17":0.9232824981,"18":0.9232824981,"19":0.8728856721,"20":0.8728856721,"21":0.8039054437,"22":0.8039054437,"23":1.8786472472,"24":1.8786472472,"25":0.5927990449,"26":0.5927990449,"27":1.0705071912,"28":1.0705071912,"29":1.8290202109,"30":1.8290202109,"31":1.6945707833,"32":1.6945707833,"33":1.5539107119,"34":1.5539107119,"35":1.8322384783,"36":1.8322384783,"37":1.3549810155,"38":1.3549810155,"39":0.9070123983,"40":0.9070123983,"41":0.991101789,"42":0.991101789,"43":1.8625660554,"44":1.8625660554,"45":1.8968900608,"46":1.8968900608,"47":1.6674801826,"48":1.6674801826,"49":1.0002779027,"50":1.0002779027,"51":1.8824118268,"52":1.8824118268,"53":1.9396601799,"54":1.9396601799,"55":1.2820411217,"56":1.2820411217,"57":1.6175675329,"58":1.6175675329},"father":{"0":"nan","1":0,"2":0,"3":1,"4":1,"5":2,"6":2,"7":3,"8":3,"9":4,"10":4,"11":5,"12":5,"13":6,"14":6,"15":7,"16":7,"17":8,"18":8,"19":9,"20":9,"21":10,"22":10,"23":11,"24":11,"25":12,"26":12,"27":15,"28":15,"29":16,"30":16,"31":17,"32":17,"33":18,"34":18,"35":20,"36":20,"37":21,"38":21,"39":22,"40":22,"41":25,"42":25,"43":36,"44":36,"45":37,"46":37,"47":38,"48":38,"49":40,"50":40,"51":44,"52":44,"53":47,"54":47,"55":49,"56":49,"57":50,"58":50},"part_number":{"0":0,"1":1,"2":2,"3":3,"4":4,"5":5,"6":6,"7":7,"8":8,"9":9,"10":10,"11":11,"12":12,"13":13,"14":14,"15":15,"16":16,"17":17,"18":18,"19":19,"20":20,"21":21,"22":22,"23":23,"24":24,"25":25,"26":26,"27":27,"28":28,"29":29,"30":30,"31":31,"32":32,"33":33,"34":34,"35":35,"36":36,"37":37,"38":38,"39":39,"40":40,"41":41,"42":42,"43":43,"44":44,"45":45,"46":46,"47":47,"48":48,"49":49,"50":50,"51":51,"52":52,"53":53,"54":54,"55":55,"56":56,"57":57,"58":58},"dim":{"0":"nan","1":1,"2":1,"3":0,"4":0,"5":0,"6":0,"7":1,"8":1,"9":1,"10":1,"11":0,"12":0,"13":1,"14":1,"15":0,"16":0,"17":1,"18":1,"19":0,"20":0,"21":0,"22":0,"23":0,"24":0,"25":1,"26":1,"27":1,"28":1,"29":1,"30":1,"31":0,"32":0,"33":0,"34":0,"35":1,"36":1,"37":0,"38":0,"39":1,"40":1,"41":1,"42":1,"43":0,"44":0,"45":1,"46":1,"47":1,"48":1,"49":0,"50":0,"51":0,"52":0,"53":1,"54":1,"55":0,"56":0,"57":0,"58":0},"distance":{"0":"nan","1":0.0301532816,"2":0.0301532816,"3":0.0883512593,"4":0.0883512593,"5":0.0908671222,"6":0.0908671222,"7":0.1632397543,"8":0.1632397543,"9":0.0920341674,"10":0.0920341674,"11":0.0613589371,"12":0.0613589371,"13":0.0194165723,"14":0.0194165723,"15":0.0335698569,"16":0.0335698569,"17":0.0676359064,"18":0.0676359064,"19":0.1145184942,"20":0.1145184942,"21":0.0992652145,"22":0.0992652145,"23":0.0907168354,"24":0.0907168354,"25":0.0005924819,"26":0.0005924819,"27":0.1304845477,"28":0.1304845477,"29":0.021538385,"30":0.021538385,"31":0.0129608193,"32":0.0129608193,"33":0.0010827193,"34":0.0010827193,"35":0.0078701946,"36":0.0078701946,"37":0.0315881754,"38":0.0315881754,"39":0.1447461267,"40":0.1447461267,"41":0.0126582592,"42":0.0126582592,"43":0.1393130512,"44":0.1393130512,"45":0.1095918653,"46":0.1095918653,"47":0.1101888586,"48":0.1101888586,"49":0.0153746596,"50":0.0153746596,"51":0.0127540582,"52":0.0127540582,"53":0.0836603978,"54":0.0836603978,"55":0.0542495731,"56":0.0542495731,"57":0.0118039818,"58":0.0118039818},"x":{"0":"nan","1":0.6414620811,"2":0.6414620811,"3":-0.5981401748,"4":-0.5981401748,"5":0.615550229,"6":0.615550229,"7":-0.0021165596,"8":-0.0021165596,"9":-0.7607115995,"10":-0.7607115995,"11":0.2162424565,"12":0.2162424565,"13":0.695283065,"14":0.695283065,"15":-0.9034077979,"16":-0.9034077979,"17":0.3497370916,"18":0.3497370916,"19":-0.258053299,"20":-0.258053299,"21":0.5673055366,"22":0.5673055366,"23":-0.6737188444,"24":-0.6737188444,"25":0.8861271711,"26":0.8861271711,"27":-0.2887787845,"28":-0.2887787845,"29":-0.6943057004,"30":-0.6943057004,"31":-0.9583305641,"32":-0.9583305641,"33":-0.8572900479,"34":-0.8572900479,"35":-1.0393185702,"36":-1.0393185702,"37":-0.0256657627,"38":-0.0256657627,"39":-0.1084704274,"40":-0.1084704274,"41":0.8744608804,"42":0.8744608804,"43":0.0854793525,"44":0.0854793525,"45":-0.2698749073,"46":-0.2698749073,"47":0.1518340115,"48":0.1518340115,"49":0.9177404284,"50":0.9177404284,"51":0.3154010041,"52":0.3154010041,"53":0.0198759674,"54":0.0198759674,"55":0.8806748835,"56":0.8806748835,"57":0.9325311455,"58":0.9325311455},"leaf":{"0":false,"1":false,"2":false,"3":false,"4":false,"5":false,"6":false,"7":false,"8":false,"9":false,"10":false,"11":false,"12":false,"13":true,"14":true,"15":false,"16":false,"17":false,"18":false,"19":true,"20":false,"21":false,"22":false,"23":true,"24":true,"25":false,"26":true,"27":true,"28":true,"29":true,"30":true,"31":true,"32":true,"33":true,"34":true,"35":true,"36":false,"37":false,"38":false,"39":true,"40":false,"41":true,"42":true,"43":true,"44":false,"45":true,"46":true,"47":false,"48":true,"49":false,"50":false,"51":true,"52":true,"53":true,"54":true,"55":true,"56":true,"57":true,"58":true},"min0":{"0":-1.2087322039,"1":-1.2087322039,"2":-1.2087322039,"3":-1.2087322039,"4":-0.5981401748,"5":-1.2087322039,"6":0.615550229,"7":-1.2087322039,"8":-1.2087322039,"9":-0.5981401748,"10":-0.5981401748,"11":-1.2087322039,"12":0.2162424565,"13":0.615550229,"14":0.615550229,"15":-1.2087322039,"16":-0.9034077979,"17":-1.2087322039,"18":-1.2087322039,"19":-0.5981401748,"20":-0.258053299,"21":-0.5981401748,"22":0.5673055366,"23":-1.2087322039,"24":-0.6737188444,"25":0.2162424565,"26":0.2162424565,"27":-1.2087322039,"28":-1.2087322039,"29":-0.9034077979,"30":-0.9034077979,"31":-1.2087322039,"32":-0.9583305641,"33":-1.2087322039,"34":-0.8572900479,"35":-0.258053299,"36":-0.258053299,"37":-0.5981401748,"38":-0.0256657627,"39":0.5673055366,"40":0.5673055366,"41":0.2162424565,"42":0.2162424565,"43":-0.258053299,"44":0.0854793525,"45":-0.5981401748,"46":-0.5981401748,"47":-0.0256657627,"48":-0.0256657627,"49":0.5673055366,"50":0.9177404284,"51":0.0854793525,"52":0.3154010041,"53":-0.0256657627,"54":-0.0256657627,"55":0.5673055366,"56":0.8806748835,"57":0.9177404284,"58":0.9325311455},"max0":{"0":1.1842479108,"1":1.1842479108,"2":1.1842479108,"3":-0.5981401748,"4":1.1842479108,"5":0.615550229,"6":1.1842479108,"7":-0.5981401748,"8":-0.5981401748,"9":1.1842479108,"10":1.1842479108,"11":0.2162424565,"12":0.615550229,"13":1.1842479108,"14":1.1842479108,"15":-0.9034077979,"16":-0.5981401748,"17":-0.5981401748,"18":-0.5981401748,"19":-0.258053299,"20":1.1842479108,"21":0.5673055366,"22":1.1842479108,"23":-0.6737188444,"24":0.2162424565,"25":0.615550229,"26":0.615550229,"27":-0.9034077979,"28":-0.9034077979,"29":-0.5981401748,"30":-0.5981401748,"31":-0.9583305641,"32":-0.5981401748,"33":-0.8572900479,"34":-0.5981401748,"35":1.1842479108,"36":1.1842479108,"37":-0.0256657627,"38":0.5673055366,"39":1.1842479108,"40":1.1842479108,"41":0.615550229,"42":0.615550229,"43":0.0854793525,"44":1.1842479108,"45":-0.0256657627,"46":-0.0256657627,"47":0.5673055366,"48":0.5673055366,"49":0.9177404284,"50":1.1842479108,"51":0.3154010041,"52":1.1842479108,"53":0.5673055366,"54":0.5673055366,"55":0.8806748835,"56":0.9177404284,"57":0.9325311455,"58":1.1842479108},"min1":{"0":-1.1504969248,"1":-1.1504969248,"2":0.6414620811,"3":-1.1504969248,"4":-1.1504969248,"5":0.6414620811,"6":0.6414620811,"7":-1.1504969248,"8":-0.0021165596,"9":-1.1504969248,"10":-0.7607115995,"11":0.6414620811,"12":0.6414620811,"13":0.6414620811,"14":0.695283065,"15":-1.1504969248,"16":-1.1504969248,"17":-0.0021165596,"18":0.3497370916,"19":-1.1504969248,"20":-1.1504969248,"21":-0.7607115995,"22":-0.7607115995,"23":0.6414620811,"24":0.6414620811,"25":0.6414620811,"26":0.8861271711,"27":-1.1504969248,"28":-0.2887787845,"29":-1.1504969248,"30":-0.6943057004,"31":-0.0021165596,"32":-0.0021165596,"33":0.3497370916,"34":0.3497370916,"35":-1.1504969248,"36":-1.0393185702,