{"time":{"0":0.0,"1":0.0072617448,"2":0.0072617448,"3":0.1480658887,"4":0.1480658887,"5":0.3580436877,"6":0.3580436877,"7":0.5716154358,"8":0.5716154358,"9":0.5840598697,"10":0.5840598697,"11":1.105238405,"12":1.105238405,"13":1.0121643842,"14":1.0121643842,"15":1.0056623806,"16":1.0056623806,"17":1.1887004877,"18":1.1887004877,"19":1.1209408975,"20":1.1209408975,"21":1.1826247834,"22":1.1826247834,"23":1.382715297,"24":1.382715297,"25":2.3653212977,"26":2.3653212977,"27":1.4761293774,"28":1.4761293774,"29":1.6731379568,"30":1.6731379568,"31":1.4140220038,"32":1.4140220038,"33":2.1311295857,"34":2.1311295857,"35":2.4364057046,"36":2.4364057046,"37":1.6512213908,"38":1.6512213908,"39":1.4844908546,"40":1.4844908546,"41":1.6814565549,"42":1.6814565549,"43":1.8676632799,"44":1.8676632799,"45":1.8867578498,"46":1.8867578498,"47":1.8634331536,"48":1.8634331536,"49":2.1293225812,"50":2.1293225812,"51":2.2122231968,"52":2.2122231968,"53":2.0004003657,"54":2.0004003657,"55":2.4064034012,"56":2.4064034012,"57":2.2716037724,"58":2.2716037724,"59":2.1885541232,"60":2.1885541232},"father":{"0":"nan","1":0,"2":0,"3":1,"4":1,"5":2,"6":2,"7":3,"8":3,"9":4,"10":4,"11":7,"12":7,"13":8,"14":8,"15":9,"16":9,"17":10,"18":10,"19":11,"20":11,"21":15,"22":15,"23":16,"24":16,"25":17,"26":17,"27":18,"28":18,"29":20,"30":20,"31":23,"32":23,"33":24,"34":24,"35":26,"36":26,"37":27,"38":27,"39":28,"40":28,"41":29,"42":29,"43":37,"44":37,"45":38,"46":38,"47":39,"48":39,"49":40,"50":40,"51":44,"52":44,"53":45,"54":45,"55":46,"56":46,"57":48,"58":48,"59":49,"60":49},"part_number":{"0":0,"1":1,"2":2,"3":3,"4":4,"5":5,"6":6,"7":7,"8":8,"9":9,"10":10,"11":11,"12":12,"13":13,"14":14,"15":15,"16":16,"17":17,"18":18,"19":19,"20":20,"21":21,"22":22,"23":23,"24":24,"25":25,"26":26,"27":27,"28":28,"29":29,"30":30,"31":31,"32":32,"33":33,"34":34,"35":35,"36":36,"37":37,"38":38,"39":39,"40":40,"41":41,"42":42,"43":43,"44":44,"45":45,"46":46,"47":47,"48":48,"49":49,"50":50,"51":51,"52":52,"53":53,"54":54,"55":55,"56":56,"57":57,"58":58,"59":59,"60":60},"dim":{"0":"nan","1":0,"2":0,"3":1,"4":1,"5":1,"6":1,"7":1,"8":1,"9":0,"10":0,"11":1,"12":1,"13":0,"14":0,"15":1,"16":1,"17":0,"18":0,"19":1,"20":1,"21":0,"22":0,"23":1,"24":1,"25":1,"26":1,"27":1,"28":1,"29":0,"30":0,"31":0,"32":0,"33":1,"34":1,"35":1,"36":1,"37":0,"38":0,"39":1,"40":1,"41":0,"42":0,"43":0,"44":0,"45":0,"46":0,"47":0,"48":0,"49":0,"50":0,"51":0,"52":0,"53":0,"54":0,"55":0,"56":0,"57":1,"58":1,"59":0,"60":0},"distance":{"0":"nan","1":0.0474593641,"2":0.0474593641,"3":0.0913082529,"4":0.0913082529,"5":0.0852835442,"6":0.0852835442,"7":0.0134986494,"8":0.0134986494,"9":0.0061416856,"10":0.0061416856,"11":0.0088862548,"12":0.0088862548,"13":0.0401885472,"14":0.0401885472,"15":0.0648114206,"16":0.0648114206,"17":0.004087516,"18":0.004087516,"19":0.0083156267,"20":0.0083156267,"21":0.0239259281,"22":0.0239259281,"23":0.0193239625,"24":0.0193239625,"25":0.2101618884,"26":0.2101618884,"27":0.0801754193,"28":0.0801754193,"29":0.1016660533,"30":0.1016660533,"31":0.0013540114,"32":0.0013540114,"33":0.0242266896,"34":0.0242266896,"35":0.0050671892,"36":0.0050671892,"37":0.354775519,"38":0.354775519,"39":0.0488248465,"40":0.0488248465,"41":0.0117192544,"42":0.0117192544,"43":0.0090886677,"44":0.0090886677,"45":0.011242931,"46":0.011242931,"47":0.1824959438,"48":0.1824959438,"49":0.0917573349,"50":0.0917573349,"51":0.0113109972,"52":0.0113109972,"53":0.0160331132,"54":0.0160331132,"55":0.0036948275,"56":0.0036948275,"57":0.0079222253,"58":0.0079222253,"59":0.0522827399,"60":0.0522827399},"x":{"0":"nan","1":1.1612360675,"2":1.1612360675,"3":-0.2548716835,"4":-0.2548716835,"5":0.4066884635,"6":0.4066884635,"7":-0.3784605893,"8":-0.3784605893,"9":-0.0786553097,"10":-0.0786553097,"11":-0.3920679626,"12":-0.3920679626,"13":0.4997276778,"14":0.4997276778,"15":0.227356446,"16":0.227356446,"17":0.1111014719,"18":0.1111014719,"19":-0.5047333797,"20":-0.5047333797,"21":-0.9778677738,"22":-0.9778677738,"23":0.4039861998,"24":0.4039861998,"25":0.7077198884,"26":0.7077198884,"27":0.5030360072,"28":0.5030360072,"29":0.7656978676,"30":0.7656978676,"31":-0.8428966363,"32":-0.8428966363,"33":0.6232767457,"34":0.6232767457,"35":0.987447793,"36":0.987447793,"37":0.5857779347,"38":0.5857779347,"39":0.8759083195,"40":0.8759083195,"41":0.6390994218,"42":0.6390994218,"43":0.1298494405,"44":0.1298494405,"45":0.9271188423,"46":0.9271188423,"47":0.5373053074,"48":0.5373053074,"49":0.3938277985,"50":0.3938277985,"51":0.2823155854,"52":0.2823155854,"53":0.9130763311,"54":0.9130763311,"55":0.9387917918,"56":0.9387917918,"57":0.6344061406,"58":0.6344061406,"59":0.2721267384,"60":0.2721267384},"leaf":{"0":false,"1":false,"2":false,"3":false,"4":false,"5":true,"6":true,"7":false,"8":false,"9":false,"10":false,"11":false,"12":true,"13":true,"14":true,"15":false,"16":false,"17":false,"18":false,"19":true,"20":false,"21":true,"22":true,"23":false,"24":false,"25":true,"26":false,"27":false,"28":false,"29":false,"30":true,"31":true,"32":true,"33":true,"34":true,"35":true,"36":true,"37":false,"38":false,"39":false,"40":false,"41":true,"42":true,"43":true,"44":false,"45":false,"46":false,"47":true,"48":false,"49":false,"50":true,"51":true,"52":true,"53":true,"54":true,"55":true,"56":true,"57":true,"58":true,"59":true,"60":true},"min0":{"0":-1.2392004805,"1":-1.2392004805,"2":1.1612360675,"3":-1.2392004805,"4":-1.2392004805,"5":1.1612360675,"6":1.1612360675,"7":-1.2392004805,"8":-1.2392004805,"9":-1.2392004805,"10":-0.0786553097,"11":-1.2392004805,"12":-1.2392004805,"13":-1.2392004805,"14":0.4997276778,"15":-1.2392004805,"16":-1.2392004805,"17":-0.0786553097,"18":0.1111014719,"19":-1.2392004805,"20":-1.2392004805,"21":-1.2392004805,"22":-0.9778677738,"23":-1.2392004805,"24":-1.2392004805,"25":-0.0786553097,"26":-0.0786553097,"27":0.1111014719,"28":0.1111014719,"29":-1.2392004805,"30":0.7656978676,"31":-1.2392004805,"32":-0.8428966363,"33":-1.2392004805,"34":-1.2392004805,"35":-0.0786553097,"36":-0.0786553097,"37":0.1111014719,"38":0.5857779347,"39":0.1111014719,"40":0.1111014719,"41":-1.2392004805,"42":0.6390994218,"43":0.1111014719,"44":0.1298494405,"45":0.5857779347,"46":0.9271188423,"47":0.1111014719,"48":0.5373053074,"49":0.1111014719,"50":0.3938277985,"51":0.1298494405,"52":0.2823155854,"53":0.5857779347,"54":0.9130763311,"55":0.9271188423,"56":0.9387917918,"57":0.5373053074,"58":0.5373053074,"59":0.1111014719,"60":0.2721267384},"max0":{"0":2.2592492586,"1":1.1612360675,"2":2.2592492586,"3":1.1612360675,"4":1.1612360675,"5":2.2592492586,"6":2.2592492586,"7":1.1612360675,"8":1.1612360675,"9":-0.0786553097,"10":1.1612360675,"11":1.1612360675,"12":1.1612360675,"13":0.4997276778,"14":1.1612360675,"15":-0.0786553097,"16":-0.0786553097,"17":0.1111014719,"18":1.1612360675,"19":1.1612360675,"20":1.1612360675,"21":-0.9778677738,"22":-0.0786553097,"23":-0.0786553097,"24":-0.0786553097,"25":0.1111014719,"26":0.1111014719,"27":1.1612360675,"28":1.1612360675,"29":0.7656978676,"30":1.1612360675,"31":-0.8428966363,"32":-0.0786553097,"33":-0.0786553097,"34":-0.0786553097,"35":0.1111014719,"36":0.1111014719,"37":0.5857779347,"38":1.1612360675,"39":1.1612360675,"40":1.1612360675,"41":0.6390994218,"42":0.7656978676,"43":0.1298494405,"44":0.5857779347,"45":0.9271188423,"46":1.1612360675,"47":0.5373053074,"48":1.1612360675,"49":0.3938277985,"50":1.1612360675,"51":0.2823155854,"52":0.5857779347,"53":0.9130763311,"54":0.9271188423,"55":0.9387917918,"56":1.1612360675,"57":1.1612360675,"58":1.1612360675,"59":0.2721267384,"60":0.3938277985},"min1":{"0":-0.7663286535,"1":-0.7663286535,"2":-0.7663286535,"3":-0.7663286535,"4":-0.2548716835,"5":-0.7663286535,"6":0.4066884635,"7":-0.7663286535,"8":-0.3784605893,"9":-0.2548716835,"10":-0.2548716835,"11":-0.7663286535,"12":-0.3920679626,"13":-0.3784605893,"14":-0.3784605893,"15":-0.2548716835,"16":0.227356446,"17":-0.2548716835,"18":-0.2548716835,"19":-0.7663286535,"20":-0.5047333797,"21":-0.2548716835,"22":-0.2548716835,"23":0.227356446,"24":0.4039861998,