{"time":{"0":0.0,"1":0.1977553395,"2":0.1977553395,"3":0.712465696,"4":0.712465696,"5":0.6519361806,"6":0.6519361806,"7":1.3908414346,"8":1.3908414346,"9":0.7651971056,"10":0.7651971056,"11":0.7233514052,"12":0.7233514052,"13":0.6930724926,"14":0.6930724926,"15":1.3606966514,"16":1.3606966514,"17":1.1959795504,"18":1.1959795504,"19":0.9488155692,"20":0.9488155692,"21":0.9370133849,"22":0.9370133849,"23":1.6808383062,"24":1.6808383062,"25":1.3303176498,"26":1.3303176498,"27":1.1102959862,"28":1.1102959862,"29":0.96255122,"30":0.96255122,"31":1.1019080366,"32":1.1019080366,"33":1.9485907344,"34":1.9485907344,"35":1.2034546801,"36":1.2034546801,"37":1.1387015041,"38":1.1387015041,"39":1.3120910957,"40":1.3120910957,"41":1.4152394483,"42":1.4152394483,"43":1.4720813407,"44":1.4720813407,"45":1.8804226276,"46":1.8804226276,"47":1.520415203,"48":1.520415203,"49":1.8437006879,"50":1.8437006879,"51":1.8928613741,"52":1.8928613741},"father":{"0":"nan","1":0,"2":0,"3":1,"4":1,"5":2,"6":2,"7":3,"8":3,"9":4,"10":4,"11":5,"12":5,"13":6,"14":6,"15":9,"16":9,"17":11,"18":11,"19":12,"20":12,"21":13,"22":13,"23":14,"24":14,"25":18,"26":18,"27":19,"28":19,"29":20,"30":20,"31":21,"32":21,"33":27,"34":27,"35":28,"36":28,"37":29,"38":29,"39":35,"40":35,"41":36,"42":36,"43":37,"44":37,"45":38,"46":38,"47":39,"48":39,"49":41,"50":41,"51":48,"52":48},"part_number":{"0":0,"1":1,"2":2,"3":3,"4":4,"5":5,"6":6,"7":7,"8":8,"9":9,"10":10,"11":11,"12":12,"13":13,"14":14,"15":15,"16":16,"17":17,"18":18,"19":19,"20":20,"21":21,"22":22,"23":23,"24":24,"25":25,"26":26,"27":27,"28":28,"29":29,"30":30,"31":31,"32":32,"33":33,"34":34,"35":35,"36":36,"37":37,"38":38,"39":39,"40":40,"41":41,"42":42,"43":43,"44":44,"45":45,"46":46,"47":47,"48":48,"49":49,"50":50,"51":51,"52":52},"dim":{"0":"nan","1":0,"2":0,"3":1,"4":1,"5":1,"6":1,"7":1,"8":1,"9":0,"10":0,"11":0,"12":0,"13":0,"14":0,"15":1,"16":1,"17":1,"18":1,"19":0,"20":0,"21":0,"22":0,"23":0,"24":0,"25":0,"26":0,"27":1,"28":1,"29":1,"30":1,"31":0,"32":0,"33":0,"34":0,"35":0,"36":0,"37":0,"38":0,"39":1,"40":1,"41":1,"42":1,"43":0,"44":0,"45":0,"46":0,"47":1,"48":1,"49":1,"50":1,"51":1,"52":1},"distance":{"0":"nan","1":0.0068415394,"2":0.0068415394,"3":0.1632397543,"4":0.1632397543,"5":0.0301532816,"6":0.0301532816,"7":0.1304845477,"8":0.1304845477,"9":0.0129608193,"10":0.0129608193,"11":0.0883512593,"12":0.0883512593,"13":0.0908671222,"14":0.0908671222,"15":0.0343907833,"16":0.0343907833,"17":0.8909565967,"18":0.8909565967,"19":0.0992652145,"20":0.0992652145,"21":0.0613589371,"22":0.0613589371,"23":0.0044582649,"24":0.0044582649,"25":0.0010827193,"26":0.0010827193,"27":0.197510085,"28":0.197510085,"29":0.1447461267,"30":0.1447461267,"31":0.0907168354,"32":0.0907168354,"33":0.1145184942,"34":0.1145184942,"35":0.0223041651,"36":0.0223041651,"37":0.0044463369,"38":0.0044463369,"39":0.019081311,"40":0.019081311,"41":0.1101888586,"42":0.1101888586,"43":0.089527685,"44":0.089527685,"45":0.0586508995,"46":0.0586508995,"47":0.1095918653,"48":0.1095918653,"49":0.0836603978,"50":0.0836603978,"51":0.0743762876,"52":0.0743762876},"x":{"0":"nan","1":-0.8900436392,"2":-0.8900436392,"3":-0.0021165596,"4":-0.0021165596,"5":0.6414620811,"6":0.6414620811,"7":-0.2887787845,"8":-0.2887787845,"9":-0.9583305641,"10":-0.9583305641,"11":-0.5981401748,"12":-0.5981401748,"13":0.615550229,"14":0.615550229,"15":0.213671608,"16":0.213671608,"17":-0.0619232535,"18":-0.0619232535,"19":0.5673055366,"20":0.5673055366,"21":0.2162424565,"22":0.2162424565,"23":0.6970231264,"24":0.6970231264,"25":-0.8572900479,"26":-0.8572900479,"27":-0.7079736407,"28":-0.7079736407,"29":-0.1084704274,"30":-0.1084704274,"31":-0.6737188444,"32":-0.6737188444,"33":-0.258053299,"34":-0.258053299,"35":0.0012804075,"36":0.0012804075,"37":0.7792858554,"38":0.7792858554,"39":0.3691436902,"40":0.3691436902,"41":0.1518340115,"42":0.1518340115,"43":0.7276110525,"44":0.7276110525,"45":0.832376843,"46":0.832376843,"47":-0.2698749073,"48":-0.2698749073,"49":0.0198759674,"50":0.0198759674,"51":-0.146533881,"52":-0.146533881},"leaf":{"0":false,"1":false,"2":false,"3":false,"4":false,"5":false,"6":false,"7":true,"8":true,"9":false,"10":true,"11":false,"12":false,"13":false,"14":false,"15":true,"16":true,"17":true,"18":false,"19":false,"20":false,"21":false,"22":true,"23":true,"24":true,"25":true,"26":true,"27":false,"28":false,"29":false,"30":true,"31":true,"32":true,"33":true,"34":true,"35":false,"36":false,"37":false,"38":false,"39":false,"40":true,"41":false,"42":true,"43":true,"44":true,"45":true,"46":true,"47":true,"48":false,"49":true,"50":true,"51":true,"52":true},"min0":{"0":-1.2087322039,"1":-1.2087322039,"2":-0.8900436392,"3":-1.2087322039,"4":-1.2087322039,"5":-0.8900436392,"6":-0.8900436392,"7":-1.2087322039,"8":-1.2087322039,"9":-1.2087322039,"10":-0.9583305641,"11":-0.8900436392,"12":-0.5981401748,"13":-0.8900436392,"14":0.615550229,"15":-1.2087322039,"16":-1.2087322039,"17":-0.8900436392,"18":-0.8900436392,"19":-0.5981401748,"20":0.5673055366,"21":-0.8900436392,"22":0.2162424565,"23":0.615550229,"24":0.6970231264,"25":-0.8900436392,"26":-0.8572900479,"27":-0.5981401748,"28":-0.5981401748,"29":0.5673055366,"30":0.5673055366,"31":-0.8900436392,"32":-0.6737188444,"33":-0.5981401748,"34":-0.258053299,"35":-0.5981401748,"36":0.0012804075,"37":0.5673055366,"38":0.7792858554,"39":-0.5981401748,"40":-0.5981401748,"41":0.0012804075,"42":0.0012804075,"43":0.5673055366,"44":0.7276110525,"45":0.7792858554,"46":0.832376843,"47":-0.5981401748,"48":-0.5981401748,"49":0.0012804075,"50":0.0012804075,"51":-0.5981401748,"52":-0.5981401748},"max0":{"0":1.1842479108,"1":-0.8900436392,"2":1.1842479108,"3":-0.8900436392,"4":-0.8900436392,"5":1.1842479108,"6":1.1842479108,"7":-0.8900436392,"8":-0.8900436392,"9":-0.9583305641,"10":-0.8900436392,"11":-0.5981401748,"12":1.1842479108,"13":0.615550229,"14":1.1842479108,"15":-0.9583305641,"16":-0.9583305641,"17":-0.5981401748,"18":-0.5981401748,"19":0.5673055366,"20":1.1842479108,"21":0.2162424565,"22":0.615550229,"23":0.6970231264,"24":1.1842479108,"25":-0.8572900479,"26":-0.5981401748,"27":0.5673055366,"28":0.5673055366,"29":1.1842479108,"30":1.1842479108,"31":-0.6737188444,"32":0.2162424565,"33":-0.258053299,"34":0.5673055366,"35":0.0012804075,"36":0.5673055366,"37":0.7792858554,"38":1.1842479108,"39":0.0012804075,"40":0.0012804075,"41":0.5673055366,"42":0.5673055366,"43":0.7276110525,"44":0.7792858554,"45":0.832376843,"46":1.1842479108,"47":0.0012804075,"48":0.0012804075,"49":0.5673055366,"50":0.5673055366,"51":0.0012804075,"52":0.0012804075},"min1":{"0":-1.1504969248,"1":-1.1504969248,"2":-1.1504969248,"3":-1.1504969248,"4":-0.0021165596,"5":-1.1504969248,"6":0.6414620811,"7":-1.1504969248,"8":-0.2887787845,"9":-0.0021165596,"10":-0.0021165596,"11":-1.1504969248,"12":-1.1504969248,"13":0.6414620811,"14":0.6414620811,"15":-0.0021165596,"16":0.213671608,"17":-1.1504969248,"18":-0.0619232535,"19":-1.1504969248,"20":-1.1504969248,"21":0.6414620811,"22":0.6414620811,"23":0.6414620811,"24":0.6414620811,"25":-0.0619232535,"26":-0.0619232535,"27":-1.1504969248,"28":-0.7079736407,"29":-1.1504969248,"30":-0.1084704274,"31":0.6414620811,"32":0.6414620811,"33":-1.1504969248,"34":-1.1504969248,"35":-0.7079736407,"36":-0.7079736407,"37":-1.1504969248,"38":-1.1504969248,"39":-0.7079736407,"40":0.3691436902,"41":-0.7079736407,"42":0.1518340115,"43":-1.1504969248,"44":-1.1504969248,"45":-1.1504969248,"46":-1.1504969248,"47":-0.7079736407,"48":-0.2698749073,"49":-0.7079736407,"50":0.0198759674,"51":-0.2698749073,"52":-0.146533881},"max1":{"0":1.1224752717,"1":1.1224752717,"2":1.1224752717,"3":-0.0021165596,"4":1.1224752717,"5":0.6414620811,"6":1.1224752717,"7":-0.2887787845,"8":-0.0021165596,"9":1.1224752717,"10":1.1224752717,"11":0.6414620811,"12":0.6414620811,"13":1.1224752717,"14":1.1224752717,"15":0.213671608,"16":1.1224752717,"17":-0.0619232535,"18":0.6414620811,"19":0.6414620811,"20":0.6414620811,"21":1.1224752717,"22":1.1224752717,"23":1.1224752717,"24":1.1224752717,