{"time":{"0":0.0,"1":0.0779224908,"2":0.0779224908,"3":0.2614401534,"4":0.2614401534,"5":0.6254977555,"6":0.6254977555,"7":0.515208388,"8":0.515208388,"9":0.5694340963,"10":0.5694340963,"11":1.4583657559,"12":1.4583657559,"13":1.1010417307,"14":1.1010417307,"15":1.2013076528,"16":1.2013076528,"17":0.6578061163,"18":0.6578061163,"19":1.4832123859,"20":1.4832123859,"21":1.3526611116,"22":1.3526611116,"23":1.4142122492,"24":1.4142122492,"25":1.1176094489,"26":1.1176094489,"27":0.8410553289,"28":0.8410553289,"29":1.6329657988,"30":1.6329657988,"31":1.4213409319,"32":1.4213409319,"33":1.1471254362,"34":1.1471254362,"35":1.2640859878,"36":1.2640859878,"37":1.5227157832,"38":1.5227157832,"39":1.1612214646,"40":1.1612214646,"41":1.3711510571,"42":1.3711510571,"43":1.6380112073,"44":1.6380112073,"45":1.6961363047,"46":1.6961363047,"47":1.6410267084,"48":1.6410267084,"49":1.7918761082,"50":1.7918761082,"51":1.7013976969,"52":1.7013976969,"53":1.9451125675,"54":1.9451125675,"55":1.8276606306,"56":1.8276606306},"father":{"0":"nan","1":0,"2":0,"3":1,"4":1,"5":2,"6":2,"7":3,"8":3,"9":4,"10":4,"11":6,"12":6,"13":7,"14":7,"15":8,"16":8,"17":9,"18":9,"19":10,"20":10,"21":13,"22":13,"23":15,"24":15,"25":17,"26":17,"27":18,"28":18,"29":24,"30":24,"31":25,"32":25,"33":27,"34":27,"35":28,"36":28,"37":31,"38":31,"39":33,"40":33,"41":34,"42":34,"43":35,"44":35,"45":36,"46":36,"47":40,"48":40,"49":41,"50":41,"51":46,"52":46,"53":49,"54":49,"55":52,"56":52},"part_number":{"0":0,"1":1,"2":2,"3":3,"4":4,"5":5,"6":6,"7":7,"8":8,"9":9,"10":10,"11":11,"12":12,"13":13,"14":14,"15":15,"16":16,"17":17,"18":18,"19":19,"20":20,"21":21,"22":22,"23":23,"24":24,"25":25,"26":26,"27":27,"28":28,"29":29,"30":30,"31":31,"32":32,"33":33,"34":34,"35":35,"36":36,"37":37,"38":38,"39":39,"40":40,"41":41,"42":42,"43":43,"44":44,"45":45,"46":46,"47":47,"48":48,"49":49,"50":50,"51":51,"52":52,"53":53,"54":54,"55":55,"56":56},"dim":{"0":"nan","1":1,"2":1,"3":0,"4":0,"5":0,"6":0,"7":1,"8":1,"9":1,"10":1,"11":1,"12":1,"13":0,"14":0,"15":0,"16":0,"17":1,"18":1,"19":1,"20":1,"21":1,"22":1,"23":1,"24":1,"25":0,"26":0,"27":0,"28":0,"29":0,"30":0,"31":0,"32":0,"33":0,"34":0,"35":1,"36":1,"37":1,"38":1,"39":1,"40":1,"41":1,"42":1,"43":0,"44":0,"45":0,"46":0,"47":1,"48":1,"49":1,"50":1,"51":0,"52":0,"53":1,"54":1,"55":0,"56":0},"distance":{"0":"nan","1":0.042960908,"2":0.042960908,"3":0.0883512593,"4":0.0883512593,"5":0.0613589371,"6":0.0613589371,"7":0.1632397543,"8":0.1632397543,"9":0.052876826,"10":0.052876826,"11":0.0005924819,"12":0.0005924819,"13":0.0335698569,"14":0.0335698569,"15":0.015511888,"16":0.015511888,"17":0.0920341674,"18":0.0920341674,"19":0.0194165723,"20":0.0194165723,"21":0.1304845477,"22":0.1304845477,"23":0.0676359064,"24":0.0676359064,"25":0.1393130512,"26":0.1393130512,"27":0.0992652145,"28":0.0992652145,"29":0.0010827193,"30":0.0010827193,"31":0.1145184942,"32":0.1145184942,"33":0.0223041651,"34":0.0223041651,"35":0.1447461267,"36":0.1447461267,"37":0.0753991381,"38":0.0753991381,"39":0.019081311,"40":0.019081311,"41":0.1101888586,"42":0.1101888586,"43":0.0044463369,"44":0.0044463369,"45":0.0153746596,"46":0.0153746596,"47":0.0140990594,"48":0.0140990594,"49":0.0836603978,"50":0.0836603978,"51":0.0118039818,"52":0.0118039818,"53":0.0436941417,"54":0.0436941417,"55":0.000622148,"56":0.000622148},"x":{"0":"nan","1":0.7720885321,"2":0.7720885321,"3":-0.5981401748,"4":-0.5981401748,"5":0.2162424565,"6":0.2162424565,"7":-0.0021165596,"8":-0.0021165596,"9":0.6528238532,"10":0.6528238532,"11":0.8861271711,"12":0.8861271711,"13":-0.9034077979,"14":-0.9034077979,"15":-0.7706204884,"16":-0.7706204884,"17":-0.7607115995,"18":-0.7607115995,"19":0.695283065,"20":0.695283065,"21":-0.2887787845,"22":-0.2887787845,"23":0.3497370916,"24":0.3497370916,"25":0.0854793525,"26":0.0854793525,"27":0.5673055366,"28":0.5673055366,"29":-0.8572900479,"30":-0.8572900479,"31":-0.258053299,"32":-0.258053299,"33":0.0012804075,"34":0.0012804075,"35":-0.1084704274,"36":-0.1084704274,"37":-0.9034633063,"38":-0.9034633063,"39":0.3691436902,"40":0.3691436902,"41":0.1518340115,"42":0.1518340115,"43":0.7792858554,"44":0.7792858554,"45":0.9177404284,"46":0.9177404284,"47":0.3900905705,"48":0.3900905705,"49":0.0198759674,"50":0.0198759674,"51":0.9325311455,"52":0.9325311455,"53":-0.1860193719,"54":-0.1860193719,"55":0.9485856299,"56":0.9485856299},"leaf":{"0":false,"1":false,"2":false,"3":false,"4":false,"5":true,"6":false,"7":false,"8":false,"9":false,"10":false,"11":true,"12":true,"13":false,"14":true,"15":false,"16":true,"17":false,"18":false,"19":true,"20":true,"21":true,"22":true,"23":true,"24":false,"25":false,"26":true,"27":false,"28":false,"29":true,"30":true,"31":false,"32":true,"33":false,"34":false,"35":false,"36":false,"37":true,"38":true,"39":true,"40":false,"41":false,"42":true,"43":true,"44":true,"45":true,"46":false,"47":true,"48":true,"49":false,"50":true,"51":true,"52":false,"53":true,"54":true,"55":true,"56":true},"min0":{"0":-1.2087322039,"1":-1.2087322039,"2":-1.2087322039,"3":-1.2087322039,"4":-0.5981401748,"5":-1.2087322039,"6":0.2162424565,"7":-1.2087322039,"8":-1.2087322039,"9":-0.5981401748,"10":-0.5981401748,"11":0.2162424565,"12":0.2162424565,"13":-1.2087322039,"14":-0.9034077979,"15":-1.2087322039,"16":-0.7706204884,"17":-0.5981401748,"18":-0.5981401748,"19":-0.5981401748,"20":-0.5981401748,"21":-1.2087322039,"22":-1.2087322039,"23":-1.2087322039,"24":-1.2087322039,"25":-0.5981401748,"26":0.0854793525,"27":-0.5981401748,"28":0.5673055366,"29":-1.2087322039,"30":-0.8572900479,"31":-0.5981401748,"32":-0.258053299,"33":-0.5981401748,"34":0.0012804075,"35":0.5673055366,"36":0.5673055366,"37":-0.5981401748,"38":-0.5981401748,"39":-0.5981401748,"40":-0.5981401748,"41":0.0012804075,"42":0.0012804075,"43":0.5673055366,"44":0.7792858554,"45":0.5673055366,"46":0.9177404284,"47":-0.5981401748,"48":-0.5981401748,"49":0.0012804075,"50":0.0012804075,"51":0.9177404284,"52":0.9325311455,"53":0.0012804075,"54":0.0012804075,"55":0.9325311455,"56":0.9485856299},"max0":{"0":1.1842479108,"1":1.1842479108,"2":1.1842479108,"3":-0.5981401748,"4":1.1842479108,"5":0.2162424565,"6":1.1842479108,"7":-0.5981401748,"8":-0.5981401748,"9":1.1842479108,"10":1.1842479108,"11":1.1842479108,"12":1.1842479108,"13":-0.9034077979,"14":-0.5981401748,"15":-0.7706204884,"16":-0.5981401748,"17":1.1842479108,"18":1.1842479108,"19":1.1842479108,"20":1.1842479108,"21":-0.9034077979,"22":-0.9034077979,"23":-0.7706204884,"24":-0.7706204884,"25":0.0854793525,"26":1.1842479108,"27":0.5673055366,"28":1.1842479108,"29":-0.8572900479,"30":-0.7706204884,"31":-0.258053299,"32":0.0854793525,"33":0.0012804075,"34":0.5673055366,"35":1.1842479108,"36":1.1842479108,"37":-0.258053299,"38":-0.258053299,"39":0.0012804075,"40":0.0012804075,"41":0.5673055366,"42":0.5673055366,"43":0.7792858554,"44":1.1842479108,"45":0.9177404284,"46":1.1842479108,"47":0.0012804075,"48":0.0012804075,"49":0.5673055366,"50":0.5673055366,"51":0.9325311455,"52":1.1842479108,"53":0.5673055366,"54":0.5673055366,"55":0.9485856299,"56":1.1842479108},"min1":{"0":-1.1504969248,"1":-1.1504969248,"2":0.7720885321,"3":-1.1504969248,"4":-1.1504969248,"5":0.7720885321,"6":0.7720885321,"7":-1.1504969248,"8":-0.0021165596,"9":-1.1504969248,"10":0.6528238532,"11":0.7720885321,"12":0.8861271711,"13":-1.1504969248,"14":-1.1504969248,"15":-0.0021165596,"16":-0.0021165596,"17":-1.1504969248,"18":-0.7607115995,"19":0.6528238532,"20":0.695283065,"21":-1.1504969248,"22":-0.2887787845,"23":-0.0021165596,"24":0.3497370916,"25":-1.1504969248,"26":-1.1504969248,"27":-0.7607115995,"28":-0.7607115995,"29":0.3497370916,"30":0.3497370916,"31":-1.1504969248,"32":-1.1504969248,"33":-0.7607115995,"34":-0.7607115995,"35":-0.7607115995,"36":-0.1084704274,"37":-1.1504969248,"38":-0.9034633063,"39":-0.7607115995,"40":0.3691436902,"41":-0.7607115995,"42":0.1518340115,"43":-0.7607115995,"44":-0.7607115995,"45":-0.1084704274,"46":-0.1084704274,"47":0.3691436902,"48":0.3900905705,"49":-0.7607115995,"50":0.0198759674,