{"time":{"0":0.0,"1":0.0794747529,"2":0.0794747529,"3":0.1363522824,"4":0.1363522824,"5":0.2965553327,"6":0.2965553327,"7":0.4636003054,"8":0.4636003054,"9":0.2230599812,"10":0.2230599812,"11":0.4575375286,"12":0.4575375286,"13":0.3143672849,"14":0.3143672849,"15":1.2508060291,"16":1.2508060291,"17":0.964496458,"18":0.964496458,"19":0.717337984,"20":0.717337984,"21":0.913776501,"22":0.913776501,"23":1.6924593711,"24":1.6924593711,"25":0.6752522347,"26":0.6752522347,"27":0.6304384003,"28":0.6304384003,"29":1.8778078274,"30":1.8778078274,"31":0.8672827719,"32":0.8672827719,"33":1.9588843685,"34":1.9588843685,"35":1.0753043072,"36":1.0753043072,"37":2.0275952365,"38":2.0275952365,"39":0.8627572107,"40":0.8627572107,"41":1.1025592539,"42":1.1025592539,"43":1.0127716946,"44":1.0127716946,"45":2.4204599511,"46":2.4204599511,"47":1.2339988784,"48":1.2339988784,"49":0.8710442499,"50":0.8710442499,"51":1.3180460237,"52":1.3180460237,"53":1.8752865007,"54":1.8752865007,"55":1.5819152559,"56":1.5819152559,"57":1.4905939396,"58":1.4905939396,"59":2.0661264984,"60":2.0661264984,"61":1.9883448379,"62":1.9883448379,"63":1.9626702641,"64":1.9626702641,"65":2.0902346803,"66":2.0902346803,"67":2.0105721309,"68":2.0105721309},"father":{"0":"nan","1":0,"2":0,"3":1,"4":1,"5":2,"6":2,"7":3,"8":3,"9":4,"10":4,"11":5,"12":5,"13":6,"14":6,"15":7,"16":7,"17":8,"18":8,"19":9,"20":9,"21":10,"22":10,"23":11,"24":11,"25":13,"26":13,"27":14,"28":14,"29":15,"30":15,"31":19,"32":19,"33":20,"34":20,"35":22,"36":22,"37":23,"38":23,"39":27,"40":27,"41":28,"42":28,"43":31,"44":31,"45":34,"46":34,"47":36,"48":36,"49":40,"50":40,"51":42,"52":42,"53":43,"54":43,"55":44,"56":44,"57":48,"58":48,"59":53,"60":53,"61":54,"62":54,"63":55,"64":55,"65":61,"66":61,"67":64,"68":64},"part_number":{"0":0,"1":1,"2":2,"3":3,"4":4,"5":5,"6":6,"7":7,"8":8,"9":9,"10":10,"11":11,"12":12,"13":13,"14":14,"15":15,"16":16,"17":17,"18":18,"19":19,"20":20,"21":21,"22":22,"23":23,"24":24,"25":25,"26":26,"27":27,"28":28,"29":29,"30":30,"31":31,"32":32,"33":33,"34":34,"35":35,"36":36,"37":37,"38":38,"39":39,"40":40,"41":41,"42":42,"43":43,"44":44,"45":45,"46":46,"47":47,"48":48,"49":49,"50":50,"51":51,"52":52,"53":53,"54":54,"55":55,"56":56,"57":57,"58":58,"59":59,"60":60,"61":61,"62":62,"63":63,"64":64,"65":65,"66":66,"67":67,"68":68},"dim":{"0":"nan","1":0,"2":0,"3":1,"4":1,"5":1,"6":1,"7":1,"8":1,"9":1,"10":1,"11":0,"12":0,"13":1,"14":1,"15":1,"16":1,"17":0,"18":0,"19":0,"20":0,"21":1,"22":1,"23":1,"24":1,"25":0,"26":0,"27":0,"28":0,"29":1,"30":1,"31":0,"32":0,"33":1,"34":1,"35":1,"36":1,"37":0,"38":0,"39":0,"40":0,"41":0,"42":0,"43":0,"44":0,"45":1,"46":1,"47":1,"48":1,"49":1,"50":1,"51":0,"52":0,"53":1,"54":1,"55":1,"56":1,"57":1,"58":1,"59":0,"60":0,"61":0,"62":0,"63":0,"64":0,"65":1,"66":1,"67":0,"68":0},"distance":{"0":"nan","1":0.0630586128,"2":0.0630586128,"3":0.0913082529,"4":0.0913082529,"5":0.00047105,"6":0.00047105,"7":0.000853896,"8":0.000853896,"9":0.0001475382,"10":0.0001475382,"11":0.1501396239,"12":0.1501396239,"13":0.013598967,"14":0.013598967,"15":0.0096444401,"16":0.0096444401,"17":0.2854932628,"18":0.2854932628,"19":0.0989642541,"20":0.0989642541,"21":0.0028666582,"22":0.0028666582,"23":0.0257468774,"24":0.0257468774,"25":0.1058367304,"26":0.1058367304,"27":0.0286165243,"28":0.0286165243,"29":0.0090173483,"30":0.0090173483,"31":0.0339192121,"32":0.0339192121,"33":0.0801754193,"34":0.0801754193,"35":0.0042689064,"36":0.0042689064,"37":0.0041338735,"38":0.0041338735,"39":0.0078065614,"40":0.0078065614,"41":0.0243725074,"42":0.0243725074,"43":0.004087516,"44":0.004087516,"45":0.0079222253,"46":0.0079222253,"47":0.0012065358,"48":0.0012065358,"49":0.2781152735,"50":0.2781152735,"51":0.0131915166,"52":0.0131915166,"53":0.0203263609,"54":0.0203263609,"55":0.8185843969,"56":0.8185843969,"57":0.00026729,"58":0.00026729,"59":0.8608698579,"60":0.8608698579,"61":0.1066578319,"62":0.1066578319,"63":0.0090886677,"64":0.0090886677,"65":0.0242266896,"66":0.0242266896,"67":0.0113109972,"68":0.0113109972},"x":{"0":"nan","1":1.105977079,"2":1.105977079,"3":-0.2548716835,"4":-0.2548716835,"5":-0.2682670865,"6":-0.2682670865,"7":-0.3871978872,"8":-0.3871978872,"9":0.9515340603,"10":0.9515340603,"11":1.4926818754,"12":1.4926818754,"13":-0.1851811305,"14":-0.1851811305,"15":-0.4013333101,"16":-0.4013333101,"17":0.6625685828,"18":0.6625685828,"19":0.4955394626,"20":0.4955394626,"21":0.9692773887,"22":0.9692773887,"23":-0.3374300608,"24":-0.3374300608,"25":1.651751548,"26":1.651751548,"27":1.9524949104,"28":1.9524949104,"29":-0.4960668921,"30":-0.4960668921,"31":0.4253497813,"32":0.4253497813,"33":0.5030360072,"34":0.5030360072,"35":0.9827797452,"36":0.9827797452,"37":1.3150783164,"38":1.3150783164,"39":1.8389300885,"40":1.8389300885,"41":2.0179668067,"42":2.0179668067,"43":0.1111014719,"44":0.1111014719,"45":0.6344061406,"46":0.6344061406,"47":0.9893781198,"48":0.9893781198,"49":0.195315184,"50":0.195315184,"51":2.0385928089,"52":2.0385928089,"53":0.2972139054,"54":0.2972139054,"55":0.4910285443,"56":0.4910285443,"57":1.0053107705,"58":1.0053107705,"59":-0.5171815501,"60":-0.5171815501,"61":-0.022255551,"62":-0.022255551,"63":0.1298494405,"64":0.1298494405,"65":0.6232767457,"66":0.6232767457,"67":0.2823155854,"68":0.2823155854},"leaf":{"0":false,"1":false,"2":false,"3":false,"4":false,"5":false,"6":false,"7":false,"8":false,"9":false,"10":false,"11":false,"12":true,"13":false,"14":false,"15":false,"16":true,"17":true,"18":true,"19":false,"20":false,"21":true,"22":false,"23":false,"24":true,"25":true,"26":true,"27":false,"28":false,"29":true,"30":true,"31":false,"32":true,"33":true,"34":false,"35":true,"36":false,"37":true,"38":true,"39":true,"40":false,"41":true,"42":false,"43":false,"44":false,"45":true,"46":true,"47":true,"48":false,"49":true,"50":true,"51":true,"52":true,"53":false,"54":false,"55":false,"56":true,"57":true,"58":true,"59":true,"60":true,"61":false,"62":true,"63":true,"64":false,"65":true,"66":true,"67":true,"68":true},"min0":{"0":-1.2392004805,"1":-1.2392004805,"2":1.105977079,"3":-1.2392004805,"4":-1.2392004805,"5":1.105977079,"6":1.105977079,"7":-1.2392004805,"8":-1.2392004805,"9":-1.2392004805,"10":-1.2392004805,"11":1.105977079,"12":1.4926818754,"13":1.105977079,"14":1.105977079,"15":-1.2392004805,"16":-1.2392004805,"17":-1.2392004805,"18":0.6625685828,"19":-1.2392004805,"20":0.4955394626,"21":-1.2392004805,"22":-1.2392004805,"23":1.105977079,"24":1.105977079,"25":1.105977079,"26":1.651751548,"27":1.105977079,"28":1.9524949104,"29":-1.2392004805,"30":-1.2392004805,"31":-1.2392004805,"32":0.4253497813,"33":0.4955394626,"34":0.4955394626,"35":-1.2392004805,"36":-1.2392004805,"37":1.105977079,"38":1.3150783164,"39":1.105977079,"40":1.8389300885,"41":1.9524949104,"42":2.0179668067,"43":-1.2392004805,"44":0.1111014719,"45":0.4955394626,"46":0.4955394626,"47":-1.2392004805,"48":-1.2392004805,"49":1.8389300885,"50":1.8389300885,"51":2.0179668067,"52":2.0385928089,"53":-1.2392004805,"54":-1.2392004805,"55":0.1111014719,"56":0.1111014719,"57":-1.2392004805,"58":-1.2392004805,"59":-1.2392004805,"60":-0.5171815501,"61":-1.2392004805,"62":-0.022255551,"63":0.1111014719,"64":0.1298494405,"65":-1.2392004805,"66":-1.2392004805,"67":0.1298494405,"68":0.2823155854},"max0":{"0":2.2592492586,"1":1.105977079,"2":2.2592492586,"3":1.105977079,"4":1.105977079,"5":2.2592492586,"6":2.2592492586,"7":1.105977079,"8":1.105977079,"9":1.105977079,"10":1.105977079,"11":1.4926818754,"12":2.2592492586,"13":2.2592492586,"14":2.2592492586,"15":1.105977079,"16":1.105977079,"17":0.6625685828,"18":1.105977079,"19":0.4955394626,"20":1.105977079,"21":1.105977079,"22":1.105977079,"23":1.4926818754,"24":1.4926818754,"25":1.651751548,"26":2.2592492586,"27":1.9524949104,"28":2.2592492586,"29":1.105977079,"30":1.105977079,"31":0.4253497813,"32":0.4955394626,"33":1.105977079,"34":1.105977079,"35":1.105977079,"36":1.105977079,"37":1.3150783164,"38":1.4926818754,"39":1.8389300885,"40":1.9524949104,"41":2.0179668067,"42":2.2592492586,