{"time":{"0":0.0,"1":0.0600680181,"2":0.0600680181,"3":1.0243077305,"4":1.0243077305,"5":0.3223006294,"6":0.3223006294,"7":1.3811788662,"8":1.3811788662,"9":1.0395777667,"10":1.0395777667,"11":1.9202751536,"12":1.9202751536,"13":1.0014733529,"14":1.0014733529,"15":1.654018703,"16":1.654018703,"17":1.6432063376,"18":1.6432063376,"19":1.264206691,"20":1.264206691,"21":2.4959192155,"22":2.4959192155,"23":1.0951367398,"24":1.0951367398,"25":1.9499212349,"26":1.9499212349,"27":1.8686133608,"28":1.8686133608,"29":1.3064703006,"30":1.3064703006,"31":1.4654628295,"32":1.4654628295,"33":1.2733029952,"34":1.2733029952,"35":1.3442845615,"36":1.3442845615,"37":2.0395507575,"38":2.0395507575,"39":1.6932170067,"40":1.6932170067,"41":1.5676839271,"42":1.5676839271,"43":1.839201957,"44":1.839201957,"45":1.3008124556,"46":1.3008124556,"47":1.2966646852,"48":1.2966646852,"49":1.3640264099,"50":1.3640264099,"51":1.9580204149,"52":1.9580204149,"53":2.1276694777,"54":2.1276694777},"father":{"0":"nan","1":0,"2":0,"3":1,"4":1,"5":2,"6":2,"7":3,"8":3,"9":4,"10":4,"11":5,"12":5,"13":6,"14":6,"15":7,"16":7,"17":9,"18":9,"19":10,"20":10,"21":12,"22":12,"23":14,"24":14,"25":16,"26":16,"27":18,"28":18,"29":19,"30":19,"31":20,"32":20,"33":23,"34":23,"35":24,"36":24,"37":25,"38":25,"39":29,"40":29,"41":30,"42":30,"43":32,"44":32,"45":33,"46":33,"47":34,"48":34,"49":36,"50":36,"51":39,"52":39,"53":52,"54":52},"part_number":{"0":0,"1":1,"2":2,"3":3,"4":4,"5":5,"6":6,"7":7,"8":8,"9":9,"10":10,"11":11,"12":12,"13":13,"14":14,"15":15,"16":16,"17":17,"18":18,"19":19,"20":20,"21":21,"22":22,"23":23,"24":24,"25":25,"26":26,"27":27,"28":28,"29":29,"30":30,"31":31,"32":32,"33":33,"34":34,"35":35,"36":36,"37":37,"38":38,"39":39,"40":40,"41":41,"42":42,"43":43,"44":44,"45":45,"46":46,"47":47,"48":48,"49":49,"50":50,"51":51,"52":52,"53":53,"54":54},"dim":{"0":"nan","1":0,"2":0,"3":1,"4":1,"5":1,"6":1,"7":1,"8":1,"9":1,"10":1,"11":0,"12":0,"13":1,"14":1,"15":1,"16":1,"17":0,"18":0,"19":1,"20":1,"21":1,"22":1,"23":0,"24":0,"25":0,"26":0,"27":0,"28":0,"29":0,"30":0,"31":1,"32":1,"33":0,"34":0,"35":0,"36":0,"37":0,"38":0,"39":0,"40":0,"41":1,"42":1,"43":1,"44":1,"45":0,"46":0,"47":0,"48":0,"49":0,"50":0,"51":1,"52":1,"53":0,"54":0},"distance":{"0":"nan","1":0.0630586128,"2":0.0630586128,"3":0.0913082529,"4":0.0913082529,"5":0.008309282,"6":0.008309282,"7":0.0088862548,"8":0.0088862548,"9":0.013146255,"10":0.013146255,"11":0.1501396239,"12":0.1501396239,"13":0.013598967,"14":0.013598967,"15":0.0083156267,"16":0.0083156267,"17":1.0724923234,"18":1.0724923234,"19":0.0162362302,"20":0.0162362302,"21":0.0261847952,"22":0.0261847952,"23":0.0286165243,"24":0.0286165243,"25":0.1016660533,"26":0.1016660533,"27":0.5285542028,"28":0.5285542028,"29":0.1851228785,"30":0.1851228785,"31":0.0042689064,"32":0.0042689064,"33":0.0058482606,"34":0.0058482606,"35":0.0243725074,"36":0.0243725074,"37":0.0117192544,"38":0.0117192544,"39":0.0095756191,"40":0.0095756191,"41":0.0801754193,"42":0.0801754193,"43":0.0012065358,"44":0.0012065358,"45":0.0086113587,"46":0.0086113587,"47":0.0001600702,"48":0.0001600702,"49":0.0131915166,"50":0.0131915166,"51":0.1124263501,"52":0.1124263501,"53":0.0013540114,"54":0.0013540114},"x":{"0":"nan","1":1.105977079,"2":1.105977079,"3":-0.2548716835,"4":-0.2548716835,"5":-0.2638769204,"6":-0.2638769204,"7":-0.3920679626,"8":-0.3920679626,"9":0.0751632184,"10":0.0751632184,"11":1.4926818754,"12":1.4926818754,"13":-0.1851811305,"14":-0.1851811305,"15":-0.5047333797,"16":-0.5047333797,"17":-0.4296586481,"18":-0.4296586481,"19":0.9597259445,"20":0.9597259445,"21":-0.2815950091,"22":-0.2815950091,"23":1.9524949104,"24":1.9524949104,"25":0.7656978676,"26":0.7656978676,"27":0.6726672766,"28":0.6726672766,"29":0.2057066691,"30":0.2057066691,"31":0.9827797452,"32":0.9827797452,"33":1.8321026775,"34":1.8321026775,"35":2.0179668067,"36":2.0179668067,"37":0.6390994218,"38":0.6390994218,"39":-0.8052696864,"40":-0.8052696864,"41":0.5030360072,"42":0.5030360072,"43":0.9893781198,"44":0.9893781198,"45":1.8230883645,"46":1.8230883645,"47":1.9355621815,"48":1.9355621815,"49":2.0385928089,"50":2.0385928089,"51":0.2511639108,"52":0.2511639108,"53":-0.8428966363,"54":-0.8428966363},"leaf":{"0":false,"1":false,"2":false,"3":false,"4":false,"5":false,"6":false,"7":false,"8":true,"9":false,"10":false,"11":true,"12":false,"13":true,"14":false,"15":true,"16":false,"17":true,"18":false,"19":false,"20":false,"21":true,"22":true,"23":false,"24":false,"25":false,"26":true,"27":true,"28":true,"29":false,"30":false,"31":true,"32":false,"33":false,"34":false,"35":true,"36":false,"37":true,"38":true,"39":false,"40":true,"41":true,"42":true,"43":true,"44":true,"45":true,"46":true,"47":true,"48":true,"49":true,"50":true,"51":true,"52":false,"53":true,"54":true},"min0":{"0":-1.2392004805,"1":-1.2392004805,"2":1.105977079,"3":-1.2392004805,"4":-1.2392004805,"5":1.105977079,"6":1.105977079,"7":-1.2392004805,"8":-1.2392004805,"9":-1.2392004805,"10":-1.2392004805,"11":1.105977079,"12":1.4926818754,"13":1.105977079,"14":1.105977079,"15":-1.2392004805,"16":-1.2392004805,"17":-1.2392004805,"18":-0.4296586481,"19":-1.2392004805,"20":-1.2392004805,"21":1.4926818754,"22":1.4926818754,"23":1.105977079,"24":1.9524949104,"25":-1.2392004805,"26":0.7656978676,"27":-0.4296586481,"28":0.6726672766,"29":-1.2392004805,"30":0.2057066691,"31":-1.2392004805,"32":-1.2392004805,"33":1.105977079,"34":1.8321026775,"35":1.9524949104,"36":2.0179668067,"37":-1.2392004805,"38":0.6390994218,"39":-1.2392004805,"40":-0.8052696864,"41":0.2057066691,"42":0.2057066691,"43":-1.2392004805,"44":-1.2392004805,"45":1.105977079,"46":1.8230883645,"47":1.8321026775,"48":1.9355621815,"49":2.0179668067,"50":2.0385928089,"51":-1.2392004805,"52":-1.2392004805,"53":-1.2392004805,"54":-0.8428966363},"max0":{"0":2.2592492586,"1":1.105977079,"2":2.2592492586,"3":1.105977079,"4":1.105977079,"5":2.2592492586,"6":2.2592492586,"7":1.105977079,"8":1.105977079,"9":1.105977079,"10":1.105977079,"11":1.4926818754,"12":2.2592492586,"13":2.2592492586,"14":2.2592492586,"15":1.105977079,"16":1.105977079,"17":-0.4296586481,"18":1.105977079,"19":1.105977079,"20":1.105977079,"21":2.2592492586,"22":2.2592492586,"23":1.9524949104,"24":2.2592492586,"25":0.7656978676,"26":1.105977079,"27":0.6726672766,"28":1.105977079,"29":0.2057066691,"30":1.105977079,"31":1.105977079,"32":1.105977079,"33":1.8321026775,"34":1.9524949104,"35":2.0179668067,"36":2.2592492586,"37":0.6390994218,"38":0.7656978676,"39":-0.8052696864,"40":0.2057066691,"41":1.105977079,"42":1.105977079,"43":1.105977079,"44":1.105977079,"45":1.8230883645,"46":1.8321026775,"47":1.9355621815,"48":1.9524949104,"49":2.0385928089,"50":2.2592492586,"51":-0.8052696864,"52":-0.8052696864,"53":-0.8428966363,"54":-0.8052696864},"min1":{"0":-0.7663286535,"1":-0.7663286535,"2":-0.7663286535,"3":-0.7663286535,"4":-0.2548716835,"5":-0.7663286535,"6":-0.2638769204,"7":-0.7663286535,"8":-0.3920679626,"9":-0.2548716835,"10":0.0751632184,"11":-0.7663286535,"12":-0.7663286535,"13":-0.2638769204,"14":-0.1851811305,"15":-0.7663286535,"16":-0.5047333797,"17":-0.2548716835,"18":-0.2548716835,"19":0.0751632184,"20":0.9597259445,"21":-0.7663286535,"22":-0.2815950091,"23":-0.1851811305,"24":-0.1851811305,"25":-0.5047333797,"26":-0.5047333797,"27":-0.2548716835,"28":-0.2548716835,"29":0.0751632184,"30":0.0751632184,"31":0.9597259445,"32":0.9827797452,"33":-0.1851811305,"34":-0.1851811305,"35":-0.1851811305,"36":-0.1851811305,"37":-0.5047333797,"38":-0.5047333797,"39":0.0751632184,"40":0.0751632184,"41":0.0751632184,"42":0.5030360072,"43":0.9827797452,"44":0.9893781198,"45":-0.1851811305,"46":-0.1851811305,"47":-0.1851811305,"48":-0.1851811305,"49":-0.1851811305,"50":-0.1851811305,"51":0.0751632184,"52":0.2511639108,"53":0.2511639108,"54":0.2511639108},"max1":{"0":1.1204039496,"1":1.1204039496,"2":1.1204039496,"3":-0.2548716835,"4":1.1204039496,"5":-0.2638769204,"6":1.1204039496,"7":-0.3920679626,"8":-0.2548716835,"9":0.0751632184,"10":1.1204039496,