{"time":{"0":0.0,"1":0.1677904904,"2":0.1677904904,"3":0.2830762103,"4":0.2830762103,"5":0.456075881,"6":0.456075881,"7":0.7240928044,"8":0.7240928044,"9":0.2861469743,"10":0.2861469743,"11":1.0592085483,"12":1.0592085483,"13":0.7314858816,"14":0.7314858816,"15":0.8288946426,"16":0.8288946426,"17":0.8450938867,"18":0.8450938867,"19":0.5929035655,"20":0.5929035655,"21":1.4045931805,"22":1.4045931805,"23":1.547476888,"24":1.547476888,"25":1.9901082566,"26":1.9901082566,"27":1.1124197736,"28":1.1124197736,"29":1.1237098017,"30":1.1237098017,"31":1.3533631303,"32":1.3533631303,"33":0.6097121161,"34":0.6097121161,"35":0.6292032193,"36":0.6292032193,"37":1.9822459693,"38":1.9822459693,"39":1.8767716621,"40":1.8767716621,"41":1.6039693638,"42":1.6039693638,"43":1.8298582474,"44":1.8298582474,"45":0.687600316,"46":0.687600316,"47":0.7628018018,"48":0.7628018018,"49":0.8650843283,"50":0.8650843283,"51":1.8705390748,"52":1.8705390748,"53":1.3916126915,"54":1.3916126915,"55":1.5136632668,"56":1.5136632668,"57":1.3734024764,"58":1.3734024764,"59":1.6984786955,"60":1.6984786955,"61":1.020563629,"62":1.020563629,"63":0.8793839783,"64":0.8793839783,"65":1.9377541776,"66":1.9377541776,"67":1.7692666225,"68":1.7692666225,"69":1.5410254217,"70":1.5410254217},"father":{"0":"nan","1":0,"2":0,"3":1,"4":1,"5":2,"6":2,"7":3,"8":3,"9":4,"10":4,"11":5,"12":5,"13":6,"14":6,"15":8,"16":8,"17":9,"18":9,"19":10,"20":10,"21":11,"22":11,"23":12,"24":12,"25":15,"26":15,"27":16,"28":16,"29":17,"30":17,"31":18,"32":18,"33":19,"34":19,"35":20,"36":20,"37":23,"38":23,"39":29,"40":29,"41":32,"42":32,"43":33,"44":33,"45":34,"46":34,"47":35,"48":35,"49":36,"50":36,"51":44,"52":44,"53":45,"54":45,"55":46,"56":46,"57":47,"58":47,"59":48,"60":48,"61":49,"62":49,"63":50,"64":50,"65":51,"66":51,"67":53,"68":53,"69":55,"70":55},"part_number":{"0":0,"1":1,"2":2,"3":3,"4":4,"5":5,"6":6,"7":7,"8":8,"9":9,"10":10,"11":11,"12":12,"13":13,"14":14,"15":15,"16":16,"17":17,"18":18,"19":19,"20":20,"21":21,"22":22,"23":23,"24":24,"25":25,"26":26,"27":27,"28":28,"29":29,"30":30,"31":31,"32":32,"33":33,"34":34,"35":35,"36":36,"37":37,"38":38,"39":39,"40":40,"41":41,"42":42,"43":43,"44":44,"45":45,"46":46,"47":47,"48":48,"49":49,"50":50,"51":51,"52":52,"53":53,"54":54,"55":55,"56":56,"57":57,"58":58,"59":59,"60":60,"61":61,"62":62,"63":63,"64":64,"65":65,"66":66,"67":67,"68":68,"69":69,"70":70},"dim":{"0":"nan","1":1,"2":1,"3":0,"4":0,"5":0,"6":0,"7":1,"8":1,"9":1,"10":1,"11":0,"12":0,"13":0,"14":0,"15":1,"16":1,"17":0,"18":0,"19":0,"20":0,"21":1,"22":1,"23":1,"24":1,"25":0,"26":0,"27":0,"28":0,"29":1,"30":1,"31":1,"32":1,"33":0,"34":0,"35":1,"36":1,"37":1,"38":1,"39":1,"40":1,"41":0,"42":0,"43":1,"44":1,"45":1,"46":1,"47":0,"48":0,"49":0,"50":0,"51":0,"52":0,"53":1,"54":1,"55":0,"56":0,"57":1,"58":1,"59":1,"60":1,"61":1,"62":1,"63":0,"64":0,"65":1,"66":1,"67":1,"68":1,"69":1,"70":1},"distance":{"0":"nan","1":0.0301532816,"2":0.0301532816,"3":0.0883512593,"4":0.0883512593,"5":0.0908671222,"6":0.0908671222,"7":0.1632397543,"8":0.1632397543,"9":0.0920341674,"10":0.0920341674,"11":0.0613589371,"12":0.0613589371,"13":0.0044582649,"14":0.0044582649,"15":0.0676359064,"16":0.0676359064,"17":0.1145184942,"18":0.1145184942,"19":0.0992652145,"20":0.0992652145,"21":0.0986770075,"22":0.0986770075,"23":0.0005924819,"24":0.0005924819,"25":0.0129608193,"26":0.0129608193,"27":0.0010827193,"28":0.0010827193,"29":0.0753991381,"30":0.0753991381,"31":0.0078701946,"32":0.0078701946,"33":0.0223041651,"34":0.0223041651,"35":0.1447461267,"36":0.1447461267,"37":0.0126582592,"38":0.0126582592,"39":0.0125539581,"40":0.0125539581,"41":0.1393130512,"42":0.1393130512,"43":0.1095918653,"44":0.1095918653,"45":0.1101888586,"46":0.1101888586,"47":0.0044463369,"48":0.0044463369,"49":0.0153746596,"50":0.0153746596,"51":0.0331561294,"52":0.0331561294,"53":0.0836603978,"54":0.0836603978,"55":0.0246614463,"56":0.0246614463,"57":0.1407957615,"58":0.1407957615,"59":0.0938629093,"60":0.0938629093,"61":0.1112314136,"62":0.1112314136,"63":0.0118039818,"64":0.0118039818,"65":0.0743762876,"66":0.0743762876,"67":0.0436941417,"68":0.0436941417,"69":0.0135261511,"70":0.0135261511},"x":{"0":"nan","1":0.6414620811,"2":0.6414620811,"3":-0.5981401748,"4":-0.5981401748,"5":0.615550229,"6":0.615550229,"7":-0.0021165596,"8":-0.0021165596,"9":-0.7607115995,"10":-0.7607115995,"11":0.2162424565,"12":0.2162424565,"13":0.6970231264,"14":0.6970231264,"15":0.3497370916,"16":0.3497370916,"17":-0.258053299,"18":-0.258053299,"19":0.5673055366,"20":0.5673055366,"21":0.7442304824,"22":0.7442304824,"23":0.8861271711,"24":0.8861271711,"25":-0.9583305641,"26":-0.9583305641,"27":-0.8572900479,"28":-0.8572900479,"29":-0.9034633063,"30":-0.9034633063,"31":-1.0393185702,"32":-1.0393185702,"33":0.0012804075,"34":0.0012804075,"35":-0.1084704274,"36":-0.1084704274,"37":0.8744608804,"38":0.8744608804,"39":-0.949669266,"40":-0.949669266,"41":0.0854793525,"42":0.0854793525,"43":-0.2698749073,"44":-0.2698749073,"45":0.1518340115,"46":0.1518340115,"47":0.7792858554,"48":0.7792858554,"49":0.9177404284,"50":0.9177404284,"51":-0.3203701222,"52":-0.3203701222,"53":0.0198759674,"54":0.0198759674,"55":0.2031701729,"56":0.2031701729,"57":-0.6426843538,"58":-0.6426843538,"59":-0.4185879489,"60":-0.4185879489,"61":0.4695928409,"62":0.4695928409,"63":0.9325311455,"64":0.9325311455,"65":-0.146533881,"66":-0.146533881,"67":-0.1860193719,"68":-0.1860193719,"69":0.4861391073,"70":0.4861391073},"leaf":{"0":false,"1":false,"2":false,"3":false,"4":false,"5":false,"6":false,"7":true,"8":false,"9":false,"10":false,"11":false,"12":false,"13":true,"14":true,"15":false,"16":false,"17":false,"18":false,"19":false,"20":false,"21":true,"22":true,"23":false,"24":true,"25":true,"26":true,"27":true,"28":true,"29":false,"30":true,"31":true,"32":false,"33":false,"34":false,"35":false,"36":false,"37":true,"38":true,"39":true,"40":true,"41":true,"42":true,"43":true,"44":false,"45":false,"46":false,"47":false,"48":false,"49":false,"50":false,"51":false,"52":true,"53":false,"54":true,"55":false,"56":true,"57":true,"58":true,"59":true,"60":true,"61":true,"62":true,"63":true,"64":true,"65":true,"66":true,"67":true,"68":true,"69":true,"70":true},"min0":{"0":-1.2087322039,"1":-1.2087322039,"2":-1.2087322039,"3":-1.2087322039,"4":-0.5981401748,"5":-1.2087322039,"6":0.615550229,"7":-1.2087322039,"8":-1.2087322039,"9":-0.5981401748,"10":-0.5981401748,"11":-1.2087322039,"12":0.2162424565,"13":0.615550229,"14":0.6970231264,"15":-1.2087322039,"16":-1.2087322039,"17":-0.5981401748,"18":-0.258053299,"19":-0.5981401748,"20":0.5673055366,"21":-1.2087322039,"22":-1.2087322039,"23":0.2162424565,"24":0.2162424565,"25":-1.2087322039,"26":-0.9583305641,"27":-1.2087322039,"28":-0.8572900479,"29":-0.5981401748,"30":-0.5981401748,"31":-0.258053299,"32":-0.258053299,"33":-0.5981401748,"34":0.0012804075,"35":0.5673055366,"36":0.5673055366,"37":0.2162424565,"38":0.2162424565,"39":-0.5981401748,"40":-0.5981401748,"41":-0.258053299,"42":0.0854793525,"43":-0.5981401748,"44":-0.5981401748,"45":0.0012804075,"46":0.0012804075,"47":0.5673055366,"48":0.7792858554,"49":0.5673055366,"50":0.9177404284,"51":-0.5981401748,"52":-0.3203701222,"53":0.0012804075,"54":0.0012804075,"55":0.0012804075,"56":0.2031701729,"57":0.5673055366,"58":0.5673055366,"59":0.7792858554,"60":0.7792858554,"61":0.5673055366,"62":0.5673055366,"63":0.9177404284,"64":0.9325311455,"65":-0.5981401748,"66":-0.5981401748,"67":0.0012804075,"68":0.0012804075,"69":0.0012804075,"70":0.0012804075},"max0":{"0":1.1842479108,"1":1.1842479108,"2":1.1842479108,"3":-0.5981401748,"4":1.1842479108,"5":0.615550229,"6":1.1842479108,"7":-0.5981401748,"8":-0.5981401748,"9":1.1842479108,"10":1.1842479108,"11":0.2162424565,"12":0.615550229,"13":0.6970231264,"14":1.1842479108,"15":-0.5981401748,"16":-0.5981401748,"17":-0.258053299,"18":1.1842479108,"19":0.5673055366,"20":1.1842479108,"21":0.2162424565,"22":0.2162424565,"23":0.615550229,"24":0.615550229,"25":-0.9583305641,"26":-0.5981401748,"27":-0.8572900479,