{"time":{"0":0.0,"1":0.112990905,"2":0.112990905,"3":0.1816899512,"4":0.1816899512,"5":0.4912231191,"6":0.4912231191,"7":0.4192054268,"8":0.4192054268,"9":0.6552520551,"10":0.6552520551,"11":0.939446759,"12":0.939446759,"13":0.5912690211,"14":0.5912690211,"15":1.525251279,"16":1.525251279,"17":0.9992806158,"18":0.9992806158,"19":1.9793349954,"20":1.9793349954,"21":0.6286696612,"22":0.6286696612,"23":1.3680474655,"24":1.3680474655,"25":1.0438959364,"26":1.0438959364,"27":2.4806524027,"28":2.4806524027,"29":0.9982297716,"30":0.9982297716,"31":1.7252135676,"32":1.7252135676,"33":1.4931969985,"34":1.4931969985,"35":1.1307464011,"36":1.1307464011,"37":2.4018354422,"38":2.4018354422,"39":1.5231178775,"40":1.5231178775,"41":1.8178068992,"42":1.8178068992,"43":2.1260080587,"44":2.1260080587,"45":2.0839121043,"46":2.0839121043,"47":2.3657375896,"48":2.3657375896,"49":2.3688248231,"50":2.3688248231},"father":{"0":"nan","1":0,"2":0,"3":1,"4":1,"5":2,"6":2,"7":3,"8":3,"9":4,"10":4,"11":5,"12":5,"13":7,"14":7,"15":8,"16":8,"17":9,"18":9,"19":11,"20":11,"21":13,"22":13,"23":17,"24":17,"25":18,"26":18,"27":20,"28":20,"29":22,"30":22,"31":23,"32":23,"33":24,"34":24,"35":25,"36":25,"37":26,"38":26,"39":29,"40":29,"41":30,"42":30,"43":34,"44":34,"45":35,"46":35,"47":36,"48":36,"49":48,"50":48},"part_number":{"0":0,"1":1,"2":2,"3":3,"4":4,"5":5,"6":6,"7":7,"8":8,"9":9,"10":10,"11":11,"12":12,"13":13,"14":14,"15":15,"16":16,"17":17,"18":18,"19":19,"20":20,"21":21,"22":22,"23":23,"24":24,"25":25,"26":26,"27":27,"28":28,"29":29,"30":30,"31":31,"32":32,"33":33,"34":34,"35":35,"36":36,"37":37,"38":38,"39":39,"40":40,"41":41,"42":42,"43":43,"44":44,"45":45,"46":46,"47":47,"48":48,"49":49,"50":50},"dim":{"0":"nan","1":0,"2":0,"3":1,"4":1,"5":1,"6":1,"7":1,"8":1,"9":0,"10":0,"11":1,"12":1,"13":1,"14":1,"15":0,"16":0,"17":1,"18":1,"19":0,"20":0,"21":1,"22":1,"23":0,"24":0,"25":1,"26":1,"27":0,"28":0,"29":0,"30":0,"31":1,"32":1,"33":0,"34":0,"35":0,"36":0,"37":1,"38":1,"39":0,"40":0,"41":0,"42":0,"43":0,"44":0,"45":0,"46":0,"47":0,"48":0,"49":1,"50":1},"distance":{"0":"nan","1":0.0474593641,"2":0.0474593641,"3":0.0913082529,"4":0.0913082529,"5":0.0852835442,"6":0.0852835442,"7":0.0134986494,"8":0.0134986494,"9":0.0384785579,"10":0.0384785579,"11":0.1189503595,"12":0.1189503595,"13":0.0088862548,"14":0.0088862548,"15":0.0401885472,"16":0.0401885472,"17":0.013146255,"18":0.013146255,"19":0.0877769342,"20":0.0877769342,"21":0.0083156267,"22":0.0083156267,"23":1.0724923234,"24":1.0724923234,"25":0.0001475382,"26":0.0001475382,"27":0.0596522956,"28":0.0596522956,"29":0.1016660533,"30":0.1016660533,"31":0.0203888036,"32":0.0203888036,"33":0.0090886677,"34":0.0090886677,"35":0.1851228785,"36":0.1851228785,"37":0.0028666582,"38":0.0028666582,"39":0.0117192544,"40":0.0117192544,"41":0.09630799,"42":0.09630799,"43":0.0702322978,"44":0.0702322978,"45":0.0095756191,"46":0.0095756191,"47":0.0989642541,"48":0.0989642541,"49":0.0801754193,"50":0.0801754193},"x":{"0":"nan","1":1.1612360675,"2":1.1612360675,"3":-0.2548716835,"4":-0.2548716835,"5":0.4066884635,"6":0.4066884635,"7":-0.3784605893,"8":-0.3784605893,"9":0.9961179162,"10":0.9961179162,"11":0.1419251089,"12":0.1419251089,"13":-0.3920679626,"14":-0.3920679626,"15":0.4997276778,"16":0.4997276778,"17":0.0751632184,"18":0.0751632184,"19":1.4615005306,"20":1.4615005306,"21":-0.5047333797,"22":-0.5047333797,"23":-0.4296586481,"24":-0.4296586481,"25":0.9515340603,"26":0.9515340603,"27":1.6286593306,"28":1.6286593306,"29":0.7656978676,"30":0.7656978676,"31":0.0203333113,"32":0.0203333113,"33":0.1298494405,"34":0.1298494405,"35":0.2057066691,"36":0.2057066691,"37":0.9692773887,"38":0.9692773887,"39":0.6390994218,"40":0.6390994218,"41":0.9825670042,"42":0.9825670042,"43":0.3732740263,"44":0.3732740263,"45":-0.8052696864,"46":-0.8052696864,"47":0.4955394626,"48":0.4955394626,"49":0.5030360072,"50":0.5030360072},"leaf":{"0":false,"1":false,"2":false,"3":false,"4":false,"5":false,"6":true,"7":false,"8":false,"9":false,"10":true,"11":false,"12":true,"13":false,"14":true,"15":true,"16":true,"17":false,"18":false,"19":true,"20":false,"21":true,"22":false,"23":false,"24":false,"25":false,"26":false,"27":true,"28":true,"29":false,"30":false,"31":true,"32":true,"33":true,"34":false,"35":false,"36":false,"37":true,"38":true,"39":true,"40":true,"41":true,"42":true,"43":true,"44":true,"45":true,"46":true,"47":true,"48":false,"49":true,"50":true},"min0":{"0":-1.2392004805,"1":-1.2392004805,"2":1.1612360675,"3":-1.2392004805,"4":-1.2392004805,"5":1.1612360675,"6":1.1612360675,"7":-1.2392004805,"8":-1.2392004805,"9":-1.2392004805,"10":0.9961179162,"11":1.1612360675,"12":1.1612360675,"13":-1.2392004805,"14":-1.2392004805,"15":-1.2392004805,"16":0.4997276778,"17":-1.2392004805,"18":-1.2392004805,"19":1.1612360675,"20":1.4615005306,"21":-1.2392004805,"22":-1.2392004805,"23":-1.2392004805,"24":-0.4296586481,"25":-1.2392004805,"26":-1.2392004805,"27":1.4615005306,"28":1.6286593306,"29":-1.2392004805,"30":0.7656978676,"31":-1.2392004805,"32":-1.2392004805,"33":-0.4296586481,"34":0.1298494405,"35":-1.2392004805,"36":0.2057066691,"37":-1.2392004805,"38":-1.2392004805,"39":-1.2392004805,"40":0.6390994218,"41":0.7656978676,"42":0.9825670042,"43":0.1298494405,"44":0.3732740263,"45":-1.2392004805,"46":-0.8052696864,"47":0.2057066691,"48":0.4955394626,"49":0.4955394626,"50":0.4955394626},"max0":{"0":2.2592492586,"1":1.1612360675,"2":2.2592492586,"3":1.1612360675,"4":1.1612360675,"5":2.2592492586,"6":2.2592492586,"7":1.1612360675,"8":1.1612360675,"9":0.9961179162,"10":1.1612360675,"11":2.2592492586,"12":2.2592492586,"13":1.1612360675,"14":1.1612360675,"15":0.4997276778,"16":1.1612360675,"17":0.9961179162,"18":0.9961179162,"19":1.4615005306,"20":2.2592492586,"21":1.1612360675,"22":1.1612360675,"23":-0.4296586481,"24":0.9961179162,"25":0.9961179162,"26":0.9961179162,"27":1.6286593306,"28":2.2592492586,"29":0.7656978676,"30":1.1612360675,"31":-0.4296586481,"32":-0.4296586481,"33":0.1298494405,"34":0.9961179162,"35":0.2057066691,"36":0.9961179162,"37":0.9961179162,"38":0.9961179162,"39":0.6390994218,"40":0.7656978676,"41":0.9825670042,"42":1.1612360675,"43":0.3732740263,"44":0.9961179162,"45":-0.8052696864,"46":0.2057066691,"47":0.4955394626,"48":0.9961179162,"49":0.9961179162,"50":0.9961179162},"min1":{"0":-0.7663286535,"1":-0.7663286535,"2":-0.7663286535,"3":-0.7663286535,"4":-0.2548716835,"5":-0.7663286535,"6":0.4066884635,"7":-0.7663286535,"8":-0.3784605893,"9":-0.2548716835,"10":-0.2548716835,"11":-0.7663286535,"12":0.1419251089,"13":-0.7663286535,"14":-0.3920679626,"15":-0.3784605893,"16":-0.3784605893,"17":-0.2548716835,"18":0.0751632184,"19":-0.7663286535,"20":-0.7663286535,"21":-0.7663286535,"22":-0.5047333797,"23":-0.2548716835,"24":-0.2548716835,"25":0.0751632184,"26":0.9515340603,"27":-0.7663286535,"28":-0.7663286535,"29":-0.5047333797,"30":-0.5047333797,"31":-0.2548716835,"32":0.0203333113,"33":-0.2548716835,"34":-0.2548716835,"35":0.0751632184,"36":0.0751632184,"37":0.9515340603,"38":0.9692773887,"39":-0.5047333797,"40":-0.5047333797,"41":-0.5047333797,"42":-0.5047333797,"43":-0.2548716835,"44":-0.2548716835,"45":0.0751632184,"46":0.0751632184,"47":0.0751632184,"48":0.0751632184,"49":0.0751632184,"50":0.5030360072},"max1":{"0":1.1204039496,"1":1.1204039496,"2":1.1204039496,"3":-0.2548716835,"4":1.1204039496,"5":0.4066884635,"6":1.1204039496,"7":-0.3784605893,"8":-0.2548716835,"9":1.1204039496,"10":1.1204039496,"11":0.1419251089,"12":0.4066884635,"13":-0.3920679626,"14":-0.3784605893,"15":-0.2548716835,"16":-0.2548716835,"17":0.0751632184,"18":1.1204039496,"19":0.1419251089,"20":0.1419251089,"21":-0.5047333797,"22":-0.3920679626,"23":0.0751632184,"24":0.0751632184,"25":0.9515340603,"26":1.1204039496,"27":0.1419251089,"28":0.1419251089,"29":-0.3920679626,"30":-0.3920679626,"31":0.0203333113,"32":0.0751632184,"33":0.0751632184,"34":0.0751632184,"35":0.9515340603,"36":0.9515340603,"37":0.9692773887,"38":1.1204039496,"39":-0.3920679626,"40":-0.3920679626,