{"time":{"0":0.0,"1":0.0060819148,"2":0.0060819148,"3":0.3604636608,"4":0.3604636608,"5":0.0607162907,"6":0.0607162907,"7":0.4560111888,"8":0.4560111888,"9":0.3767153109,"10":0.3767153109,"11":0.1365000086,"12":0.1365000086,"13":0.6154864537,"14":0.6154864537,"15":0.4870297237,"16":0.4870297237,"17":1.3393603763,"18":1.3393603763,"19":0.5232519108,"20":0.5232519108,"21":0.4723796011,"22":0.4723796011,"23":0.341124776,"24":0.341124776,"25":1.2159629193,"26":1.2159629193,"27":1.0078236999,"28":1.0078236999,"29":1.3409946405,"30":1.3409946405,"31":1.2834637274,"32":1.2834637274,"33":0.6525799552,"34":0.6525799552,"35":0.4233708845,"36":0.4233708845,"37":1.6526268114,"38":1.6526268114,"39":1.6762302085,"40":1.6762302085,"41":1.3329655835,"42":1.3329655835,"43":0.7914345787,"44":0.7914345787,"45":0.4704357558,"46":0.4704357558,"47":1.2977321582,"48":1.2977321582,"49":1.8750799921,"50":1.8750799921,"51":1.4687189776,"52":1.4687189776,"53":1.0396942528,"54":1.0396942528,"55":1.6597931017,"56":1.6597931017,"57":1.8878267312,"58":1.8878267312},"father":{"0":"nan","1":0,"2":0,"3":1,"4":1,"5":2,"6":2,"7":3,"8":3,"9":4,"10":4,"11":5,"12":5,"13":6,"14":6,"15":7,"16":7,"17":8,"18":8,"19":9,"20":9,"21":10,"22":10,"23":11,"24":11,"25":12,"26":12,"27":15,"28":15,"29":16,"30":16,"31":19,"32":19,"33":22,"34":22,"35":24,"36":24,"37":30,"38":30,"39":31,"40":31,"41":32,"42":32,"43":34,"44":34,"45":35,"46":35,"47":36,"48":36,"49":40,"50":40,"51":41,"52":41,"53":44,"54":44,"55":52,"56":52,"57":55,"58":55},"part_number":{"0":0,"1":1,"2":2,"3":3,"4":4,"5":5,"6":6,"7":7,"8":8,"9":9,"10":10,"11":11,"12":12,"13":13,"14":14,"15":15,"16":16,"17":17,"18":18,"19":19,"20":20,"21":21,"22":22,"23":23,"24":24,"25":25,"26":26,"27":27,"28":28,"29":29,"30":30,"31":31,"32":32,"33":33,"34":34,"35":35,"36":36,"37":37,"38":38,"39":39,"40":40,"41":41,"42":42,"43":43,"44":44,"45":45,"46":46,"47":47,"48":48,"49":49,"50":50,"51":51,"52":52,"53":53,"54":54,"55":55,"56":56,"57":57,"58":58},"dim":{"0":"nan","1":1,"2":1,"3":0,"4":0,"5":0,"6":0,"7":1,"8":1,"9":0,"10":0,"11":0,"12":0,"13":0,"14":0,"15":0,"16":0,"17":0,"18":0,"19":0,"20":0,"21":0,"22":0,"23":1,"24":1,"25":1,"26":1,"27":1,"28":1,"29":1,"30":1,"31":1,"32":1,"33":0,"34":0,"35":1,"36":1,"37":1,"38":1,"39":0,"40":0,"41":0,"42":0,"43":1,"44":1,"45":0,"46":0,"47":1,"48":1,"49":1,"50":1,"51":0,"52":0,"53":0,"54":0,"55":1,"56":1,"57":1,"58":1},"distance":{"0":"nan","1":0.0301532816,"2":0.0301532816,"3":0.0883512593,"4":0.0883512593,"5":0.0908671222,"6":0.0908671222,"7":0.1632397543,"8":0.1632397543,"9":0.0081521958,"10":0.0081521958,"11":0.0613589371,"12":0.0613589371,"13":0.0044582649,"14":0.0044582649,"15":0.0335698569,"16":0.0335698569,"17":0.0159871963,"18":0.0159871963,"19":0.0217928348,"20":0.0217928348,"21":0.0153746596,"22":0.0153746596,"23":0.0986770075,"24":0.0986770075,"25":0.0005924819,"26":0.0005924819,"27":0.1304845477,"28":0.1304845477,"29":0.021538385,"30":0.021538385,"31":0.0920341674,"32":0.0920341674,"33":0.0118039818,"34":0.0118039818,"35":0.0010610765,"36":0.0010610765,"37":0.0258915675,"38":0.0258915675,"39":0.1393130512,"40":0.1393130512,"41":0.0992652145,"42":0.0992652145,"43":0.1569526726,"44":0.1569526726,"45":0.0367098872,"46":0.0367098872,"47":0.0043291705,"48":0.0043291705,"49":0.0077560075,"50":0.0077560075,"51":0.0223041651,"52":0.0223041651,"53":0.000622148,"54":0.000622148,"55":0.1101888586,"56":0.1101888586,"57":0.0836603978,"58":0.0836603978},"x":{"0":"nan","1":0.6414620811,"2":0.6414620811,"3":-0.5981401748,"4":-0.5981401748,"5":0.615550229,"6":0.615550229,"7":-0.0021165596,"8":-0.0021165596,"9":0.8576261949,"10":0.8576261949,"11":0.2162424565,"12":0.2162424565,"13":0.6970231264,"14":0.6970231264,"15":-0.9034077979,"16":-0.9034077979,"17":-0.8854708107,"18":-0.8854708107,"19":0.8139478106,"20":0.8139478106,"21":0.9177404284,"22":0.9177404284,"23":0.7442304824,"24":0.7442304824,"25":0.8861271711,"26":0.8861271711,"27":-0.2887787845,"28":-0.2887787845,"29":-0.6943057004,"30":-0.6943057004,"31":-0.7607115995,"32":-0.7607115995,"33":0.9325311455,"34":0.9325311455,"35":0.911104706,"36":0.911104706,"37":-0.5405859418,"38":-0.5405859418,"39":0.0854793525,"40":0.0854793525,"41":0.5673055366,"42":0.5673055366,"43":-0.1023671545,"44":-0.1023671545,"45":-0.459136866,"46":-0.459136866,"47":0.9854764259,"48":0.9854764259,"49":-1.0315054691,"50":-1.0315054691,"51":0.0012804075,"52":0.0012804075,"53":0.9485856299,"54":0.9485856299,"55":0.1518340115,"56":0.1518340115,"57":0.0198759674,"58":0.0198759674},"leaf":{"0":false,"1":false,"2":false,"3":false,"4":false,"5":false,"6":false,"7":false,"8":false,"9":false,"10":false,"11":false,"12":false,"13":true,"14":true,"15":false,"16":false,"17":true,"18":true,"19":false,"20":true,"21":true,"22":false,"23":true,"24":false,"25":true,"26":true,"27":true,"28":true,"29":true,"30":false,"31":false,"32":false,"33":true,"34":false,"35":false,"36":false,"37":true,"38":true,"39":true,"40":false,"41":false,"42":true,"43":true,"44":false,"45":true,"46":true,"47":true,"48":true,"49":true,"50":true,"51":true,"52":false,"53":true,"54":true,"55":false,"56":true,"57":true,"58":true},"min0":{"0":-1.2087322039,"1":-1.2087322039,"2":-1.2087322039,"3":-1.2087322039,"4":-0.5981401748,"5":-1.2087322039,"6":0.615550229,"7":-1.2087322039,"8":-1.2087322039,"9":-0.5981401748,"10":0.8576261949,"11":-1.2087322039,"12":0.2162424565,"13":0.615550229,"14":0.6970231264,"15":-1.2087322039,"16":-0.9034077979,"17":-1.2087322039,"18":-0.8854708107,"19":-0.5981401748,"20":0.8139478106,"21":0.8576261949,"22":0.9177404284,"23":-1.2087322039,"24":-1.2087322039,"25":0.2162424565,"26":0.2162424565,"27":-1.2087322039,"28":-1.2087322039,"29":-0.9034077979,"30":-0.9034077979,"31":-0.5981401748,"32":-0.5981401748,"33":0.9177404284,"34":0.9325311455,"35":-1.2087322039,"36":-1.2087322039,"37":-0.9034077979,"38":-0.9034077979,"39":-0.5981401748,"40":0.0854793525,"41":-0.5981401748,"42":0.5673055366,"43":0.9325311455,"44":0.9325311455,"45":-1.2087322039,"46":-0.459136866,"47":-1.2087322039,"48":-1.2087322039,"49":0.0854793525,"50":0.0854793525,"51":-0.5981401748,"52":0.0012804075,"53":0.9325311455,"54":0.9485856299,"55":0.0012804075,"56":0.0012804075,"57":0.0012804075,"58":0.0012804075},"max0":{"0":1.1842479108,"1":1.1842479108,"2":1.1842479108,"3":-0.5981401748,"4":1.1842479108,"5":0.615550229,"6":1.1842479108,"7":-0.5981401748,"8":-0.5981401748,"9":0.8576261949,"10":1.1842479108,"11":0.2162424565,"12":0.615550229,"13":0.6970231264,"14":1.1842479108,"15":-0.9034077979,"16":-0.5981401748,"17":-0.8854708107,"18":-0.5981401748,"19":0.8139478106,"20":0.8576261949,"21":0.9177404284,"22":1.1842479108,"23":0.2162424565,"24":0.2162424565,"25":0.615550229,"26":0.615550229,"27":-0.9034077979,"28":-0.9034077979,"29":-0.5981401748,"30":-0.5981401748,"31":0.8139478106,"32":0.8139478106,"33":0.9325311455,"34":1.1842479108,"35":0.2162424565,"36":0.2162424565,"37":-0.5981401748,"38":-0.5981401748,"39":0.0854793525,"40":0.8139478106,"41":0.5673055366,"42":0.8139478106,"43":1.1842479108,"44":1.1842479108,"45":-0.459136866,"46":0.2162424565,"47":0.2162424565,"48":0.2162424565,"49":0.8139478106,"50":0.8139478106,"51":0.0012804075,"52":0.5673055366,"53":0.9485856299,"54":1.1842479108,"55":0.5673055366,"56":0.5673055366,"57":0.5673055366,"58":0.5673055366},"min1":{"0":-1.1504969248,"1":-1.1504969248,"2":0.6414620811,"3":-1.1504969248,"4":-1.1504969248,"5":0.6414620811,"6":0.6414620811,"7":-1.1504969248,"8":-0.0021165596,"9":-1.1504969248,"10":-1.1504969248,"11":0.6414620811,"12":0.6414620811,"13":0.6414620811,"14":0.6414620811,"15":-1.1504969248,"16":-1.1504969248,"17":-0.0021165596,"18":-0.0021165596,"19":-1.1504969248,"20":-1.1504969248,"21":-1.1504969248,"22":-1.1504969248,"23":0.6414620811,"24":0.7442304824,"25":0.6414620811,"26":0.8861271711,"27":-1.1504969248,"28":-0.2887787845,"29":-1.1504969248,"30":-0.6943057004,"31":-1.1504969248,"32":-0.7607115995,"33":-1.1504969248,"34":-1.1504969248,"35":0.7442304824,"36":0.911104706,"37":-0.6943057004,