{"time":{"0":0.0,"1":0.1165069742,"2":0.1165069742,"3":0.2071328232,"4":0.2071328232,"5":0.29239502,"6":0.29239502,"7":0.2107125773,"8":0.2107125773,"9":0.2874225782,"10":0.2874225782,"11":0.4022322446,"12":0.4022322446,"13":0.5548671452,"14":0.5548671452,"15":1.0386687036,"16":1.0386687036,"17":0.4476279659,"18":0.4476279659,"19":1.1867826585,"20":1.1867826585,"21":1.7012285473,"22":1.7012285473,"23":1.0810594495,"24":1.0810594495,"25":0.5596598765,"26":0.5596598765,"27":1.220371415,"28":1.220371415,"29":0.7848867464,"30":0.7848867464,"31":1.0181304478,"32":1.0181304478,"33":1.2346689283,"34":1.2346689283,"35":1.6879657856,"36":1.6879657856,"37":1.6762998501,"38":1.6762998501,"39":1.4590740005,"40":1.4590740005,"41":1.2865803875,"42":1.2865803875,"43":1.3496782842,"44":1.3496782842,"45":1.6761951816,"46":1.6761951816,"47":1.4066214032,"48":1.4066214032,"49":1.6308983279,"50":1.6308983279,"51":1.5902137739,"52":1.5902137739,"53":1.7044933983,"54":1.7044933983},"father":{"0":"nan","1":0,"2":0,"3":1,"4":1,"5":2,"6":2,"7":3,"8":3,"9":4,"10":4,"11":5,"12":5,"13":7,"14":7,"15":8,"16":8,"17":9,"18":9,"19":10,"20":10,"21":11,"22":11,"23":12,"24":12,"25":13,"26":13,"27":15,"28":15,"29":17,"30":17,"31":18,"32":18,"33":20,"34":20,"35":25,"36":25,"37":27,"38":27,"39":29,"40":29,"41":30,"42":30,"43":31,"44":31,"45":33,"46":33,"47":34,"48":34,"49":39,"50":39,"51":42,"52":42,"53":44,"54":44},"part_number":{"0":0,"1":1,"2":2,"3":3,"4":4,"5":5,"6":6,"7":7,"8":8,"9":9,"10":10,"11":11,"12":12,"13":13,"14":14,"15":15,"16":16,"17":17,"18":18,"19":19,"20":20,"21":21,"22":22,"23":23,"24":24,"25":25,"26":26,"27":27,"28":28,"29":29,"30":30,"31":31,"32":32,"33":33,"34":34,"35":35,"36":36,"37":37,"38":38,"39":39,"40":40,"41":41,"42":42,"43":43,"44":44,"45":45,"46":46,"47":47,"48":48,"49":49,"50":50,"51":51,"52":52,"53":53,"54":54},"dim":{"0":"nan","1":1,"2":1,"3":0,"4":0,"5":0,"6":0,"7":1,"8":1,"9":0,"10":0,"11":0,"12":0,"13":1,"14":1,"15":1,"16":1,"17":1,"18":1,"19":1,"20":1,"21":1,"22":1,"23":1,"24":1,"25":1,"26":1,"27":0,"28":0,"29":0,"30":0,"31":0,"32":0,"33":0,"34":0,"35":1,"36":1,"37":1,"38":1,"39":1,"40":1,"41":1,"42":1,"43":1,"44":1,"45":1,"46":1,"47":0,"48":0,"49":1,"50":1,"51":0,"52":0,"53":1,"54":1},"distance":{"0":"nan","1":0.0301532816,"2":0.0301532816,"3":0.0883512593,"4":0.0883512593,"5":0.0908671222,"6":0.0908671222,"7":0.1632397543,"8":0.1632397543,"9":0.0992652145,"10":0.0992652145,"11":0.0613589371,"12":0.0613589371,"13":0.1304845477,"14":0.1304845477,"15":0.0676359064,"16":0.0676359064,"17":0.197510085,"18":0.197510085,"19":0.1447461267,"20":0.1447461267,"21":0.0986770075,"22":0.0986770075,"23":0.0005924819,"24":0.0005924819,"25":0.0544956208,"26":0.0544956208,"27":0.0129608193,"28":0.0129608193,"29":0.1145184942,"30":0.1145184942,"31":0.0223041651,"32":0.0223041651,"33":0.0153746596,"34":0.0153746596,"35":0.021538385,"36":0.021538385,"37":0.0343907833,"38":0.0343907833,"39":0.0753991381,"40":0.0753991381,"41":0.0078701946,"42":0.0078701946,"43":0.019081311,"44":0.019081311,"45":0.1112314136,"46":0.1112314136,"47":0.0118039818,"48":0.0118039818,"49":0.0125539581,"50":0.0125539581,"51":0.1393130512,"52":0.1393130512,"53":0.0140990594,"54":0.0140990594},"x":{"0":"nan","1":0.6414620811,"2":0.6414620811,"3":-0.5981401748,"4":-0.5981401748,"5":0.615550229,"6":0.615550229,"7":-0.0021165596,"8":-0.0021165596,"9":0.5673055366,"10":0.5673055366,"11":0.2162424565,"12":0.2162424565,"13":-0.2887787845,"14":-0.2887787845,"15":0.3497370916,"16":0.3497370916,"17":-0.7079736407,"18":-0.7079736407,"19":-0.1084704274,"20":-0.1084704274,"21":0.7442304824,"22":0.7442304824,"23":0.8861271711,"24":0.8861271711,"25":-0.4801537414,"26":-0.4801537414,"27":-0.9583305641,"28":-0.9583305641,"29":-0.258053299,"30":-0.258053299,"31":0.0012804075,"32":0.0012804075,"33":0.9177404284,"34":0.9177404284,"35":-0.6943057004,"36":-0.6943057004,"37":0.213671608,"38":0.213671608,"39":-0.9034633063,"40":-0.9034633063,"41":-1.0393185702,"42":-1.0393185702,"43":0.3691436902,"44":0.3691436902,"45":0.4695928409,"46":0.4695928409,"47":0.9325311455,"48":0.9325311455,"49":-0.949669266,"50":-0.949669266,"51":0.0854793525,"52":0.0854793525,"53":0.3900905705,"54":0.3900905705},"leaf":{"0":false,"1":false,"2":false,"3":false,"4":false,"5":false,"6":true,"7":false,"8":false,"9":false,"10":false,"11":false,"12":false,"13":false,"14":true,"15":false,"16":true,"17":false,"18":false,"19":true,"20":false,"21":true,"22":true,"23":true,"24":true,"25":false,"26":true,"27":false,"28":true,"29":false,"30":false,"31":false,"32":true,"33":false,"34":false,"35":true,"36":true,"37":true,"38":true,"39":false,"40":true,"41":true,"42":false,"43":true,"44":false,"45":true,"46":true,"47":true,"48":true,"49":true,"50":true,"51":true,"52":true,"53":true,"54":true},"min0":{"0":-1.2087322039,"1":-1.2087322039,"2":-1.2087322039,"3":-1.2087322039,"4":-0.5981401748,"5":-1.2087322039,"6":0.615550229,"7":-1.2087322039,"8":-1.2087322039,"9":-0.5981401748,"10":0.5673055366,"11":-1.2087322039,"12":0.2162424565,"13":-1.2087322039,"14":-1.2087322039,"15":-1.2087322039,"16":-1.2087322039,"17":-0.5981401748,"18":-0.5981401748,"19":0.5673055366,"20":0.5673055366,"21":-1.2087322039,"22":-1.2087322039,"23":0.2162424565,"24":0.2162424565,"25":-1.2087322039,"26":-1.2087322039,"27":-1.2087322039,"28":-0.9583305641,"29":-0.5981401748,"30":-0.258053299,"31":-0.5981401748,"32":0.0012804075,"33":0.5673055366,"34":0.9177404284,"35":-1.2087322039,"36":-1.2087322039,"37":-1.2087322039,"38":-1.2087322039,"39":-0.5981401748,"40":-0.5981401748,"41":-0.258053299,"42":-0.258053299,"43":-0.5981401748,"44":-0.5981401748,"45":0.5673055366,"46":0.5673055366,"47":0.9177404284,"48":0.9325311455,"49":-0.5981401748,"50":-0.5981401748,"51":-0.258053299,"52":0.0854793525,"53":-0.5981401748,"54":-0.5981401748},"max0":{"0":1.1842479108,"1":1.1842479108,"2":1.1842479108,"3":-0.5981401748,"4":1.1842479108,"5":0.615550229,"6":1.1842479108,"7":-0.5981401748,"8":-0.5981401748,"9":0.5673055366,"10":1.1842479108,"11":0.2162424565,"12":0.615550229,"13":-0.5981401748,"14":-0.5981401748,"15":-0.5981401748,"16":-0.5981401748,"17":0.5673055366,"18":0.5673055366,"19":1.1842479108,"20":1.1842479108,"21":0.2162424565,"22":0.2162424565,"23":0.615550229,"24":0.615550229,"25":-0.5981401748,"26":-0.5981401748,"27":-0.9583305641,"28":-0.5981401748,"29":-0.258053299,"30":0.5673055366,"31":0.0012804075,"32":0.5673055366,"33":0.9177404284,"34":1.1842479108,"35":-0.5981401748,"36":-0.5981401748,"37":-0.9583305641,"38":-0.9583305641,"39":-0.258053299,"40":-0.258053299,"41":0.5673055366,"42":0.5673055366,"43":0.0012804075,"44":0.0012804075,"45":0.9177404284,"46":0.9177404284,"47":0.9325311455,"48":1.1842479108,"49":-0.258053299,"50":-0.258053299,"51":0.0854793525,"52":0.5673055366,"53":0.0012804075,"54":0.0012804075},"min1":{"0":-1.1504969248,"1":-1.1504969248,"2":0.6414620811,"3":-1.1504969248,"4":-1.1504969248,"5":0.6414620811,"6":0.6414620811,"7":-1.1504969248,"8":-0.0021165596,"9":-1.1504969248,"10":-1.1504969248,"11":0.6414620811,"12":0.6414620811,"13":-1.1504969248,"14":-0.2887787845,"15":-0.0021165596,"16":0.3497370916,"17":-1.1504969248,"18":-0.7079736407,"19":-1.1504969248,"20":-0.1084704274,"21":0.6414620811,"22":0.7442304824,"23":0.6414620811,"24":0.8861271711,"25":-1.1504969248,"26":-0.4801537414,"27":-0.0021165596,"28":-0.0021165596,"29":-1.1504969248,"30":-1.1504969248,"31":-0.7079736407,"32":-0.7079736407,"33":-0.1084704274,"34":-0.1084704274,"35":-1.1504969248,"36":-0.6943057004,"37":-0.0021165596,"38":0.213671608,"39":-1.1504969248,"40":-0.9034633063,"41":-1.1504969248,"42":-1.0393185702,"43":-0.7079736407,"44":0.3691436902,"45":-0.1084704274,"46":0.4695928409,"47":-0.1084704274,"48":-0.1084704274,"49":-1.1504969248,"50":-0.949669266,"51":-1.0393185702,"52":-1.0393185702,"53":0.3691436902,"54":0.3900905705},"max1":{"0":1.1224752717,"1":0.6414620811,"2":1.1224752717,"3":0.6414620811,"4":0.6414620811,"5":1.1224752717,"6":1.1224752717,"7":-0.0021165596,"8":0.6414620811,