{"time":{"0":0.0,"1":0.1382927793,"2":0.1382927793,"3":0.6546113409,"4":0.6546113409,"5":0.1425276384,"6":0.1425276384,"7":0.7739427225,"8":0.7739427225,"9":0.7222749095,"10":0.7222749095,"11":0.4301662488,"12":0.4301662488,"13":1.0990883919,"14":1.0990883919,"15":0.8060104144,"16":0.8060104144,"17":1.3332773569,"18":1.3332773569,"19":1.1713623176,"20":1.1713623176,"21":0.9458839549,"22":0.9458839549,"23":0.9397179986,"24":0.9397179986,"25":1.6696000541,"26":1.6696000541,"27":1.6771734049,"28":1.6771734049,"29":1.6110977092,"30":1.6110977092,"31":1.4062772509,"32":1.4062772509,"33":1.5948254975,"34":1.5948254975,"35":1.8643604076,"36":1.8643604076},"father":{"0":"nan","1":0,"2":0,"3":1,"4":1,"5":2,"6":2,"7":3,"8":3,"9":4,"10":4,"11":5,"12":5,"13":6,"14":6,"15":7,"16":7,"17":8,"18":8,"19":9,"20":9,"21":10,"22":10,"23":11,"24":11,"25":12,"26":12,"27":15,"28":15,"29":16,"30":16,"31":19,"32":19,"33":20,"34":20,"35":28,"36":28},"part_number":{"0":0,"1":1,"2":2,"3":3,"4":4,"5":5,"6":6,"7":7,"8":8,"9":9,"10":10,"11":11,"12":12,"13":13,"14":14,"15":15,"16":16,"17":17,"18":18,"19":19,"20":20,"21":21,"22":22,"23":23,"24":24,"25":25,"26":26,"27":27,"28":28,"29":29,"30":30,"31":31,"32":32,"33":33,"34":34,"35":35,"36":36},"dim":{"0":"nan","1":1,"2":1,"3":0,"4":0,"5":0,"6":0,"7":1,"8":1,"9":1,"10":1,"11":1,"12":1,"13":1,"14":1,"15":1,"16":1,"17":1,"18":1,"19":0,"20":0,"21":0,"22":0,"23":0,"24":0,"25":1,"26":1,"27":1,"28":1,"29":1,"30":1,"31":0,"32":0,"33":0,"34":0,"35":1,"36":1},"distance":{"0":"nan","1":0.042960908,"2":0.042960908,"3":0.0883512593,"4":0.0883512593,"5":0.0613589371,"6":0.0613589371,"7":0.1632397543,"8":0.1632397543,"9":0.052876826,"10":0.052876826,"11":0.0010610765,"12":0.0010610765,"13":0.0005924819,"14":0.0005924819,"15":0.0544956208,"16":0.0544956208,"17":0.0811937167,"18":0.0811937167,"19":0.0081521958,"20":0.0081521958,"21":0.0044582649,"22":0.0044582649,"23":0.0367098872,"24":0.0367098872,"25":0.0043291705,"26":0.0043291705,"27":0.021538385,"28":0.021538385,"29":0.1304845477,"30":0.1304845477,"31":0.0217928348,"32":0.0217928348,"33":0.0153746596,"34":0.0153746596,"35":0.0258915675,"36":0.0258915675},"x":{"0":"nan","1":0.7720885321,"2":0.7720885321,"3":-0.5981401748,"4":-0.5981401748,"5":0.2162424565,"6":0.2162424565,"7":-0.0021165596,"8":-0.0021165596,"9":0.6528238532,"10":0.6528238532,"11":0.911104706,"12":0.911104706,"13":0.8861271711,"14":0.8861271711,"15":-0.4801537414,"16":-0.4801537414,"17":0.6159418635,"18":0.6159418635,"19":0.8576261949,"20":0.8576261949,"21":0.6970231264,"22":0.6970231264,"23":-0.459136866,"24":-0.459136866,"25":0.9854764259,"26":0.9854764259,"27":-0.6943057004,"28":-0.6943057004,"29":-0.2887787845,"30":-0.2887787845,"31":0.8139478106,"32":0.8139478106,"33":0.9177404284,"34":0.9177404284,"35":-0.5405859418,"36":-0.5405859418},"leaf":{"0":false,"1":false,"2":false,"3":false,"4":false,"5":false,"6":false,"7":false,"8":false,"9":false,"10":false,"11":false,"12":false,"13":true,"14":true,"15":false,"16":false,"17":true,"18":true,"19":false,"20":false,"21":true,"22":true,"23":true,"24":true,"25":true,"26":true,"27":true,"28":false,"29":true,"30":true,"31":true,"32":true,"33":true,"34":true,"35":true,"36":true},"min0":{"0":-1.2087322039,"1":-1.2087322039,"2":-1.2087322039,"3":-1.2087322039,"4":-0.5981401748,"5":-1.2087322039,"6":0.2162424565,"7":-1.2087322039,"8":-1.2087322039,"9":-0.5981401748,"10":-0.5981401748,"11":-1.2087322039,"12":-1.2087322039,"13":0.2162424565,"14":0.2162424565,"15":-1.2087322039,"16":-1.2087322039,"17":-1.2087322039,"18":-1.2087322039,"19":-0.5981401748,"20":0.8576261949,"21":-0.5981401748,"22":0.6970231264,"23":-1.2087322039,"24":-0.459136866,"25":-1.2087322039,"26":-1.2087322039,"27":-1.2087322039,"28":-1.2087322039,"29":-1.2087322039,"30":-1.2087322039,"31":-0.5981401748,"32":0.8139478106,"33":0.8576261949,"34":0.9177404284,"35":-1.2087322039,"36":-1.2087322039},"max0":{"0":1.1842479108,"1":1.1842479108,"2":1.1842479108,"3":-0.5981401748,"4":1.1842479108,"5":0.2162424565,"6":1.1842479108,"7":-0.5981401748,"8":-0.5981401748,"9":1.1842479108,"10":1.1842479108,"11":0.2162424565,"12":0.2162424565,"13":1.1842479108,"14":1.1842479108,"15":-0.5981401748,"16":-0.5981401748,"17":-0.5981401748,"18":-0.5981401748,"19":0.8576261949,"20":1.1842479108,"21":0.6970231264,"22":1.1842479108,"23":-0.459136866,"24":0.2162424565,"25":0.2162424565,"26":0.2162424565,"27":-0.5981401748,"28":-0.5981401748,"29":-0.5981401748,"30":-0.5981401748,"31":0.8139478106,"32":0.8576261949,"33":0.9177404284,"34":1.1842479108,"35":-0.5981401748,"36":-0.5981401748},"min1":{"0":-1.1504969248,"1":-1.1504969248,"2":0.7720885321,"3":-1.1504969248,"4":-1.1504969248,"5":0.7720885321,"6":0.7720885321,"7":-1.1504969248,"8":-0.0021165596,"9":-1.1504969248,"10":0.6528238532,"11":0.7720885321,"12":0.911104706,"13":0.7720885321,"14":0.8861271711,"15":-1.1504969248,"16":-0.4801537414,"17":-0.0021165596,"18":0.6159418635,"19":-1.1504969248,"20":-1.1504969248,"21":0.6528238532,"22":0.6528238532,"23":0.7720885321,"24":0.7720885321,"25":0.911104706,"26":0.9854764259,"27":-1.1504969248,"28":-0.6943057004,"29":-0.4801537414,"30":-0.2887787845,"31":-1.1504969248,"32":-1.1504969248,"33":-1.1504969248,"34":-1.1504969248,"35":-0.6943057004,"36":-0.5405859418},"max1":{"0":1.1224752717,"1":0.7720885321,"2":1.1224752717,"3":0.7720885321,"4":0.7720885321,"5":1.1224752717,"6":1.1224752717,"7":-0.0021165596,"8":0.7720885321,"9":0.6528238532,"10":0.7720885321,"11":0.911104706,"12":1.1224752717,"13":0.8861271711,"14":1.1224752717,"15":-0.4801537414,"16":-0.0021165596,"17":0.6159418635,"18":0.7720885321,"19":0.6528238532,"20":0.6528238532,"21":0.7720885321,"22":0.7720885321,"23":0.911104706,"24":0.911104706,"25":0.9854764259,"26":1.1224752717,"27":-0.6943057004,"28":-0.4801537414,"29":-0.2887787845,"30":-0.0021165596,"31":0.6528238532,"32":0.6528238532,"33":0.6528238532,"34":0.6528238532,"35":-0.5405859418,"36":-0.4801537414}}