{"time":{"0":0.0,"1":0.0159331177,"2":0.0159331177,"3":0.1161771031,"4":0.1161771031,"5":0.6113129816,"6":0.6113129816,"7":1.1358437703,"8":1.1358437703,"9":0.1806729191,"10":0.1806729191,"11":0.9660691557,"12":0.9660691557,"13":1.2860081985,"14":1.2860081985,"15":1.7064250225,"16":1.7064250225,"17":0.5023480118,"18":0.5023480118,"19":0.7738244814,"20":0.7738244814,"21":1.8656908189,"22":1.8656908189,"23":1.1469882868,"24":1.1469882868,"25":1.6237674328,"26":1.6237674328,"27":0.8564625,"28":0.8564625,"29":1.0330634504,"30":1.0330634504,"31":0.9509131356,"32":0.9509131356,"33":0.8680961419,"34":0.8680961419,"35":2.1090403767,"36":2.1090403767,"37":2.2985878253,"38":2.2985878253,"39":2.0735938114,"40":2.0735938114,"41":1.006357932,"42":1.006357932,"43":1.3858870359,"44":1.3858870359,"45":1.8969771208,"46":1.8969771208,"47":1.0852801248,"48":1.0852801248,"49":2.0027289445,"50":2.0027289445,"51":2.396469055,"52":2.396469055,"53":1.9794192743,"54":1.9794192743,"55":1.278882693,"56":1.278882693,"57":1.6809889083,"58":1.6809889083,"59":1.9214383992,"60":1.9214383992,"61":1.2169803492,"62":1.2169803492,"63":1.2511643237,"64":1.2511643237,"65":1.482935589,"66":1.482935589,"67":1.8263992729,"68":1.8263992729,"69":2.0043128091,"70":2.0043128091,"71":1.4958057659,"72":1.4958057659,"73":2.0234080503,"74":2.0234080503,"75":2.0134933075,"76":2.0134933075,"77":2.2032274803,"78":2.2032274803,"79":2.0138850253,"80":2.0138850253},"father":{"0":"nan","1":0,"2":0,"3":1,"4":1,"5":2,"6":2,"7":3,"8":3,"9":4,"10":4,"11":5,"12":5,"13":7,"14":7,"15":8,"16":8,"17":9,"18":9,"19":10,"20":10,"21":11,"22":11,"23":12,"24":12,"25":14,"26":14,"27":17,"28":17,"29":18,"30":18,"31":19,"32":19,"33":20,"34":20,"35":21,"36":21,"37":23,"38":23,"39":25,"40":25,"41":27,"42":27,"43":28,"44":28,"45":31,"46":31,"47":32,"48":32,"49":33,"50":33,"51":35,"52":35,"53":41,"54":41,"55":42,"56":42,"57":43,"58":43,"59":44,"60":44,"61":47,"62":47,"63":48,"64":48,"65":55,"66":55,"67":58,"68":58,"69":60,"70":60,"71":61,"72":61,"73":67,"74":67,"75":69,"76":69,"77":70,"78":70,"79":75,"80":75},"part_number":{"0":0,"1":1,"2":2,"3":3,"4":4,"5":5,"6":6,"7":7,"8":8,"9":9,"10":10,"11":11,"12":12,"13":13,"14":14,"15":15,"16":16,"17":17,"18":18,"19":19,"20":20,"21":21,"22":22,"23":23,"24":24,"25":25,"26":26,"27":27,"28":28,"29":29,"30":30,"31":31,"32":32,"33":33,"34":34,"35":35,"36":36,"37":37,"38":38,"39":39,"40":40,"41":41,"42":42,"43":43,"44":44,"45":45,"46":46,"47":47,"48":48,"49":49,"50":50,"51":51,"52":52,"53":53,"54":54,"55":55,"56":56,"57":57,"58":58,"59":59,"60":60,"61":61,"62":62,"63":63,"64":64,"65":65,"66":66,"67":67,"68":68,"69":69,"70":70,"71":71,"72":72,"73":73,"74":74,"75":75,"76":76,"77":77,"78":78,"79":79,"80":80},"dim":{"0":"nan","1":0,"2":0,"3":1,"4":1,"5":1,"6":1,"7":1,"8":1,"9":0,"10":0,"11":1,"12":1,"13":1,"14":1,"15":0,"16":0,"17":1,"18":1,"19":1,"20":1,"21":0,"22":0,"23":0,"24":0,"25":1,"26":1,"27":0,"28":0,"29":1,"30":1,"31":0,"32":0,"33":0,"34":0,"35":1,"36":1,"37":1,"38":1,"39":0,"40":0,"41":1,"42":1,"43":1,"44":1,"45":0,"46":0,"47":0,"48":0,"49":1,"50":1,"51":0,"52":0,"53":0,"54":0,"55":0,"56":0,"57":0,"58":0,"59":1,"60":1,"61":0,"62":0,"63":1,"64":1,"65":1,"66":1,"67":0,"68":0,"69":1,"70":1,"71":1,"72":1,"73":0,"74":0,"75":0,"76":0,"77":1,"78":1,"79":1,"80":1},"distance":{"0":"nan","1":0.0474593641,"2":0.0474593641,"3":0.0913082529,"4":0.0913082529,"5":0.0852835442,"6":0.0852835442,"7":0.0015610253,"8":0.0015610253,"9":0.004087516,"10":0.004087516,"11":0.1189503595,"12":0.1189503595,"13":0.0083156267,"14":0.0083156267,"15":0.42951869,"16":0.42951869,"17":0.0163837684,"18":0.0163837684,"19":0.0801754193,"20":0.0801754193,"21":0.0877769342,"22":0.0877769342,"23":0.0050573742,"24":0.0050573742,"25":0.0096444401,"26":0.0096444401,"27":0.0095756191,"28":0.0095756191,"29":0.0050671892,"30":0.0050671892,"31":0.354775519,"32":0.354775519,"33":0.0835316897,"34":0.0835316897,"35":0.0257468774,"36":0.0257468774,"37":0.0551740201,"38":0.0551740201,"39":0.1016660533,"40":0.1016660533,"41":0.1124263501,"42":0.1124263501,"43":0.0327511462,"44":0.0327511462,"45":0.0090886677,"46":0.0090886677,"47":0.011242931,"48":0.011242931,"49":0.1059672892,"50":0.1059672892,"51":0.0041338735,"52":0.0041338735,"53":0.0239259281,"54":0.0239259281,"55":0.0013540114,"56":0.0013540114,"57":0.0125497715,"58":0.0125497715,"59":0.003362313,"60":0.003362313,"61":0.0160331132,"62":0.0160331132,"63":0.1953029402,"64":0.1953029402,"65":0.0193239625,"66":0.0193239625,"67":0.0112373992,"68":0.0112373992,"69":0.0263310099,"70":0.0263310099,"71":0.0509451498,"72":0.0509451498,"73":0.0067505516,"74":0.0067505516,"75":0.033032698,"76":0.033032698,"77":0.0173128163,"78":0.0173128163,"79":0.0042719595,"80":0.0042719595},"x":{"0":"nan","1":1.1612360675,"2":1.1612360675,"3":-0.2548716835,"4":-0.2548716835,"5":0.4066884635,"6":0.4066884635,"7":-0.3859904266,"8":-0.3859904266,"9":0.1111014719,"10":0.1111014719,"11":0.1419251089,"12":0.1419251089,"13":-0.5047333797,"14":-0.5047333797,"15":0.7345812964,"16":0.7345812964,"17":0.9596521754,"18":0.9596521754,"19":0.5030360072,"20":0.5030360072,"21":1.4615005306,"22":1.4615005306,"23":2.0477172542,"24":2.0477172542,"25":-0.4013333101,"26":-0.4013333101,"27":-0.8052696864,"28":-0.8052696864,"29":0.987447793,"30":0.987447793,"31":0.5857779347,"32":0.5857779347,"33":0.5867874345,"34":0.5867874345,"35":-0.3374300608,"36":-0.3374300608,"37":0.3067858107,"38":0.3067858107,"39":0.7656978676,"40":0.7656978676,"41":0.2511639108,"42":0.2511639108,"43":0.6190145173,"44":0.6190145173,"45":0.1298494405,"46":0.1298494405,"47":0.9271188423,"48":0.9271188423,"49":0.8473370982,"50":0.8473370982,"51":1.3150783164,"52":1.3150783164,"53":-0.9778677738,"54":-0.9778677738,"55":-0.8428966363,"56":-0.8428966363,"57":0.0373482508,"58":0.0373482508,"59":0.6731651491,"60":0.6731651491,"61":0.9130763311,"62":0.9130763311,"63":0.165401702,"64":0.165401702,"65":0.4039861998,"66":0.4039861998,"67":0.0858799354,"68":0.0858799354,"69":0.8353120322,"70":0.8353120322,"71":0.1991762531,"72":0.1991762531,"73":0.0590882952,"74":0.0590882952,"75":-0.4501828575,"76":-0.4501828575,"77":0.9062620862,"78":0.9062620862,"79":0.7103156833,"80":0.7103156833},"leaf":{"0":false,"1":false,"2":false,"3":false,"4":false,"5":false,"6":true,"7":false,"8":false,"9":false,"10":false,"11":false,"12":false,"13":true,"14":false,"15":true,"16":true,"17":false,"18":false,"19":false,"20":false,"21":false,"22":true,"23":false,"24":true,"25":false,"26":true,"27":false,"28":false,"29":true,"30":true,"31":false,"32":false,"33":false,"34":true,"35":false,"36":true,"37":true,"38":true,"39":true,"40":true,"41":false,"42":false,"43":false,"44":false,"45":true,"46":true,"47":false,"48":false,"49":true,"50":true,"51":true,"52":true,"53":true,"54":true,"55":false,"56":true,"57":true,"58":false,"59":true,"60":false,"61":false,"62":true,"63":true,"64":true,"65":true,"66":true,"67":false,"68":true,"69":false,"70":false,"71":true,"72":true,"73":true,"74":true,"75":false,"76":true,"77":true,"78":true,"79":true,"80":true},"min0":{"0":-1.2392004805,"1":-1.2392004805,"2":1.1612360675,"3":-1.2392004805,"4":-1.2392004805,"5":1.1612360675,"6":1.1612360675,"7":-1.2392004805,"8":-1.2392004805,"9":-1.2392004805,"10":0.1111014719,"11":1.1612360675,"12":1.1612360675,"13":-1.2392004805,"14":-1.2392004805,"15":-1.2392004805,"16":0.7345812964,"17":-1.2392004805,"18":-1.2392004805,"19":0.1111014719,"20":0.1111014719,"21":1.1612360675,"22":1.4615005306,"23":1.1612360675,"24":2.0477172542,"25":-1.2392004805,"26":-1.2392004805,"27":-1.2392004805,"28":-0.8052696864,"29":-1.2392004805,"30":-1.2392004805,"31":0.1111014719,"32":0.5857779347,"33":0.1111014719,"34":0.5867874345,"35":1.1612360675,"36":1.1612360675,"37":1.1612360675,"38":1.1612360675,"39":-1.2392004805,"40":0.7656978676,"41":-1.2392004805,"42":-1.2392004805,"43":-0.8052696864,"44":-0.8052696864,"45":0.1111014719,"46":0.1298494405,"47":0.5857779347,"48":0.9271188423,"49":0.1111014719,"50":0.1111014719,"51":1.1612360675,