{"time":{"0":0.0,"1":0.9973717352,"2":0.9973717352,"3":1.0398806008,"4":1.0398806008,"5":1.1488543957,"6":1.1488543957,"7":1.3567588543,"8":1.3567588543,"9":1.1625323255,"10":1.1625323255,"11":1.9704702908,"12":1.9704702908,"13":1.2668992728,"14":1.2668992728,"15":2.0170155734,"16":2.0170155734,"17":2.1746460185,"18":2.1746460185,"19":1.4949851104,"20":1.4949851104,"21":1.164188029,"22":1.164188029,"23":2.3177020505,"24":2.3177020505,"25":1.5265701401,"26":1.5265701401,"27":2.3832723979,"28":2.3832723979,"29":2.0920461761,"30":2.0920461761,"31":1.6641650439,"32":1.6641650439,"33":1.6434824053,"34":1.6434824053,"35":2.331300721,"36":2.331300721,"37":1.5899466314,"38":1.5899466314,"39":2.4065255618,"40":2.4065255618,"41":2.4348197797,"42":2.4348197797,"43":2.4730408128,"44":2.4730408128,"45":1.8136656468,"46":1.8136656468,"47":2.4209527212,"48":2.4209527212},"father":{"0":"nan","1":0,"2":0,"3":1,"4":1,"5":2,"6":2,"7":3,"8":3,"9":4,"10":4,"11":5,"12":5,"13":6,"14":6,"15":7,"16":7,"17":8,"18":8,"19":9,"20":9,"21":10,"22":10,"23":12,"24":12,"25":14,"26":14,"27":15,"28":15,"29":19,"30":19,"31":20,"32":20,"33":22,"34":22,"35":24,"36":24,"37":26,"38":26,"39":28,"40":28,"41":29,"42":29,"43":30,"44":30,"45":34,"46":34,"47":46,"48":46},"part_number":{"0":0,"1":1,"2":2,"3":3,"4":4,"5":5,"6":6,"7":7,"8":8,"9":9,"10":10,"11":11,"12":12,"13":13,"14":14,"15":15,"16":16,"17":17,"18":18,"19":19,"20":20,"21":21,"22":22,"23":23,"24":24,"25":25,"26":26,"27":27,"28":28,"29":29,"30":30,"31":31,"32":32,"33":33,"34":34,"35":35,"36":36,"37":37,"38":38,"39":39,"40":40,"41":41,"42":42,"43":43,"44":44,"45":45,"46":46,"47":47,"48":48},"dim":{"0":"nan","1":0,"2":0,"3":1,"4":1,"5":1,"6":1,"7":1,"8":1,"9":1,"10":1,"11":0,"12":0,"13":0,"14":0,"15":1,"16":1,"17":0,"18":0,"19":0,"20":0,"21":1,"22":1,"23":0,"24":0,"25":0,"26":0,"27":1,"28":1,"29":1,"30":1,"31":1,"32":1,"33":1,"34":1,"35":0,"36":0,"37":0,"38":0,"39":0,"40":0,"41":0,"42":0,"43":0,"44":0,"45":1,"46":1,"47":1,"48":1},"distance":{"0":"nan","1":0.0474593641,"2":0.0474593641,"3":0.0913082529,"4":0.0913082529,"5":0.1189503595,"6":0.1189503595,"7":0.000853896,"8":0.000853896,"9":0.0162362302,"10":0.0162362302,"11":0.0877769342,"12":0.0877769342,"13":0.0286165243,"14":0.0286165243,"15":0.0096444401,"16":0.0096444401,"17":0.2854932628,"18":0.2854932628,"19":0.0024702003,"20":0.0024702003,"21":0.0099345742,"22":0.0099345742,"23":0.0596522956,"24":0.0596522956,"25":0.0243725074,"26":0.0243725074,"27":0.0083156267,"28":0.0083156267,"29":0.0203263609,"30":0.0203263609,"31":0.0801754193,"32":0.0801754193,"33":0.0038606535,"34":0.0038606535,"35":0.0200094446,"36":0.0200094446,"37":0.0050573742,"38":0.0050573742,"39":0.1016660533,"40":0.1016660533,"41":0.8608698579,"42":0.8608698579,"43":0.1066578319,"44":0.1066578319,"45":0.0149724163,"46":0.0149724163,"47":0.00026729,"48":0.00026729},"x":{"0":"nan","1":1.1612360675,"2":1.1612360675,"3":-0.2548716835,"4":-0.2548716835,"5":0.1419251089,"6":0.1419251089,"7":-0.3871978872,"8":-0.3871978872,"9":0.9597259445,"10":0.9597259445,"11":1.4615005306,"12":1.4615005306,"13":1.9524949104,"14":1.9524949104,"15":-0.4013333101,"16":-0.4013333101,"17":0.6625685828,"18":0.6625685828,"19":0.1078226138,"20":0.1078226138,"21":0.9756780049,"22":0.9756780049,"23":1.6286593306,"24":1.6286593306,"25":2.0179668067,"26":2.0179668067,"27":-0.5047333797,"28":-0.5047333797,"29":0.2972139054,"30":0.2972139054,"31":0.5030360072,"32":0.5030360072,"33":0.9868445252,"34":0.9868445252,"35":1.8033266274,"36":1.8033266274,"37":2.0477172542,"38":2.0477172542,"39":0.7656978676,"40":0.7656978676,"41":-0.5171815501,"42":-0.5171815501,"43":-0.022255551,"44":-0.022255551,"45":0.9974675958,"46":0.9974675958,"47":1.0053107705,"48":1.0053107705},"leaf":{"0":false,"1":false,"2":false,"3":false,"4":false,"5":false,"6":false,"7":false,"8":false,"9":false,"10":false,"11":true,"12":false,"13":true,"14":false,"15":false,"16":true,"17":true,"18":true,"19":false,"20":false,"21":true,"22":false,"23":true,"24":false,"25":true,"26":false,"27":true,"28":false,"29":false,"30":false,"31":true,"32":true,"33":true,"34":false,"35":true,"36":true,"37":true,"38":true,"39":true,"40":true,"41":true,"42":true,"43":true,"44":true,"45":true,"46":false,"47":true,"48":true},"min0":{"0":-1.2392004805,"1":-1.2392004805,"2":1.1612360675,"3":-1.2392004805,"4":-1.2392004805,"5":1.1612360675,"6":1.1612360675,"7":-1.2392004805,"8":-1.2392004805,"9":-1.2392004805,"10":-1.2392004805,"11":1.1612360675,"12":1.4615005306,"13":1.1612360675,"14":1.9524949104,"15":-1.2392004805,"16":-1.2392004805,"17":-1.2392004805,"18":0.6625685828,"19":-1.2392004805,"20":0.1078226138,"21":-1.2392004805,"22":-1.2392004805,"23":1.4615005306,"24":1.6286593306,"25":1.9524949104,"26":2.0179668067,"27":-1.2392004805,"28":-1.2392004805,"29":-1.2392004805,"30":-1.2392004805,"31":0.1078226138,"32":0.1078226138,"33":-1.2392004805,"34":-1.2392004805,"35":1.6286593306,"36":1.8033266274,"37":2.0179668067,"38":2.0477172542,"39":-1.2392004805,"40":0.7656978676,"41":-1.2392004805,"42":-0.5171815501,"43":-1.2392004805,"44":-0.022255551,"45":-1.2392004805,"46":-1.2392004805,"47":-1.2392004805,"48":-1.2392004805},"max0":{"0":2.2592492586,"1":1.1612360675,"2":2.2592492586,"3":1.1612360675,"4":1.1612360675,"5":2.2592492586,"6":2.2592492586,"7":1.1612360675,"8":1.1612360675,"9":1.1612360675,"10":1.1612360675,"11":1.4615005306,"12":2.2592492586,"13":1.9524949104,"14":2.2592492586,"15":1.1612360675,"16":1.1612360675,"17":0.6625685828,"18":1.1612360675,"19":0.1078226138,"20":1.1612360675,"21":1.1612360675,"22":1.1612360675,"23":1.6286593306,"24":2.2592492586,"25":2.0179668067,"26":2.2592492586,"27":1.1612360675,"28":1.1612360675,"29":0.1078226138,"30":0.1078226138,"31":1.1612360675,"32":1.1612360675,"33":1.1612360675,"34":1.1612360675,"35":1.8033266274,"36":2.2592492586,"37":2.0477172542,"38":2.2592492586,"39":0.7656978676,"40":1.1612360675,"41":-0.5171815501,"42":0.1078226138,"43":-0.022255551,"44":0.1078226138,"45":1.1612360675,"46":1.1612360675,"47":1.1612360675,"48":1.1612360675},"min1":{"0":-0.7663286535,"1":-0.7663286535,"2":-0.7663286535,"3":-0.7663286535,"4":-0.2548716835,"5":-0.7663286535,"6":0.1419251089,"7":-0.7663286535,"8":-0.3871978872,"9":-0.2548716835,"10":0.9597259445,"11":-0.7663286535,"12":-0.7663286535,"13":0.1419251089,"14":0.1419251089,"15":-0.7663286535,"16":-0.4013333101,"17":-0.3871978872,"18":-0.3871978872,"19":-0.2548716835,"20":-0.2548716835,"21":0.9597259445,"22":0.9756780049,"23":-0.7663286535,"24":-0.7663286535,"25":0.1419251089,"26":0.1419251089,"27":-0.7663286535,"28":-0.5047333797,"29":-0.2548716835,"30":0.2972139054,"31":-0.2548716835,"32":0.5030360072,"33":0.9756780049,"34":0.9868445252,"35":-0.7663286535,"36":-0.7663286535,"37":0.1419251089,"38":0.1419251089,"39":-0.5047333797,"40":-0.5047333797,"41":-0.2548716835,"42":-0.2548716835,"43":0.2972139054,"44":0.2972139054,"45":0.9868445252,"46":0.9974675958,"47":0.9974675958,"48":1.0053107705},"max1":{"0":1.1204039496,"1":1.1204039496,"2":1.1204039496,"3":-0.2548716835,"4":1.1204039496,"5":0.1419251089,"6":1.1204039496,"7":-0.3871978872,"8":-0.2548716835,"9":0.9597259445,"10":1.1204039496,"11":0.1419251089,"12":0.1419251089,"13":1.1204039496,"14":1.1204039496,"15":-0.4013333101,"16":-0.3871978872,"17":-0.2548716835,"18":-0.2548716835,"19":0.9597259445,"20":0.9597259445,"21":0.9756780049,"22":1.1204039496,"23":0.1419251089,"24":0.1419251089,"25":1.1204039496,"26":1.1204039496,"27":-0.5047333797,"28":-0.4013333101,"29":0.2972139054,"30":0.9597259445,"31":0.5030360072,"32":0.9597259445,"33":0.9868445252,"34":1.1204039496,"35":0.1419251089,"36":0.1419251089,"37":1.1204039496,"38":1.1204039496,"39":-0.4013333101,"40":-0.4013333101,"41":0.2972139054,"42":0.2972139054,"43":0.9597259445,"44":0.9597259445,"45":0.9974675958,"46":1.1204039496,"47":1.0053107705,"48":1.1204039496}}