{"time":{"0":0.0,"1":0.3032649817,"2":0.3032649817,"3":0.3467350316,"4":0.3467350316,"5":0.5228820989,"6":0.5228820989,"7":0.5848352306,"8":0.5848352306,"9":0.6124839089,"10":0.6124839089,"11":0.806640259,"12":0.806640259,"13":1.0821123594,"14":1.0821123594,"15":1.3707356404,"16":1.3707356404,"17":1.0422707712,"18":1.0422707712,"19":0.6846739348,"20":0.6846739348,"21":1.4781911429,"22":1.4781911429,"23":1.7926826688,"24":1.7926826688,"25":1.9426517886,"26":1.9426517886,"27":0.7414309761,"28":0.7414309761,"29":1.3750150796,"30":1.3750150796,"31":1.4147562423,"32":1.4147562423,"33":1.9877992378,"34":1.9877992378},"father":{"0":"nan","1":0,"2":0,"3":1,"4":1,"5":2,"6":2,"7":3,"8":3,"9":4,"10":4,"11":5,"12":5,"13":6,"14":6,"15":8,"16":8,"17":9,"18":9,"19":10,"20":10,"21":15,"22":15,"23":17,"24":17,"25":18,"26":18,"27":20,"28":20,"29":28,"30":28,"31":29,"32":29,"33":30,"34":30},"part_number":{"0":0,"1":1,"2":2,"3":3,"4":4,"5":5,"6":6,"7":7,"8":8,"9":9,"10":10,"11":11,"12":12,"13":13,"14":14,"15":15,"16":16,"17":17,"18":18,"19":19,"20":20,"21":21,"22":22,"23":23,"24":24,"25":25,"26":26,"27":27,"28":28,"29":29,"30":30,"31":31,"32":32,"33":33,"34":34},"dim":{"0":"nan","1":1,"2":1,"3":0,"4":0,"5":0,"6":0,"7":1,"8":1,"9":1,"10":1,"11":0,"12":0,"13":1,"14":1,"15":1,"16":1,"17":0,"18":0,"19":0,"20":0,"21":0,"22":0,"23":1,"24":1,"25":1,"26":1,"27":1,"28":1,"29":0,"30":0,"31":0,"32":0,"33":0,"34":0},"distance":{"0":"nan","1":0.0301532816,"2":0.0301532816,"3":0.0883512593,"4":0.0883512593,"5":0.0908671222,"6":0.0908671222,"7":0.1632397543,"8":0.1632397543,"9":0.0920341674,"10":0.0920341674,"11":0.0613589371,"12":0.0613589371,"13":0.0194165723,"14":0.0194165723,"15":0.0676359064,"16":0.0676359064,"17":0.1145184942,"18":0.1145184942,"19":0.0992652145,"20":0.0992652145,"21":0.0129608193,"22":0.0129608193,"23":0.0753991381,"24":0.0753991381,"25":0.0078701946,"26":0.0078701946,"27":0.1447461267,"28":0.1447461267,"29":0.0153746596,"30":0.0153746596,"31":0.0542495731,"32":0.0542495731,"33":0.0118039818,"34":0.0118039818},"x":{"0":"nan","1":0.6414620811,"2":0.6414620811,"3":-0.5981401748,"4":-0.5981401748,"5":0.615550229,"6":0.615550229,"7":-0.0021165596,"8":-0.0021165596,"9":-0.7607115995,"10":-0.7607115995,"11":0.2162424565,"12":0.2162424565,"13":0.695283065,"14":0.695283065,"15":0.3497370916,"16":0.3497370916,"17":-0.258053299,"18":-0.258053299,"19":0.5673055366,"20":0.5673055366,"21":-0.9583305641,"22":-0.9583305641,"23":-0.9034633063,"24":-0.9034633063,"25":-1.0393185702,"26":-1.0393185702,"27":-0.1084704274,"28":-0.1084704274,"29":0.9177404284,"30":0.9177404284,"31":0.8806748835,"32":0.8806748835,"33":0.9325311455,"34":0.9325311455},"leaf":{"0":false,"1":false,"2":false,"3":false,"4":false,"5":false,"6":false,"7":true,"8":false,"9":false,"10":false,"11":true,"12":true,"13":true,"14":true,"15":false,"16":true,"17":false,"18":false,"19":true,"20":false,"21":true,"22":true,"23":true,"24":true,"25":true,"26":true,"27":true,"28":false,"29":false,"30":false,"31":true,"32":true,"33":true,"34":true},"min0":{"0":-1.2087322039,"1":-1.2087322039,"2":-1.2087322039,"3":-1.2087322039,"4":-0.5981401748,"5":-1.2087322039,"6":0.615550229,"7":-1.2087322039,"8":-1.2087322039,"9":-0.5981401748,"10":-0.5981401748,"11":-1.2087322039,"12":0.2162424565,"13":0.615550229,"14":0.615550229,"15":-1.2087322039,"16":-1.2087322039,"17":-0.5981401748,"18":-0.258053299,"19":-0.5981401748,"20":0.5673055366,"21":-1.2087322039,"22":-0.9583305641,"23":-0.5981401748,"24":-0.5981401748,"25":-0.258053299,"26":-0.258053299,"27":0.5673055366,"28":0.5673055366,"29":0.5673055366,"30":0.9177404284,"31":0.5673055366,"32":0.8806748835,"33":0.9177404284,"34":0.9325311455},"max0":{"0":1.1842479108,"1":1.1842479108,"2":1.1842479108,"3":-0.5981401748,"4":1.1842479108,"5":0.615550229,"6":1.1842479108,"7":-0.5981401748,"8":-0.5981401748,"9":1.1842479108,"10":1.1842479108,"11":0.2162424565,"12":0.615550229,"13":1.1842479108,"14":1.1842479108,"15":-0.5981401748,"16":-0.5981401748,"17":-0.258053299,"18":1.1842479108,"19":0.5673055366,"20":1.1842479108,"21":-0.9583305641,"22":-0.5981401748,"23":-0.258053299,"24":-0.258053299,"25":1.1842479108,"26":1.1842479108,"27":1.1842479108,"28":1.1842479108,"29":0.9177404284,"30":1.1842479108,"31":0.8806748835,"32":0.9177404284,"33":0.9325311455,"34":1.1842479108},"min1":{"0":-1.1504969248,"1":-1.1504969248,"2":0.6414620811,"3":-1.1504969248,"4":-1.1504969248,"5":0.6414620811,"6":0.6414620811,"7":-1.1504969248,"8":-0.0021165596,"9":-1.1504969248,"10":-0.7607115995,"11":0.6414620811,"12":0.6414620811,"13":0.6414620811,"14":0.695283065,"15":-0.0021165596,"16":0.3497370916,"17":-1.1504969248,"18":-1.1504969248,"19":-0.7607115995,"20":-0.7607115995,"21":-0.0021165596,"22":-0.0021165596,"23":-1.1504969248,"24":-0.9034633063,"25":-1.1504969248,"26":-1.0393185702,"27":-0.7607115995,"28":-0.1084704274,"29":-0.1084704274,"30":-0.1084704274,"31":-0.1084704274,"32":-0.1084704274,"33":-0.1084704274,"34":-0.1084704274},"max1":{"0":1.1224752717,"1":0.6414620811,"2":1.1224752717,"3":0.6414620811,"4":0.6414620811,"5":1.1224752717,"6":1.1224752717,"7":-0.0021165596,"8":0.6414620811,"9":-0.7607115995,"10":0.6414620811,"11":1.1224752717,"12":1.1224752717,"13":0.695283065,"14":1.1224752717,"15":0.3497370916,"16":0.6414620811,"17":-0.7607115995,"18":-0.7607115995,"19":0.6414620811,"20":0.6414620811,"21":0.3497370916,"22":0.3497370916,"23":-0.9034633063,"24":-0.7607115995,"25":-1.0393185702,"26":-0.7607115995,"27":-0.1084704274,"28":0.6414620811,"29":0.6414620811,"30":0.6414620811,"31":0.6414620811,"32":0.6414620811,"33":0.6414620811,"34":0.6414620811}}