{"time":{"0":0.0,"1":1.1204167062,"2":1.1204167062,"3":1.2870321557,"4":1.2870321557,"5":2.1409604215,"6":2.1409604215,"7":1.2956225703,"8":1.2956225703,"9":2.2836808888,"10":2.2836808888,"11":1.4913750947,"12":1.4913750947,"13":1.5139884962,"14":1.5139884962,"15":1.7888975776,"16":1.7888975776,"17":2.3485701222,"18":2.3485701222,"19":1.7443717841,"20":1.7443717841,"21":2.2183079696,"22":2.2183079696,"23":1.8080937552,"24":1.8080937552},"father":{"0":"nan","1":0,"2":0,"3":1,"4":1,"5":2,"6":2,"7":4,"8":4,"9":5,"10":5,"11":7,"12":7,"13":8,"14":8,"15":11,"16":11,"17":12,"18":12,"19":14,"20":14,"21":15,"22":15,"23":20,"24":20},"part_number":{"0":0,"1":1,"2":2,"3":3,"4":4,"5":5,"6":6,"7":7,"8":8,"9":9,"10":10,"11":11,"12":12,"13":13,"14":14,"15":15,"16":16,"17":17,"18":18,"19":19,"20":20,"21":21,"22":22,"23":23,"24":24},"dim":{"0":"nan","1":0,"2":0,"3":1,"4":1,"5":1,"6":1,"7":1,"8":1,"9":0,"10":0,"11":0,"12":0,"13":1,"14":1,"15":1,"16":1,"17":1,"18":1,"19":1,"20":1,"21":0,"22":0,"23":1,"24":1},"distance":{"0":"nan","1":0.0630586128,"2":0.0630586128,"3":0.0913082529,"4":0.0913082529,"5":0.008309282,"6":0.008309282,"7":0.0162362302,"8":0.0162362302,"9":0.1501396239,"10":0.1501396239,"11":0.004087516,"12":0.004087516,"13":0.0042689064,"14":0.0042689064,"15":0.0203263609,"16":0.0203263609,"17":0.0801754193,"18":0.0801754193,"19":0.0012065358,"20":0.0012065358,"21":0.8608698579,"22":0.8608698579,"23":0.00026729,"24":0.00026729},"x":{"0":"nan","1":1.105977079,"2":1.105977079,"3":-0.2548716835,"4":-0.2548716835,"5":-0.2638769204,"6":-0.2638769204,"7":0.9597259445,"8":0.9597259445,"9":1.4926818754,"10":1.4926818754,"11":0.1111014719,"12":0.1111014719,"13":0.9827797452,"14":0.9827797452,"15":0.2972139054,"16":0.2972139054,"17":0.5030360072,"18":0.5030360072,"19":0.9893781198,"20":0.9893781198,"21":-0.5171815501,"22":-0.5171815501,"23":1.0053107705,"24":1.0053107705},"leaf":{"0":false,"1":false,"2":false,"3":true,"4":false,"5":false,"6":true,"7":false,"8":false,"9":true,"10":true,"11":false,"12":false,"13":true,"14":false,"15":false,"16":true,"17":true,"18":true,"19":true,"20":false,"21":true,"22":true,"23":true,"24":true},"min0":{"0":-1.2392004805,"1":-1.2392004805,"2":1.105977079,"3":-1.2392004805,"4":-1.2392004805,"5":1.105977079,"6":1.105977079,"7":-1.2392004805,"8":-1.2392004805,"9":1.105977079,"10":1.4926818754,"11":-1.2392004805,"12":0.1111014719,"13":-1.2392004805,"14":-1.2392004805,"15":-1.2392004805,"16":-1.2392004805,"17":0.1111014719,"18":0.1111014719,"19":-1.2392004805,"20":-1.2392004805,"21":-1.2392004805,"22":-0.5171815501,"23":-1.2392004805,"24":-1.2392004805},"max0":{"0":2.2592492586,"1":1.105977079,"2":2.2592492586,"3":1.105977079,"4":1.105977079,"5":2.2592492586,"6":2.2592492586,"7":1.105977079,"8":1.105977079,"9":1.4926818754,"10":2.2592492586,"11":0.1111014719,"12":1.105977079,"13":1.105977079,"14":1.105977079,"15":0.1111014719,"16":0.1111014719,"17":1.105977079,"18":1.105977079,"19":1.105977079,"20":1.105977079,"21":-0.5171815501,"22":0.1111014719,"23":1.105977079,"24":1.105977079},"min1":{"0":-0.7663286535,"1":-0.7663286535,"2":-0.7663286535,"3":-0.7663286535,"4":-0.2548716835,"5":-0.7663286535,"6":-0.2638769204,"7":-0.2548716835,"8":0.9597259445,"9":-0.7663286535,"10":-0.7663286535,"11":-0.2548716835,"12":-0.2548716835,"13":0.9597259445,"14":0.9827797452,"15":-0.2548716835,"16":0.2972139054,"17":-0.2548716835,"18":0.5030360072,"19":0.9827797452,"20":0.9893781198,"21":-0.2548716835,"22":-0.2548716835,"23":0.9893781198,"24":1.0053107705},"max1":{"0":1.1204039496,"1":1.1204039496,"2":1.1204039496,"3":-0.2548716835,"4":1.1204039496,"5":-0.2638769204,"6":1.1204039496,"7":0.9597259445,"8":1.1204039496,"9":-0.2638769204,"10":-0.2638769204,"11":0.9597259445,"12":0.9597259445,"13":0.9827797452,"14":1.1204039496,"15":0.2972139054,"16":0.9597259445,"17":0.5030360072,"18":0.9597259445,"19":0.9893781198,"20":1.1204039496,"21":0.2972139054,"22":0.2972139054,"23":1.0053107705,"24":1.1204039496}}