{"time":{"0":0.0,"1":0.0551243927,"2":0.0551243927,"3":0.3556061554,"4":0.3556061554,"5":0.3500738038,"6":0.3500738038,"7":0.7564110478,"8":0.7564110478,"9":0.5535935187,"10":0.5535935187,"11":0.3803126722,"12":0.3803126722,"13":1.0041854145,"14":1.0041854145,"15":0.5898365657,"16":0.5898365657,"17":0.8538452301,"18":0.8538452301,"19":0.4532770473,"20":0.4532770473,"21":1.6639485531,"22":1.6639485531,"23":1.4974630139,"24":1.4974630139,"25":1.8620180513,"26":1.8620180513,"27":1.3692316953,"28":1.3692316953,"29":1.5384056891,"30":1.5384056891,"31":1.5007807841,"32":1.5007807841,"33":1.536147836,"34":1.536147836,"35":1.6253808936,"36":1.6253808936,"37":1.9573140703,"38":1.9573140703,"39":1.5267033747,"40":1.5267033747,"41":1.7951686316,"42":1.7951686316,"43":1.914688292,"44":1.914688292,"45":1.5328206005,"46":1.5328206005},"father":{"0":"nan","1":0,"2":0,"3":1,"4":1,"5":2,"6":2,"7":3,"8":3,"9":4,"10":4,"11":5,"12":5,"13":9,"14":9,"15":10,"16":10,"17":11,"18":11,"19":12,"20":12,"21":14,"22":14,"23":15,"24":15,"25":16,"26":16,"27":18,"28":18,"29":19,"30":19,"31":23,"32":23,"33":24,"34":24,"35":27,"36":27,"37":28,"38":28,"39":31,"40":31,"41":34,"42":34,"43":39,"44":39,"45":40,"46":40},"part_number":{"0":0,"1":1,"2":2,"3":3,"4":4,"5":5,"6":6,"7":7,"8":8,"9":9,"10":10,"11":11,"12":12,"13":13,"14":14,"15":15,"16":16,"17":17,"18":18,"19":19,"20":20,"21":21,"22":22,"23":23,"24":24,"25":25,"26":26,"27":27,"28":28,"29":29,"30":30,"31":31,"32":32,"33":33,"34":34,"35":35,"36":36,"37":37,"38":38,"39":39,"40":40,"41":41,"42":42,"43":43,"44":44,"45":45,"46":46},"dim":{"0":"nan","1":1,"2":1,"3":0,"4":0,"5":0,"6":0,"7":1,"8":1,"9":1,"10":1,"11":0,"12":0,"13":0,"14":0,"15":0,"16":0,"17":1,"18":1,"19":1,"20":1,"21":1,"22":1,"23":0,"24":0,"25":1,"26":1,"27":1,"28":1,"29":1,"30":1,"31":1,"32":1,"33":1,"34":1,"35":0,"36":0,"37":1,"38":1,"39":1,"40":1,"41":0,"42":0,"43":1,"44":1,"45":1,"46":1},"distance":{"0":"nan","1":0.0301532816,"2":0.0301532816,"3":0.0883512593,"4":0.0883512593,"5":0.0908671222,"6":0.0908671222,"7":0.1632397543,"8":0.1632397543,"9":0.0920341674,"10":0.0920341674,"11":0.0613589371,"12":0.0613589371,"13":0.1145184942,"14":0.1145184942,"15":0.0992652145,"16":0.0992652145,"17":0.0986770075,"18":0.0986770075,"19":0.0005924819,"20":0.0005924819,"21":0.0078701946,"22":0.0078701946,"23":0.0223041651,"24":0.0223041651,"25":0.1447461267,"26":0.1447461267,"27":0.0010610765,"28":0.0010610765,"29":0.0126582592,"30":0.0126582592,"31":0.019081311,"32":0.019081311,"33":0.1101888586,"34":0.1101888586,"35":0.0367098872,"36":0.0367098872,"37":0.0235185377,"38":0.0235185377,"39":0.1095918653,"40":0.1095918653,"41":0.0246614463,"42":0.0246614463,"43":0.0071920751,"44":0.0071920751,"45":0.0743762876,"46":0.0743762876},"x":{"0":"nan","1":0.6414620811,"2":0.6414620811,"3":-0.5981401748,"4":-0.5981401748,"5":0.615550229,"6":0.615550229,"7":-0.0021165596,"8":-0.0021165596,"9":-0.7607115995,"10":-0.7607115995,"11":0.2162424565,"12":0.2162424565,"13":-0.258053299,"14":-0.258053299,"15":0.5673055366,"16":0.5673055366,"17":0.7442304824,"18":0.7442304824,"19":0.8861271711,"20":0.8861271711,"21":-1.0393185702,"22":-1.0393185702,"23":0.0012804075,"24":0.0012804075,"25":-0.1084704274,"26":-0.1084704274,"27":0.911104706,"28":0.911104706,"29":0.8744608804,"30":0.8744608804,"31":0.3691436902,"32":0.3691436902,"33":0.1518340115,"34":0.1518340115,"35":-0.459136866,"36":-0.459136866,"37":0.99940028,"38":0.99940028,"39":-0.2698749073,"40":-0.2698749073,"41":0.2031701729,"42":0.2031701729,"43":-0.3615282907,"44":-0.3615282907,"45":-0.146533881,"46":-0.146533881},"leaf":{"0":false,"1":false,"2":false,"3":false,"4":false,"5":false,"6":true,"7":true,"8":true,"9":false,"10":false,"11":false,"12":false,"13":true,"14":false,"15":false,"16":false,"17":true,"18":false,"19":false,"20":true,"21":true,"22":true,"23":false,"24":false,"25":true,"26":true,"27":false,"28":false,"29":true,"30":true,"31":false,"32":true,"33":true,"34":false,"35":true,"36":true,"37":true,"38":true,"39":false,"40":false,"41":true,"42":true,"43":true,"44":true,"45":true,"46":true},"min0":{"0":-1.2087322039,"1":-1.2087322039,"2":-1.2087322039,"3":-1.2087322039,"4":-0.5981401748,"5":-1.2087322039,"6":0.615550229,"7":-1.2087322039,"8":-1.2087322039,"9":-0.5981401748,"10":-0.5981401748,"11":-1.2087322039,"12":0.2162424565,"13":-0.5981401748,"14":-0.258053299,"15":-0.5981401748,"16":0.5673055366,"17":-1.2087322039,"18":-1.2087322039,"19":0.2162424565,"20":0.2162424565,"21":-0.258053299,"22":-0.258053299,"23":-0.5981401748,"24":0.0012804075,"25":0.5673055366,"26":0.5673055366,"27":-1.2087322039,"28":-1.2087322039,"29":0.2162424565,"30":0.2162424565,"31":-0.5981401748,"32":-0.5981401748,"33":0.0012804075,"34":0.0012804075,"35":-1.2087322039,"36":-0.459136866,"37":-1.2087322039,"38":-1.2087322039,"39":-0.5981401748,"40":-0.5981401748,"41":0.0012804075,"42":0.2031701729,"43":-0.5981401748,"44":-0.5981401748,"45":-0.5981401748,"46":-0.5981401748},"max0":{"0":1.1842479108,"1":1.1842479108,"2":1.1842479108,"3":-0.5981401748,"4":1.1842479108,"5":0.615550229,"6":1.1842479108,"7":-0.5981401748,"8":-0.5981401748,"9":1.1842479108,"10":1.1842479108,"11":0.2162424565,"12":0.615550229,"13":-0.258053299,"14":1.1842479108,"15":0.5673055366,"16":1.1842479108,"17":0.2162424565,"18":0.2162424565,"19":0.615550229,"20":0.615550229,"21":1.1842479108,"22":1.1842479108,"23":0.0012804075,"24":0.5673055366,"25":1.1842479108,"26":1.1842479108,"27":0.2162424565,"28":0.2162424565,"29":0.615550229,"30":0.615550229,"31":0.0012804075,"32":0.0012804075,"33":0.5673055366,"34":0.5673055366,"35":-0.459136866,"36":0.2162424565,"37":0.2162424565,"38":0.2162424565,"39":0.0012804075,"40":0.0012804075,"41":0.2031701729,"42":0.5673055366,"43":0.0012804075,"44":0.0012804075,"45":0.0012804075,"46":0.0012804075},"min1":{"0":-1.1504969248,"1":-1.1504969248,"2":0.6414620811,"3":-1.1504969248,"4":-1.1504969248,"5":0.6414620811,"6":0.6414620811,"7":-1.1504969248,"8":-0.0021165596,"9":-1.1504969248,"10":-0.7607115995,"11":0.6414620811,"12":0.6414620811,"13":-1.1504969248,"14":-1.1504969248,"15":-0.7607115995,"16":-0.7607115995,"17":0.6414620811,"18":0.7442304824,"19":0.6414620811,"20":0.8861271711,"21":-1.1504969248,"22":-1.0393185702,"23":-0.7607115995,"24":-0.7607115995,"25":-0.7607115995,"26":-0.1084704274,"27":0.7442304824,"28":0.911104706,"29":0.6414620811,"30":0.8744608804,"31":-0.7607115995,"32":0.3691436902,"33":-0.7607115995,"34":0.1518340115,"35":0.7442304824,"36":0.7442304824,"37":0.911104706,"38":0.99940028,"39":-0.7607115995,"40":-0.2698749073,"41":0.1518340115,"42":0.1518340115,"43":-0.7607115995,"44":-0.3615282907,"45":-0.2698749073,"46":-0.146533881},"max1":{"0":1.1224752717,"1":0.6414620811,"2":1.1224752717,"3":0.6414620811,"4":0.6414620811,"5":1.1224752717,"6":1.1224752717,"7":-0.0021165596,"8":0.6414620811,"9":-0.7607115995,"10":0.6414620811,"11":1.1224752717,"12":1.1224752717,"13":-0.7607115995,"14":-0.7607115995,"15":0.6414620811,"16":0.6414620811,"17":0.7442304824,"18":1.1224752717,"19":0.8861271711,"20":1.1224752717,"21":-1.0393185702,"22":-0.7607115995,"23":0.6414620811,"24":0.6414620811,"25":-0.1084704274,"26":0.6414620811,"27":0.911104706,"28":1.1224752717,"29":0.8744608804,"30":0.8861271711,"31":0.3691436902,"32":0.6414620811,"33":0.1518340115,"34":0.6414620811,"35":0.911104706,"36":0.911104706,"37":0.99940028,"38":1.1224752717,"39":-0.2698749073,"40":0.3691436902,"41":0.6414620811,"42":0.6414620811,"43":-0.3615282907,"44":-0.2698749073,"45":-0.146533881,"46":0.3691436902}}