{"time":{"0":0.0,"1":0.0624627079,"2":0.0624627079,"3":0.4277755468,"4":0.4277755468,"5":0.3087480727,"6":0.3087480727,"7":0.6973494127,"8":0.6973494127,"9":0.5401439348,"10":0.5401439348,"11":1.892758079,"12":1.892758079,"13":2.4728521453,"14":2.4728521453,"15":1.9904453168,"16":1.9904453168,"17":0.8552607172,"18":0.8552607172,"19":0.6078706406,"20":0.6078706406,"21":1.3738396602,"22":1.3738396602,"23":3.097897366,"24":3.097897366,"25":4.8877951398,"26":4.8877951398,"27":3.0290112986,"28":3.0290112986,"29":1.6162587906,"30":1.6162587906,"31":2.0226092786,"32":2.0226092786,"33":3.0452202284,"34":3.0452202284,"35":4.5430830881,"36":4.5430830881},"father":{"0":"nan","1":0,"2":0,"3":1,"4":1,"5":2,"6":2,"7":3,"8":3,"9":4,"10":4,"11":5,"12":5,"13":6,"14":6,"15":7,"16":7,"17":8,"18":8,"19":9,"20":9,"21":10,"22":10,"23":12,"24":12,"25":13,"26":13,"27":15,"28":15,"29":17,"30":17,"31":18,"32":18,"33":28,"34":28,"35":33,"36":33},"part_number":{"0":0,"1":1,"2":2,"3":3,"4":4,"5":5,"6":6,"7":7,"8":8,"9":9,"10":10,"11":11,"12":12,"13":13,"14":14,"15":15,"16":16,"17":17,"18":18,"19":19,"20":20,"21":21,"22":22,"23":23,"24":24,"25":25,"26":26,"27":27,"28":28,"29":29,"30":30,"31":31,"32":32,"33":33,"34":34,"35":35,"36":36},"leaf":{"0":false,"1":false,"2":false,"3":false,"4":false,"5":false,"6":false,"7":false,"8":false,"9":false,"10":false,"11":true,"12":false,"13":false,"14":true,"15":false,"16":true,"17":false,"18":false,"19":true,"20":true,"21":true,"22":true,"23":true,"24":true,"25":true,"26":true,"27":true,"28":false,"29":true,"30":true,"31":true,"32":true,"33":false,"34":true,"35":true,"36":true},"polytope":{"0":{"A":[[1.0,0.0],[-1.0,0.0],[0.0,1.0],[0.0,-1.0]],"b":[2.244676263,1.2064837889,1.0592473164,0.6819628439],"bounding_box":[[[-1.2064837889],[-0.6819628439]],[[2.244676263],[1.0592473164]]],"chebXc":[0.0,0.1886422362],"dim":2,"fulldim":true,"minrep":false,"vertices":null},"1":{"A":[[1.0,0.0],[0.0,1.0],[0.0,-1.0],[-0.8665623573,0.4990688138]],"b":[2.244676263,1.0592473164,0.6819628439,0.3062008913],"bounding_box":[[[-0.7461058901],[-0.6819628439]],[[2.244676263],[1.0592473164]]],"chebXc":[0.7599564421,0.1886422362],"dim":2,"fulldim":true,"minrep":true,"vertices":null},"2":{"A":[[-1.0,0.0],[0.0,1.0],[0.0,-1.0],[0.8665623573,-0.4990688138]],"b":[1.2064837889,1.0592473164,0.6819628439,-0.3062008913],"bounding_box":[[[-1.2064837889],[-0.6819628439]],[[0.2566882909],[1.0592473164]]],"chebXc":[-0.6705042744,0.5232678019],"dim":2,"fulldim":true,"minrep":true,"vertices":null},"3":{"A":[[0.0,1.0],[0.0,-1.0],[-0.8665623573,0.4990688138],[0.9608224129,-0.2771647359]],"b":[1.0592473164,0.6819628439,0.3062008913,1.0499289793],"bounding_box":[[[-0.7461058901],[-0.6819628439]],[[1.3982968798],[1.0592473164]]],"chebXc":[0.3983221005,-0.0204066778],"dim":2,"fulldim":true,"minrep":true,"vertices":null},"4":{"A":[[1.0,0.0],[0.0,1.0],[0.0,-1.0],[-0.9608224129,0.2771647359]],"b":[2.244676263,1.0592473164,0.6819628439,-1.0499289793],"bounding_box":[[[0.8960167001],[-0.6819628439]],[[2.244676263],[1.0592473164]]],"chebXc":[1.6656638517,-0.1029504326],"dim":2,"fulldim":true,"minrep":true,"vertices":null},"5":{"A":[[0.0,1.0],[0.8665623573,-0.4990688138],[-0.7939106003,-0.6080345046]],"b":[1.0592473164,-0.3062008913,0.1502784541],"bounding_box":[[[-1.0005375556],[0.1222712012]],[[0.2566882909],[1.0592473164]]],"chebXc":[-0.3224510651,0.7244659102],"dim":2,"fulldim":true,"minrep":true,"vertices":null},"6":{"A":[[-1.0,0.0],[0.0,1.0],[0.0,-1.0],[0.8665623573,-0.4990688138],[0.7939106003,0.6080345046]],"b":[1.2064837889,1.0592473164,0.6819628439,-0.3062008913,-0.1502784541],"bounding_box":[[[-1.2064837889],[-0.6819628439]],[[-0.2829330698],[1.0592473164]]],"chebXc":[-0.7865565649,0.0892217729],"dim":2,"fulldim":true,"minrep":true,"vertices":null},"7":{"A":[[0.0,-1.0],[-0.8665623573,0.4990688138],[0.9608224129,-0.2771647359],[0.6888321505,0.7249208705]],"b":[0.6819628439,0.3062008913,1.0499289793,0.4876607235],"bounding_box":[[[-0.7461058901],[-0.6819628439]],[[1.0099585124],[0.6517829737]]],"chebXc":[0.1412096522,-0.1690349243],"dim":2,"fulldim":true,"minrep":true,"vertices":null},"8":{"A":[[0.0,1.0],[-0.8665623573,0.4990688138],[0.9608224129,-0.2771647359],[-0.6888321505,-0.7249208705]],"b":[1.0592473164,0.3062008913,1.0499289793,-0.4876607235],"bounding_box":[[[0.0220222631],[-0.2869708667]],[[1.3982968798],[1.0592473164]]],"chebXc":[0.7723728067,0.588359058],"dim":2,"fulldim":true,"minrep":true,"vertices":null},"9":{"A":[[1.0,0.0],[0.0,-1.0],[-0.9608224129,0.2771647359],[0.3039185566,0.9526980167]],"b":[2.244676263,0.6819628439,-1.0499289793,0.6438612086],"bounding_box":[[[0.8960167001],[-0.6819628439]],[[2.244676263],[0.2996605133]]],"chebXc":[1.4720337143,-0.2486201107],"dim":2,"fulldim":true,"minrep":true,"vertices":null},"10":{"A":[[1.0,0.0],[0.0,1.0],[-0.9608224129,0.2771647359],[-0.3039185566,-0.9526980167]],"b":[2.244676263,1.0592473164,-1.0499289793,-0.6438612086],"bounding_box":[[[1.1791818042],[-0.0402410424]],[[2.244676263],[1.0592473164]]],"chebXc":[1.7804944471,0.5950655005],"dim":2,"fulldim":true,"minrep":true,"vertices":null},"11":{"A":[[0.0,1.0],[0.8665623573,-0.4990688138],[-0.9971595103,0.0753187301]],"b":[1.0592473164,-0.3062008913,0.0620663154],"bounding_box":[[[-0.0183002178],[0.5817686927]],[[0.2566882909],[1.0592473164]]],"chebXc":[0.1011445851,0.9693326179],"dim":2,"fulldim":null,"minrep":true,"vertices":null},"12":{"A":[[0.0,1.0],[0.8665623573,-0.4990688138],[-0.7939106003,-0.6080345046],[0.9971595103,-0.0753187301]],"b":[1.0592473164,-0.3062008913,0.1502784541,-0.0620663154],"bounding_box":[[[-1.0005375556],[0.1222712012]],[[0.0177653095],[1.0592473164]]],"chebXc":[-0.3360282268,0.7311691573],"dim":2,"fulldim":true,"minrep":true,"vertices":null},"13":{"A":[[-1.0,0.0],[0.0,1.0],[0.8665623573,-0.4990688138],[0.7939106003,0.6080345046],[-0.4435691236,-0.8962401646]],"b":[1.2064837889,1.0592473164,-0.3062008913,-0.1502784541,0.2008510563],"bounding_box":[[[-1.2064837889],[-0.0383045657]],[[-0.2829330698],[1.0592473164]]],"chebXc":[-0.9390270544,0.5390620783],"dim":2,"fulldim":true,"minrep":true,"vertices":null},"14":{"A":[[-1.0,0.0],[0.0,-1.0],[0.8665623573,-0.4990688138],[0.4435691236,0.8962401646]],"b":[1.2064837889,0.6819628439,-0.3062008913,-0.2008510563],"bounding_box":[[[-1.2064837889],[-0.6819628439]],[[-0.3754115359],[0.3730115139]]],"chebXc":[-0.8599261288,-0.1851870109],"dim":2,"fulldim":null,"minrep":true,"vertices":null},"15":{"A":[[0.0,-1.0],[-0.8665623573,0.4990688138],[0.9608224129,-0.2771647359],[0.6888321505,0.7249208705],[-0.2926839315,0.9562092429]],"b":[0.6819628439,0.3062008913,1.0499289793,0.4876607235,0.2394991796],"bounding_box":[[[-0.7461058901],[-0.6819628439]],[[1.0099585124],[0.353342825]]],"chebXc":[0.2068280146,-0.1952390468],"dim":2,"fulldim":true,"minrep":true,"vertices":null},"16":{"A":[[-0.8665623573,0.4990688138],[0.6888321505,0.7249208705],[0.2926839315,-0.9562092429]],"b":[0.3062008913,0.4876607235,-0.2394991796],"bounding_box":[[[-0.2538520108],[0.172766344]],[[0.3360980394],[0.6517829737]]],"chebXc":[0.0557653584,0.4194015383],"dim":2,"fulldim":null,"minrep":true,"vertices":null},"17":{"A":[[0.9608224129,-0.2771647359],[-0.6888321505,-0.7249208705],[-0.2479786198,0.9687655052]],"b":[1.0499289793,-0.4876607235,0.1848328453],"bounding_box":[[[0.3995360764],[-0.2869708667]],[[1.2392855421],[0.5080168119]]],"chebXc":[0.8869596074,0.1661903279],"dim":2,"fulldim":true,"minrep":true,"vertices":null},"18":{"A":[[0.0,1.0],[-0.8665623573,0.4990688138],[0.9608224129,-0.2771647359],[-0.6888321505,-0.7249208705],[0.2479786198,-0.9687655052]],"b":[1.0592473164,0.3062008913,1.0499289793,-0.4876607235,-0.1848328453],"bounding_box":[[[0.0220222631],[0.2930629224]],[[1.3982968798],[1.0592473164]]],"chebXc":[0.5042676993,0.6954245013],"dim":2,"fulldim":true,"minrep":true,"vertices":null},"19":{"A":[[1.0,0.0],[0.0,-1.0],[-0.9608224129,0.2771647359],[0.3039185566,0.9526980167],[-0.7993298657,-0.6008924744]],