{"time":{"0":0.0,"1":0.3503314284,"2":0.3503314284,"3":0.4738648552,"4":0.4738648552,"5":0.3953316813,"6":0.3953316813},"father":{"0":"nan","1":0,"2":0,"3":1,"4":1,"5":2,"6":2},"part_number":{"0":0,"1":1,"2":2,"3":3,"4":4,"5":5,"6":6},"neighbors":{"0":[null,null,null,null],"1":[2,null,null,null],"2":[3,null,null,null],"3":[4,null,6,5,null],"4":[3,null,null,null],"5":[6,null,null,null,3],"6":[5,3,null]},"leaf":{"0":false,"1":false,"2":false,"3":true,"4":true,"5":true,"6":true},"vertici":{"0":[[[-1.1596032602,-0.6208515257],[2.046155815,-0.6208515257]],[[2.046155815,-0.6208515257],[2.046155815,1.0210879909]],[[2.046155815,1.0210879909],[-1.1596032602,1.0210879909]],[[-1.1596032602,1.0210879909],[-1.1596032602,-0.6208515257]]],"1":[[[0.4997157043,-0.6208515257],[1.2457673521,1.0210879909]],[[1.2457673521,1.0210879909],[-1.1596032602,1.0210879909]],[[-1.1596032602,1.0210879909],[-1.1596032602,-0.6208515257]],[[-1.1596032602,-0.6208515257],[0.4997157043,-0.6208515257]]],"2":[[[1.2457673521,1.0210879909],[0.4997157043,-0.6208515257]],[[0.4997157043,-0.6208515257],[2.046155815,-0.6208515257]],[[2.046155815,-0.6208515257],[2.046155815,1.0210879909]],[[2.046155815,1.0210879909],[1.2457673521,1.0210879909]]],"3":[[[-0.4557769478,1.0210879909],[0.261970851,-0.6208515257]],[[0.261970851,-0.6208515257],[0.4997157043,-0.6208515257]],[[0.4997157043,-0.6208515257],[0.937579874,0.3428169887]],[[0.937579874,0.3428169887],[1.2457673521,1.0210879909]],[[1.2457673521,1.0210879909],[-0.4557769478,1.0210879909]]],"4":[[[0.261970851,-0.6208515257],[-0.4557769478,1.0210879909]],[[-0.4557769478,1.0210879909],[-1.1596032602,1.0210879909]],[[-1.1596032602,1.0210879909],[-1.1596032602,-0.6208515257]],[[-1.1596032602,-0.6208515257],[0.261970851,-0.6208515257]]],"5":[[[0.937579874,0.3428169887],[1.3855448321,-0.6208515257]],[[1.3855448321,-0.6208515257],[2.046155815,-0.6208515257]],[[2.046155815,-0.6208515257],[2.046155815,1.0210879909]],[[2.046155815,1.0210879909],[1.2457673521,1.0210879909]],[[1.2457673521,1.0210879909],[0.937579874,0.3428169887]]],"6":[[[1.3855448321,-0.6208515257],[0.937579874,0.3428169887]],[[0.937579874,0.3428169887],[0.4997157043,-0.6208515257]],[[0.4997157043,-0.6208515257],[1.3855448321,-0.6208515257]]]},"box":{"0":[[-1.1596032602,-0.6208515257],[2.046155815,-0.6208515257],[2.046155815,1.0210879909],[-1.1596032602,1.0210879909]],"1":[[0.4997157043,-0.6208515257],[1.2457673521,1.0210879909],[-1.1596032602,1.0210879909],[-1.1596032602,-0.6208515257]],"2":[[1.2457673521,1.0210879909],[0.4997157043,-0.6208515257],[2.046155815,-0.6208515257],[2.046155815,1.0210879909]],"3":[[-0.4557769478,1.0210879909],[0.261970851,-0.6208515257],[0.4997157043,-0.6208515257],[1.2457673521,1.0210879909]],"4":[[0.261970851,-0.6208515257],[-0.4557769478,1.0210879909],[-1.1596032602,1.0210879909],[-1.1596032602,-0.6208515257]],"5":[[0.937579874,0.3428169887],[1.3855448321,-0.6208515257],[2.046155815,-0.6208515257],[2.046155815,1.0210879909],[1.2457673521,1.0210879909]],"6":[[1.3855448321,-0.6208515257],[0.937579874,0.3428169887],[0.4997157043,-0.6208515257]]}}