{"time":{"0":0.0,"1":0.0148622344,"2":0.0148622344,"3":0.2894734656,"4":0.2894734656,"5":0.1517106366,"6":0.1517106366},"father":{"0":"nan","1":0,"2":0,"3":1,"4":1,"5":2,"6":2},"part_number":{"0":0,"1":1,"2":2,"3":3,"4":4,"5":5,"6":6},"neighbors":{"0":[null,null,null,null],"1":[2,null,null,null],"2":[3,null,null,null],"3":[4,null,6,5,null],"4":[3,null,null,null],"5":[6,null,null,null,3],"6":[5,3,null]},"leaf":{"0":false,"1":false,"2":false,"3":true,"4":true,"5":true,"6":true},"vertici":{"0":[[[-1.1596032602,-0.6208515257],[2.046155815,-0.6208515257]],[[2.046155815,-0.6208515257],[2.046155815,1.0210879909]],[[2.046155815,1.0210879909],[-1.1596032602,1.0210879909]],[[-1.1596032602,1.0210879909],[-1.1596032602,-0.6208515257]]],"1":[[[0.0744764748,-0.6208515257],[1.3443557779,1.0210879909]],[[1.3443557779,1.0210879909],[-1.1596032602,1.0210879909]],[[-1.1596032602,1.0210879909],[-1.1596032602,-0.6208515257]],[[-1.1596032602,-0.6208515257],[0.0744764748,-0.6208515257]]],"2":[[[1.3443557779,1.0210879909],[0.0744764748,-0.6208515257]],[[0.0744764748,-0.6208515257],[2.046155815,-0.6208515257]],[[2.046155815,-0.6208515257],[2.046155815,1.0210879909]],[[2.046155815,1.0210879909],[1.3443557779,1.0210879909]]],"3":[[[-0.2026275308,1.0210879909],[-0.9458562011,-0.6208515257]],[[-0.9458562011,-0.6208515257],[0.0744764748,-0.6208515257]],[[0.0744764748,-0.6208515257],[0.8933564668,0.4379510038]],[[0.8933564668,0.4379510038],[1.3443557779,1.0210879909]],[[1.3443557779,1.0210879909],[-0.2026275308,1.0210879909]]],"4":[[[-0.9458562011,-0.6208515257],[-0.2026275308,1.0210879909]],[[-0.2026275308,1.0210879909],[-1.1596032602,1.0210879909]],[[-1.1596032602,1.0210879909],[-1.1596032602,-0.6208515257]],[[-1.1596032602,-0.6208515257],[-0.9458562011,-0.6208515257]]],"5":[[[0.8933564668,0.4379510038],[1.3855448321,-0.6208515257]],[[1.3855448321,-0.6208515257],[2.046155815,-0.6208515257]],[[2.046155815,-0.6208515257],[2.046155815,1.0210879909]],[[2.046155815,1.0210879909],[1.3443557779,1.0210879909]],[[1.3443557779,1.0210879909],[0.8933564668,0.4379510038]]],"6":[[[1.3855448321,-0.6208515257],[0.8933564668,0.4379510038]],[[0.8933564668,0.4379510038],[0.0744764748,-0.6208515257]],[[0.0744764748,-0.6208515257],[1.3855448321,-0.6208515257]]]},"box":{"0":[[-1.1596032602,-0.6208515257],[2.046155815,-0.6208515257],[2.046155815,1.0210879909],[-1.1596032602,1.0210879909]],"1":[[0.0744764748,-0.6208515257],[1.3443557779,1.0210879909],[-1.1596032602,1.0210879909],[-1.1596032602,-0.6208515257]],"2":[[1.3443557779,1.0210879909],[0.0744764748,-0.6208515257],[2.046155815,-0.6208515257],[2.046155815,1.0210879909]],"3":[[-0.2026275308,1.0210879909],[-0.9458562011,-0.6208515257],[0.0744764748,-0.6208515257],[1.3443557779,1.0210879909]],"4":[[-0.9458562011,-0.6208515257],[-0.2026275308,1.0210879909],[-1.1596032602,1.0210879909],[-1.1596032602,-0.6208515257]],"5":[[0.8933564668,0.4379510038],[1.3855448321,-0.6208515257],[2.046155815,-0.6208515257],[2.046155815,1.0210879909],[1.3443557779,1.0210879909]],"6":[[1.3855448321,-0.6208515257],[0.8933564668,0.4379510038],[0.0744764748,-0.6208515257]]}}