{"time":{"0":0.0,"1":0.048412827,"2":0.048412827,"3":0.105345871,"4":0.105345871,"5":0.2344672652,"6":0.2344672652},"father":{"0":"nan","1":0,"2":0,"3":1,"4":1,"5":2,"6":2},"part_number":{"0":0,"1":1,"2":2,"3":3,"4":4,"5":5,"6":6},"neighbors":{"0":[null,null,null,null],"1":[2,null,null,null],"2":[3,null,null,null],"3":[4,null,5,null],"4":[3,null,null,null],"5":[6,null,3,null],"6":[5,null,null,null]},"leaf":{"0":false,"1":false,"2":false,"3":true,"4":true,"5":true,"6":true},"vertici":{"0":[[[-1.1596032602,-0.6208515257],[2.046155815,-0.6208515257]],[[2.046155815,-0.6208515257],[2.046155815,1.0210879909]],[[2.046155815,1.0210879909],[-1.1596032602,1.0210879909]],[[-1.1596032602,1.0210879909],[-1.1596032602,-0.6208515257]]],"1":[[[0.0744764748,-0.6208515257],[1.3443557779,1.0210879909]],[[1.3443557779,1.0210879909],[-1.1596032602,1.0210879909]],[[-1.1596032602,1.0210879909],[-1.1596032602,-0.6208515257]],[[-1.1596032602,-0.6208515257],[0.0744764748,-0.6208515257]]],"2":[[[1.3443557779,1.0210879909],[0.0744764748,-0.6208515257]],[[0.0744764748,-0.6208515257],[2.046155815,-0.6208515257]],[[2.046155815,-0.6208515257],[2.046155815,1.0210879909]],[[2.046155815,1.0210879909],[1.3443557779,1.0210879909]]],"3":[[[-0.338392439,1.0210879909],[0.0599433092,-0.6208515257]],[[0.0599433092,-0.6208515257],[0.0744764748,-0.6208515257]],[[0.0744764748,-0.6208515257],[1.3443557779,1.0210879909]],[[1.3443557779,1.0210879909],[-0.338392439,1.0210879909]]],"4":[[[0.0599433092,-0.6208515257],[-0.338392439,1.0210879909]],[[-0.338392439,1.0210879909],[-1.1596032602,1.0210879909]],[[-1.1596032602,1.0210879909],[-1.1596032602,-0.6208515257]],[[-1.1596032602,-0.6208515257],[0.0599433092,-0.6208515257]]],"5":[[[1.0816225649,-0.6208515257],[1.6771120118,1.0210879909]],[[1.6771120118,1.0210879909],[1.3443557779,1.0210879909]],[[1.3443557779,1.0210879909],[0.0744764748,-0.6208515257]],[[0.0744764748,-0.6208515257],[1.0816225649,-0.6208515257]]],"6":[[[1.6771120118,1.0210879909],[1.0816225649,-0.6208515257]],[[1.0816225649,-0.6208515257],[2.046155815,-0.6208515257]],[[2.046155815,-0.6208515257],[2.046155815,1.0210879909]],[[2.046155815,1.0210879909],[1.6771120118,1.0210879909]]]},"box":{"0":[[-1.1596032602,-0.6208515257],[2.046155815,-0.6208515257],[2.046155815,1.0210879909],[-1.1596032602,1.0210879909]],"1":[[0.0744764748,-0.6208515257],[1.3443557779,1.0210879909],[-1.1596032602,1.0210879909],[-1.1596032602,-0.6208515257]],"2":[[1.3443557779,1.0210879909],[0.0744764748,-0.6208515257],[2.046155815,-0.6208515257],[2.046155815,1.0210879909]],"3":[[-0.338392439,1.0210879909],[0.0599433092,-0.6208515257],[0.0744764748,-0.6208515257],[1.3443557779,1.0210879909]],"4":[[0.0599433092,-0.6208515257],[-0.338392439,1.0210879909],[-1.1596032602,1.0210879909],[-1.1596032602,-0.6208515257]],"5":[[1.0816225649,-0.6208515257],[1.6771120118,1.0210879909],[1.3443557779,1.0210879909],[0.0744764748,-0.6208515257]],"6":[[1.6771120118,1.0210879909],[1.0816225649,-0.6208515257],[2.046155815,-0.6208515257],[2.046155815,1.0210879909]]}}