{"time":{"0":0.0,"1":0.2389964873,"2":0.2389964873,"3":0.4824362121,"4":0.4824362121,"5":0.5580285798,"6":0.5580285798,"7":2.0285120582,"8":2.0285120582,"9":1.0005958494,"10":1.0005958494,"11":1.1797446768,"12":1.1797446768,"13":2.172593124,"14":2.172593124,"15":2.0885715144,"16":2.0885715144,"17":1.1831853154,"18":1.1831853154,"19":4.0797649703,"20":4.0797649703,"21":2.3921398686,"22":2.3921398686,"23":1.5830037943,"24":1.5830037943,"25":4.3365917204,"26":4.3365917204,"27":4.8900975604,"28":4.8900975604,"29":2.8024057069,"30":2.8024057069,"31":2.4716766405,"32":2.4716766405,"33":4.1598284172,"34":4.1598284172,"35":3.5613139421,"36":3.5613139421},"father":{"0":"nan","1":0,"2":0,"3":1,"4":1,"5":3,"6":3,"7":4,"8":4,"9":5,"10":5,"11":6,"12":6,"13":7,"14":7,"15":9,"16":9,"17":12,"18":12,"19":14,"20":14,"21":15,"22":15,"23":17,"24":17,"25":18,"26":18,"27":20,"28":20,"29":21,"30":21,"31":23,"32":23,"33":29,"34":29,"35":32,"36":32},"part_number":{"0":0,"1":1,"2":2,"3":3,"4":4,"5":5,"6":6,"7":7,"8":8,"9":9,"10":10,"11":11,"12":12,"13":13,"14":14,"15":15,"16":16,"17":17,"18":18,"19":19,"20":20,"21":21,"22":22,"23":23,"24":24,"25":25,"26":26,"27":27,"28":28,"29":29,"30":30,"31":31,"32":32,"33":33,"34":34,"35":35,"36":36},"polytope":{"0":{"A":[[1.0,0.0],[-1.0,0.0],[0.0,1.0],[0.0,-1.0]],"b":[2.2368333025,1.2067115703,1.1904488408,0.628515856],"bounding_box":[[[-1.2067115703],[-0.628515856]],[[2.2368333025],[1.1904488408]]],"chebXc":[0.0,0.2809664924],"dim":2,"fulldim":true,"minrep":false,"vertices":null},"1":{"A":[[1.0,0.0],[-1.0,0.0],[0.0,1.0],[0.0,-1.0],[-0.4456751102,-0.8951947811]],"b":[2.2368333025,1.2067115703,1.1904488408,0.628515856,0.4093794655],"bounding_box":[[[-1.2067115703],[-0.628515856]],[[2.2368333025],[1.1904488408]]],"chebXc":[0.5577676194,0.2809664924],"dim":2,"fulldim":true,"minrep":true,"vertices":null},"2":{"A":[[-1.0,0.0],[0.0,-1.0],[0.4456751102,0.8951947811]],"b":[1.2067115703,0.628515856,-0.4093794655],"bounding_box":[[[-1.2067115703],[-0.628515856]],[[0.3438932198],[0.1434568759]]],"chebXc":[-0.9114939833,-0.333298269],"dim":2,"fulldim":true,"minrep":true,"vertices":null},"3":{"A":[[-1.0,0.0],[0.0,1.0],[0.0,-1.0],[-0.4456751102,-0.8951947811],[0.730274414,-0.6831539214]],"b":[1.2067115703,1.1904488408,0.628515856,0.4093794655,0.7805328289],"bounding_box":[[[-1.2067115703],[-0.628515856]],[[2.1824571587],[1.1904488408]]],"chebXc":[0.2519920224,0.3528728601],"dim":2,"fulldim":true,"minrep":true,"vertices":null},"4":{"A":[[1.0,0.0],[0.0,1.0],[0.0,-1.0],[-0.730274414,0.6831539214]],"b":[2.2368333025,1.1904488408,0.628515856,-0.7805328289],"bounding_box":[[[0.4808600035],[-0.628515856]],[[2.2368333025],[1.1904488408]]],"chebXc":[1.7054968824,-0.0971794359],"dim":2,"fulldim":true,"minrep":true,"vertices":null},"5":{"A":[[-1.0,0.0],[0.0,1.0],[-0.4456751102,-0.8951947811],[0.5288362246,-0.8487238936]],"b":[1.2067115703,1.1904488408,0.4093794655,-0.3900210094],"bounding_box":[[[-1.2067115703],[-0.0501041575]],[[1.1730311521],[1.1904488408]]],"chebXc":[-0.6773898732,0.6611271436],"dim":2,"fulldim":true,"minrep":true,"vertices":null},"6":{"A":[[0.0,1.0],[0.0,-1.0],[-0.4456751102,-0.8951947811],[0.730274414,-0.6831539214],[-0.5288362246,0.8487238936]],"b":[1.1904488408,0.628515856,0.4093794655,0.7805328289,0.3900210094],"bounding_box":[[[-0.8179197735],[-0.628515856]],[[2.1824571587],[1.1904488408]]],"chebXc":[0.3149139381,0.0039165461],"dim":2,"fulldim":true,"minrep":true,"vertices":null},"7":{"A":[[0.0,-1.0],[-0.730274414,0.6831539214],[0.9479592613,0.318391644]],"b":[0.628515856,-0.7805328289,1.2067131661],"bounding_box":[[[0.4808600035],[-0.628515856]],[[1.4840588834],[0.1605680722]]],"chebXc":[1.1065234045,-0.3570576324],"dim":2,"fulldim":true,"minrep":true,"vertices":null},"8":{"A":[[1.0,0.0],[0.0,1.0],[0.0,-1.0],[-0.730274414,0.6831539214],[-0.9479592613,-0.318391644]],"b":[2.2368333025,1.1904488408,0.628515856,-0.7805328289,-1.2067131661],"bounding_box":[[[1.2190287925],[-0.628515856]],[[2.2368333025],[1.1904488408]]],"chebXc":[1.7607723026,0.0428207052],"dim":2,"fulldim":true,"minrep":true,"vertices":null},"9":{"A":[[-1.0,0.0],[0.0,1.0],[0.5288362246,-0.8487238936],[-0.3567115198,-0.9342145854]],"b":[1.2067115703,1.1904488408,-0.3900210094,-0.0035854885],"bounding_box":[[[-1.2067115703],[0.1769852067]],[[1.1730311521],[1.1904488408]]],"chebXc":[-0.5049669498,0.7104495374],"dim":2,"fulldim":true,"minrep":true,"vertices":null},"10":{"A":[[-1.0,0.0],[-0.4456751102,-0.8951947811],[0.5288362246,-0.8487238936],[0.3567115198,0.9342145854]],"b":[1.2067115703,0.4093794655,-0.3900210094,0.0035854885],"bounding_box":[[[-1.2067115703],[-0.0501041575]],[[-0.4534663559],[0.464597121]]],"chebXc":[-0.8270290895,0.1409214973],"dim":2,"fulldim":true,"minrep":true,"vertices":null},"11":{"A":[[0.0,-1.0],[-0.4456751102,-0.8951947811],[0.730274414,-0.6831539214],[-0.5288362246,0.8487238936],[0.9914614494,0.130400132]],"b":[0.628515856,0.4093794655,0.7805328289,0.3900210094,0.5695327613],"bounding_box":[[[-0.8179197735],[-0.628515856]],[[0.635377615],[0.7555493651]]],"chebXc":[0.1154326711,-0.0055959872],"dim":2,"fulldim":true,"minrep":true,"vertices":null},"12":{"A":[[0.0,1.0],[0.730274414,-0.6831539214],[-0.5288362246,0.8487238936],[-0.9914614494,-0.130400132]],"b":[1.1904488408,0.7805328289,0.3900210094,-0.5695327613],"bounding_box":[[[0.4750653943],[-0.4633404033]],[[2.1824571587],[1.1904488408]]],"chebXc":[0.9540398347,0.5292392631],"dim":2,"fulldim":true,"minrep":true,"vertices":null},"13":{"A":[[0.0,-1.0],[0.9479592613,0.318391644],[-0.9623017786,0.2719839828]],"b":[0.628515856,1.2067131661,-1.1755923754],"bounding_box":[[[1.0440031931],[-0.628515856]],[[1.4840588834],[0.0829617242]]],"chebXc":[1.2584378988,-0.4662882639],"dim":2,"fulldim":true,"minrep":true,"vertices":null},"14":{"A":[[0.0,-1.0],[-0.730274414,0.6831539214],[0.9479592613,0.318391644],[0.9623017786,-0.2719839828]],"b":[0.628515856,-0.7805328289,1.2067131661,1.1755923754],"bounding_box":[[[0.4808600035],[-0.628515856]],[[1.245094483],[0.1605680722]]],"chebXc":[0.9048368928,-0.4445638891],"dim":2,"fulldim":true,"minrep":true,"vertices":null},"15":{"A":[[-1.0,0.0],[0.0,1.0],[0.5288362246,-0.8487238936],[-0.3567115198,-0.9342145854],[0.907005514,0.4211187453]],"b":[1.2067115703,1.1904488408,-0.3900210094,-0.0035854885,0.1150956178],"bounding_box":[[[-1.2067115703],[0.1769852067]],[[-0.0670637286],[1.1904488408]]],"chebXc":[-0.7082485,0.7479391061],"dim":2,"fulldim":true,"minrep":true,"vertices":null},"16":{"A":[[0.0,1.0],[0.5288362246,-0.8487238936],[-0.907005514,-0.4211187453]],"b":[1.1904488408,-0.3900210094,-0.1150956178],"bounding_box":[[[-0.4258239872],[0.4177510296]],[[1.1730311521],[1.1904488408]]],"chebXc":[0.0690001307,0.8746355388],"dim":2,"fulldim":true,"minrep":true,"vertices":null},"17":{"A":[[0.0,1.0],[0.730274414,-0.6831539214],[-0.9914614494,-0.130400132],[-0.493104635,0.8699700104]],"b":[1.1904488408,0.7805328289,-0.5695327613,0.0571944321],"bounding_box":[[[0.5265384234],[-0.4633404033]],[[2.1824571587],[1.1904488408]]],"chebXc":[0.849412183,0.2033415785],"dim":2,"fulldim":true,"minrep":true,"vertices":null},"18":{"A":[[0.0,1.0],[-0.5288362246,0.8487238936],[-0.9914614494,-0.130400132],[0.493104635,-0.8699700104]],"b":[1.1904488408,0.3900210094,-0.5695327613,-0.0571944321],"bounding_box":[[[0.4750653943],[0.3641883805]],[[1.9842854617],[1.1904488408]]],"chebXc":[1.229933186,0.9915287503],"dim":2,"fulldim":true,"minrep":true,"vertices":null},"19":{"A":[[0.0,-1.0],[-0.730274414,0.6831539214],[0.9479592613,0.318391644],[0.9623017786,-0.2719839828],[0.4923309646,-0.8704080775]],"b":[0.628515856,-0.7805328289,1.2067131661,1.1755923754,0.8435702159],"bounding_box":[[[0.4808600035],[-0.628515856]],[[1.245094483],[0.1605680722]]],"chebXc":[1.0177553057,-0.2444639701],"dim":2,"fulldim":true,"minrep":true,"vertices":null},"20":{"A":[[0.0,-1.0],[0.9623017786,-0.2719839828],[-0.4923309646,0.8704080775]],"b":[0.628515856,1.1755923754,-0.8435702159],