{"time":{"0":0.0,"1":0.2486283486,"2":0.2486283486,"3":0.322446439,"4":0.322446439,"5":0.404622658,"6":0.404622658,"7":2.7871702159,"8":2.7871702159,"9":0.4263545993,"10":0.4263545993,"11":0.4135944759,"12":0.4135944759,"13":3.4400120536,"14":3.4400120536,"15":1.3163538863,"16":1.3163538863,"17":0.4429586097,"18":0.4429586097,"19":1.0936916357,"20":1.0936916357,"21":2.9679418137,"22":2.9679418137,"23":3.0442072222,"24":3.0442072222,"25":0.5727104176,"26":0.5727104176,"27":3.5291640319,"28":3.5291640319,"29":4.3669565101,"30":4.3669565101,"31":4.7265174058,"32":4.7265174058,"33":0.8062323563,"34":0.8062323563,"35":3.7843225957,"36":3.7843225957},"father":{"0":"nan","1":0,"2":0,"3":1,"4":1,"5":3,"6":3,"7":4,"8":4,"9":5,"10":5,"11":6,"12":6,"13":7,"14":7,"15":9,"16":9,"17":10,"18":10,"19":12,"20":12,"21":15,"22":15,"23":17,"24":17,"25":18,"26":18,"27":19,"28":19,"29":20,"30":20,"31":21,"32":21,"33":25,"34":25,"35":28,"36":28},"part_number":{"0":0,"1":1,"2":2,"3":3,"4":4,"5":5,"6":6,"7":7,"8":8,"9":9,"10":10,"11":11,"12":12,"13":13,"14":14,"15":15,"16":16,"17":17,"18":18,"19":19,"20":20,"21":21,"22":22,"23":23,"24":24,"25":25,"26":26,"27":27,"28":28,"29":29,"30":30,"31":31,"32":32,"33":33,"34":34,"35":35,"36":36},"polytope":{"0":{"A":[[1.0,0.0],[-1.0,0.0],[0.0,1.0],[0.0,-1.0]],"b":[2.2368333025,1.2067115703,1.1904488408,0.628515856],"bounding_box":[[[-1.2067115703],[-0.628515856]],[[2.2368333025],[1.1904488408]]],"chebXc":[0.0,0.2809664924],"dim":2,"fulldim":true,"minrep":false,"vertices":null},"1":{"A":[[1.0,0.0],[-1.0,0.0],[0.0,1.0],[0.0,-1.0],[-0.4456751102,-0.8951947811]],"b":[2.2368333025,1.2067115703,1.1904488408,0.628515856,0.4093794655],"bounding_box":[[[-1.2067115703],[-0.628515856]],[[2.2368333025],[1.1904488408]]],"chebXc":[0.5577676194,0.2809664924],"dim":2,"fulldim":true,"minrep":true,"vertices":null},"2":{"A":[[-1.0,0.0],[0.0,-1.0],[0.4456751102,0.8951947811]],"b":[1.2067115703,0.628515856,-0.4093794655],"bounding_box":[[[-1.2067115703],[-0.628515856]],[[0.3438932198],[0.1434568759]]],"chebXc":[-0.9114939833,-0.333298269],"dim":2,"fulldim":true,"minrep":true,"vertices":null},"3":{"A":[[-1.0,0.0],[0.0,1.0],[0.0,-1.0],[-0.4456751102,-0.8951947811],[0.7960876296,-0.6051813662]],"b":[1.2067115703,1.1904488408,0.628515856,0.4093794655,0.8122476125],"bounding_box":[[[-1.2067115703],[-0.628515856]],[[1.9252718061],[1.1904488408]]],"chebXc":[0.2414395253,0.3553543915],"dim":2,"fulldim":true,"minrep":true,"vertices":null},"4":{"A":[[1.0,0.0],[0.0,1.0],[0.0,-1.0],[-0.7960876296,0.6051813662]],"b":[2.2368333025,1.1904488408,0.628515856,-0.8122476125],"bounding_box":[[[0.5425050108],[-0.628515856]],[[2.2368333025],[1.1904488408]]],"chebXc":[1.6751162288,-0.0667987823],"dim":2,"fulldim":true,"minrep":true,"vertices":null},"5":{"A":[[0.0,1.0],[0.0,-1.0],[-0.4456751102,-0.8951947811],[0.7960876296,-0.6051813662],[-0.4342827505,0.9007766053]],"b":[1.1904488408,0.628515856,0.4093794655,0.8122476125,0.4923864119],"bounding_box":[[[-1.0244486262],[-0.628515856]],[[1.9252718061],[1.1904488408]]],"chebXc":[0.3141035011,0.0442259642],"dim":2,"fulldim":true,"minrep":true,"vertices":null},"6":{"A":[[-1.0,0.0],[0.0,1.0],[-0.4456751102,-0.8951947811],[0.4342827505,-0.9007766053]],"b":[1.2067115703,1.1904488408,0.4093794655,-0.4923864119],"bounding_box":[[[-1.2067115703],[0.0527167829]],[[1.3354020003],[1.1904488408]]],"chebXc":[-0.7339201311,0.7176574015],"dim":2,"fulldim":true,"minrep":true,"vertices":null},"7":{"A":[[1.0,0.0],[0.0,1.0],[0.0,-1.0],[-0.7960876296,0.6051813662],[-0.8478217,-0.5302814017]],"b":[2.2368333025,1.1904488408,0.628515856,-0.8122476125,-0.9840493654],"bounding_box":[[[1.0973142054],[-0.628515856]],[[2.2368333025],[1.1904488408]]],"chebXc":[1.7221666967,0.0728399575],"dim":2,"fulldim":true,"minrep":true,"vertices":null},"8":{"A":[[0.0,-1.0],[-0.7960876296,0.6051813662],[0.8478217,0.5302814017]],"b":[0.628515856,-0.8122476125,0.9840493654],"bounding_box":[[[0.5425050108],[-0.628515856]],[[1.5537932498],[0.1013095504]]],"chebXc":[1.0761196303,-0.3638703733],"dim":2,"fulldim":true,"minrep":true,"vertices":null},"9":{"A":[[0.0,1.0],[0.7960876296,-0.6051813662],[-0.4342827505,0.9007766053],[-0.8577539854,-0.5140604056]],"b":[1.1904488408,0.8122476125,0.4923864119,-0.5725205005],"bounding_box":[[[0.2636798346],[-0.2595317799]],[[1.9252718061],[1.1904488408]]],"chebXc":[0.8645169439,0.4939147401],"dim":2,"fulldim":true,"minrep":true,"vertices":null},"10":{"A":[[0.0,-1.0],[-0.4456751102,-0.8951947811],[0.7960876296,-0.6051813662],[-0.4342827505,0.9007766053],[0.8577539854,0.5140604056]],"b":[0.628515856,0.4093794655,0.8122476125,0.4923864119,0.5725205005],"bounding_box":[[[-1.0244486262],[-0.628515856]],[[0.8230046431],[0.6737497534]]],"chebXc":[0.0757112945,0.0457381541],"dim":2,"fulldim":true,"minrep":true,"vertices":null},"11":{"A":[[-1.0,0.0],[-0.4456751102,-0.8951947811],[0.4342827505,-0.9007766053],[-0.1909649499,0.9815968561]],"b":[1.2067115703,0.4093794655,-0.4923864119,0.4465952286],"bounding_box":[[[-1.2067115703],[0.0527167829]],[[-0.3187210498],[0.3929624233]]],"chebXc":[-1.0237758879,0.1587719584],"dim":2,"fulldim":true,"minrep":true,"vertices":null},"12":{"A":[[-1.0,0.0],[0.0,1.0],[0.4342827505,-0.9007766053],[0.1909649499,-0.9815968561]],"b":[1.2067115703,1.1904488408,-0.4923864119,-0.4465952286],"bounding_box":[[[-1.2067115703],[0.2202081361]],[[1.3354020003],[1.1904488408]]],"chebXc":[-0.7683418895,0.75207916],"dim":2,"fulldim":true,"minrep":true,"vertices":null},"13":{"A":[[1.0,0.0],[0.0,-1.0],[-0.7960876296,0.6051813662],[-0.8478217,-0.5302814017],[0.620648854,0.7840886429]],"b":[2.2368333025,0.628515856,-0.8122476125,-0.9840493654,1.2157380412],"bounding_box":[[[1.0973142054],[-0.628515856]],[[2.2368333025],[0.4638023344]]],"chebXc":[1.7475498136,-0.2787936608],"dim":2,"fulldim":true,"minrep":true,"vertices":null},"14":{"A":[[1.0,0.0],[0.0,1.0],[-0.7960876296,0.6051813662],[-0.620648854,-0.7840886429]],"b":[2.2368333025,1.1904488408,-0.8122476125,-1.2157380412],"bounding_box":[[[1.3728791936],[-0.2200643846]],[[2.2368333025],[1.1904488408]]],"chebXc":[1.875276073,0.5272456483],"dim":2,"fulldim":true,"minrep":true,"vertices":null},"15":{"A":[[0.0,1.0],[0.7960876296,-0.6051813662],[-0.4342827505,0.9007766053],[-0.8577539854,-0.5140604056],[-0.320758056,-0.9471611634]],"b":[1.1904488408,0.8122476125,0.4923864119,-0.5725205005,-0.5016680058],"bounding_box":[[[0.2636798346],[0.1464306074]],[[1.9252718061],[1.1904488408]]],"chebXc":[0.9930580605,0.5989330644],"dim":2,"fulldim":true,"minrep":true,"vertices":null},"16":{"A":[[0.7960876296,-0.6051813662],[-0.8577539854,-0.5140604056],[0.320758056,0.9471611634]],"b":[0.8122476125,-0.5725205005,0.5016680058],"bounding_box":[[[0.4391706124],[-0.2595317799]],[[1.1316149807],[0.3809283022]]],"chebXc":[0.840459793,0.0572784592],"dim":2,"fulldim":true,"minrep":true,"vertices":null},"17":{"A":[[0.7960876296,-0.6051813662],[-0.4342827505,0.9007766053],[0.8577539854,0.5140604056],[-0.6807652911,-0.7325016167]],"b":[0.8122476125,0.4923864119,0.5725205005,-0.1826194535],"bounding_box":[[[-0.2106390384],[-0.409566784]],[[0.8230046431],[0.6737497534]]],"chebXc":[0.1776938428,0.386466572],"dim":2,"fulldim":true,"minrep":true,"vertices":null},"18":{"A":[[0.0,-1.0],[-0.4456751102,-0.8951947811],[0.7960876296,-0.6051813662],[-0.4342827505,0.9007766053],[0.6807652911,0.7325016167]],"b":[0.628515856,0.4093794655,0.8122476125,0.4923864119,0.1826194535],"bounding_box":[[[-1.0244486262],[-0.628515856]],[[0.7089488715],[0.4450709627]]],"chebXc":[-0.2705719676,0.0479347278],"dim":2,"fulldim":true,"minrep":true,"vertices":null},"19":{"A":[[0.0,1.0],[0.4342827505,-0.9007766053],[-0.9214885904,-0.3884054296]],"b":[1.1904488408,-0.4923864119,-0.0096548287],"bounding_box":[[[-0.491294162],[0.4585022431]],[[1.3354020003],[1.1904488408]]],"chebXc":[-0.0234990519,0.8799719099],"dim":2,"fulldim":true,"minrep":true,"vertices":null},