{"time":{"0":0.0,"1":1.2937552748,"2":1.2937552748,"3":1.5110115552,"4":1.5110115552,"5":1.557589743,"6":1.557589743,"7":1.6182196125,"8":1.6182196125},"father":{"0":"nan","1":0,"2":0,"3":1,"4":1,"5":4,"6":4,"7":5,"8":5},"part_number":{"0":0,"1":1,"2":2,"3":3,"4":4,"5":5,"6":6,"7":7,"8":8},"polytope":{"0":{"A":[[1.0,0.0],[-1.0,0.0],[0.0,1.0],[0.0,-1.0]],"b":[1.0657765905,0.2966227679,0.7629387738,1.2473380023],"bounding_box":[[[-0.2966227679],[-1.2473380023]],[[1.0657765905],[0.7629387738]]],"chebXc":[0.3845769113,0.0],"dim":2,"fulldim":true,"minrep":false,"vertices":null},"1":{"A":[[-1.0,0.0],[0.0,1.0],[0.0,-1.0],[0.8442323914,-0.5359773029]],"b":[0.2966227679,0.7629387738,1.2473380023,0.4891861664],"bounding_box":[[[-0.2966227679],[-1.2473380023]],[[1.0638113886],[0.7629387738]]],"chebXc":[0.1859072311,0.2804087748],"dim":2,"fulldim":true,"minrep":true,"vertices":null},"2":{"A":[[1.0,0.0],[0.0,1.0],[0.0,-1.0],[-0.8442323914,0.5359773029]],"b":[1.0657765905,0.7629387738,1.2473380023,-0.4891861664],"bounding_box":[[[-0.2124518008],[-1.2473380023]],[[1.0657765905],[0.7629387738]]],"chebXc":[0.6124040098,-0.7939654216],"dim":2,"fulldim":true,"minrep":true,"vertices":null},"3":{"A":[[-1.0,0.0],[0.0,-1.0],[0.8442323914,-0.5359773029],[0.7259024554,0.687797663]],"b":[0.2966227679,1.2473380023,0.4891861664,-0.2986252748],"bounding_box":[[[-0.2966227679],[-1.2473380023]],[[0.181911502],[-0.1211200383]]],"chebXc":[-0.0850670192,-0.6519805016],"dim":2,"fulldim":true,"minrep":true,"vertices":null},"4":{"A":[[-1.0,0.0],[0.0,1.0],[0.8442323914,-0.5359773029],[-0.7259024554,-0.687797663]],"b":[0.2966227679,0.7629387738,0.4891861664,0.2986252748],"bounding_box":[[[-0.2966227679],[-0.6261656645]],[[1.0638113886],[0.7629387738]]],"chebXc":[0.1859072311,0.2804087748],"dim":2,"fulldim":true,"minrep":true,"vertices":null},"5":{"A":[[-1.0,0.0],[0.0,1.0],[0.8442323914,-0.5359773029],[-0.7259024554,-0.687797663],[-0.3513816572,-0.9362323061]],"b":[0.2966227679,0.7629387738,0.4891861664,0.2986252748,0.2790984069],"bounding_box":[[[-0.2966227679],[-0.4163710777]],[[1.0638113886],[0.7629387738]]],"chebXc":[0.1859072311,0.2804087748],"dim":2,"fulldim":true,"minrep":true,"vertices":null},"6":{"A":[[0.8442323914,-0.5359773029],[-0.7259024554,-0.687797663],[0.3513816572,0.9362323061]],"b":[0.4891861664,0.2986252748,-0.2790984069],"bounding_box":[[[-0.2000745049],[-0.6261656645]],[[0.3151036632],[-0.2230171876]]],"chebXc":[0.1664381846,-0.4661397315],"dim":2,"fulldim":true,"minrep":true,"vertices":null},"7":{"A":[[-1.0,0.0],[0.0,1.0],[0.8442323914,-0.5359773029],[-0.2495645316,-0.9683581696]],"b":[0.2966227679,0.7629387738,0.4891861664,-0.411460165],"bounding_box":[[[-0.2966227679],[0.2368224094]],[[1.0638113886],[0.7629387738]]],"chebXc":[0.6185619522,0.5182125036],"dim":2,"fulldim":true,"minrep":true,"vertices":null},"8":{"A":[[-1.0,0.0],[0.8442323914,-0.5359773029],[-0.7259024554,-0.687797663],[-0.3513816572,-0.9362323061],[0.2495645316,0.9683581696]],"b":[0.2966227679,0.4891861664,0.2986252748,0.2790984069,0.411460165],"bounding_box":[[[-0.2966227679],[-0.4163710777]],[[0.7297962135],[0.5013503292]]],"chebXc":[0.1704550228,0.0157133317],"dim":2,"fulldim":true,"minrep":true,"vertices":null}},"neighbors":{"0":[],"1":[2],"2":[3,6,7,8],"3":[2,6,8],"4":[2,3],"5":[2,3,6],"6":[2,3,8],"7":[2,8],"8":[2,3,6,7]},"leaf":{"0":false,"1":false,"2":true,"3":true,"4":false,"5":false,"6":true,"7":true,"8":true},"box":{"0":[[1.0657765905,0.7629387738],[-0.2966227679,0.7629387738],[-0.2966227679,-1.2473380023],[1.0657765905,-1.2473380023]],"1":[[-0.2966227679,-1.2473380023],[-0.2124518008,-1.2473380023],[1.0638113886,0.7629387738],[-0.2966227679,0.7629387738]],"2":[[-0.2124518008,-1.2473380023],[1.0657765905,-1.2473380023],[1.0657765905,0.7629387738],[1.0638113886,0.7629387738]],"3":[[-0.2966227679,-1.2473380023],[-0.2124518008,-1.2473380023],[0.181911502,-0.6261656645],[-0.2966227679,-0.1211200383]],"4":[[-0.2966227679,-0.1211200383],[0.181911502,-0.6261656645],[1.0638113886,0.7629387738],[-0.2966227679,0.7629387738]],"5":[[-0.2966227679,-0.1211200383],[-0.2000745049,-0.2230171876],[0.3151036632,-0.4163710777],[1.0638113886,0.7629387738],[-0.2966227679,0.7629387738]],"6":[[0.181911502,-0.6261656645],[0.3151036632,-0.4163710777],[-0.2000745049,-0.2230171876]],"7":[[-0.2966227679,0.5013503292],[0.7297962135,0.2368224094],[1.0638113886,0.7629387738],[-0.2966227679,0.7629387738]],"8":[[-0.2966227679,-0.1211200383],[-0.2000745049,-0.2230171876],[0.3151036632,-0.4163710777],[0.7297962135,0.2368224094],[-0.2966227679,0.5013503292]]}}