{"time":{"0":0.0,"1":0.0743613226,"2":0.0743613226,"3":0.1508910661,"4":0.1508910661,"5":0.5886570895,"6":0.5886570895,"7":0.243413544,"8":0.243413544,"9":1.0253008488,"10":1.0253008488,"11":0.281368048,"12":0.281368048,"13":2.5381284696,"14":2.5381284696,"15":0.359511995,"16":0.359511995,"17":2.5614887928,"18":2.5614887928},"father":{"0":"nan","1":0,"2":0,"3":2,"4":2,"5":3,"6":3,"7":4,"8":4,"9":5,"10":5,"11":7,"12":7,"13":10,"14":10,"15":12,"16":12,"17":14,"18":14},"part_number":{"0":0,"1":1,"2":2,"3":3,"4":4,"5":5,"6":6,"7":7,"8":8,"9":9,"10":10,"11":11,"12":12,"13":13,"14":14,"15":15,"16":16,"17":17,"18":18},"polytope":{"0":{"A":[[1.0,0.0],[-1.0,0.0],[0.0,1.0],[0.0,-1.0]],"b":[1.0697163622,0.3793579734,0.7897584007,1.2486151274],"bounding_box":[[[-0.3793579734],[-1.2486151274]],[[1.0697163622],[0.7897584007]]],"chebXc":[0.3451791944,0.0],"dim":2,"fulldim":true,"minrep":false,"vertices":null},"1":{"A":[[1.0,0.0],[0.0,1.0],[-0.7411359424,-0.6713549843]],"b":[1.0697163622,0.7897584007,-0.8138728498],"bounding_box":[[[0.3827430231],[0.0313807242]],[[1.0697163622],[0.7897584007]]],"chebXc":[0.858672819,0.5787148576],"dim":2,"fulldim":true,"minrep":true,"vertices":null},"2":{"A":[[1.0,0.0],[-1.0,0.0],[0.0,1.0],[0.0,-1.0],[0.7411359424,0.6713549843]],"b":[1.0697163622,0.3793579734,0.7897584007,1.2486151274,0.8138728498],"bounding_box":[[[-0.3793579734],[-1.2486151274]],[[1.0697163622],[0.7897584007]]],"chebXc":[0.3451791944,-0.2479895576],"dim":2,"fulldim":true,"minrep":true,"vertices":null},"3":{"A":[[-1.0,0.0],[0.0,1.0],[0.7411359424,0.6713549843],[0.6304879688,-0.7761990216]],"b":[0.3793579734,0.7897584007,0.8138728498,0.375953525],"bounding_box":[[[-0.3793579734],[-0.7924954116]],[[0.885409219],[0.7897584007]]],"chebXc":[0.1309468008,0.2794536266],"dim":2,"fulldim":true,"minrep":true,"vertices":null},"4":{"A":[[1.0,0.0],[-1.0,0.0],[0.0,-1.0],[0.7411359424,0.6713549843],[-0.6304879688,0.7761990216]],"b":[1.0697163622,0.3793579734,1.2486151274,0.8138728498,-0.375953525],"bounding_box":[[[-0.3793579734],[-1.2486151274]],[[1.0697163622],[0.23484484]]],"chebXc":[0.5429907777,-0.7218895429],"dim":2,"fulldim":true,"minrep":true,"vertices":null},"5":{"A":[[-1.0,0.0],[0.0,1.0],[0.7411359424,0.6713549843],[0.6304879688,-0.7761990216],[0.0084794641,-0.9999640487]],"b":[0.3793579734,0.7897584007,0.8138728498,0.375953525,0.549115283],"bounding_box":[[[-0.3793579734],[-0.5523518931]],[[0.885409219],[0.7897584007]]],"chebXc":[0.1309468008,0.2794536266],"dim":2,"fulldim":true,"minrep":true,"vertices":null},"6":{"A":[[-1.0,0.0],[0.6304879688,-0.7761990216],[-0.0084794641,0.9999640487]],"b":[0.3793579734,0.375953525,-0.549115283],"bounding_box":[[[-0.3793579734],[-0.7924954116]],[[-0.0805963491],[-0.5498184636]]],"chebXc":[-0.3016959558,-0.6293581469],"dim":2,"fulldim":true,"minrep":true,"vertices":null},"7":{"A":[[1.0,0.0],[-1.0,0.0],[0.0,-1.0],[0.7411359424,0.6713549843],[-0.6304879688,0.7761990216],[-0.3941132253,-0.9190618944]],"b":[1.0697163622,0.3793579734,1.2486151274,0.8138728498,-0.375953525,0.9210469519],"bounding_box":[[[-0.3793579734],[-1.2486151274]],[[1.0697163622],[0.23484484]]],"chebXc":[0.5595757211,-0.687051119],"dim":2,"fulldim":true,"minrep":true,"vertices":null},"8":{"A":[[-1.0,0.0],[0.0,-1.0],[0.3941132253,0.9190618944]],"b":[0.3793579734,1.2486151274,-0.9210469519],"bounding_box":[[[-0.3793579734],[-1.2486151274]],[[0.5747273065],[-0.8394831319]]],"chebXc":[-0.2168032132,-1.0860603672],"dim":2,"fulldim":true,"minrep":true,"vertices":null},"9":{"A":[[-1.0,0.0],[0.0,1.0],[0.7411359424,0.6713549843],[-0.1622412982,-0.9867511141]],"b":[0.3793579734,0.7897584007,0.8138728498,-0.5453889575],"bounding_box":[[[-0.3793579734],[0.4372841656]],[[0.7020303778],[0.7897584007]]],"chebXc":[0.3189852668,0.6459766225],"dim":2,"fulldim":true,"minrep":true,"vertices":null},"10":{"A":[[-1.0,0.0],[0.7411359424,0.6713549843],[0.6304879688,-0.7761990216],[0.0084794641,-0.9999640487],[0.1622412982,0.9867511141]],"b":[0.3793579734,0.8138728498,0.375953525,0.549115283,0.5453889575],"bounding_box":[[[-0.3793579734],[-0.5523518931]],[[0.885409219],[0.6150856877]]],"chebXc":[0.0499852352,0.109385313],"dim":2,"fulldim":true,"minrep":true,"vertices":null},"11":{"A":[[-1.0,0.0],[-0.6304879688,0.7761990216],[-0.3941132253,-0.9190618944],[0.8951459209,0.4457732386]],"b":[0.3793579734,-0.375953525,0.9210469519,-0.1891835537],"bounding_box":[[[-0.3793579734],[-1.1590429878]],[[0.3658473831],[-0.467083795]]],"chebXc":[-0.0446282743,-0.7712968909],"dim":2,"fulldim":true,"minrep":true,"vertices":null},"12":{"A":[[1.0,0.0],[0.0,-1.0],[0.7411359424,0.6713549843],[-0.6304879688,0.7761990216],[-0.3941132253,-0.9190618944],[-0.8951459209,-0.4457732386]],"b":[1.0697163622,1.2486151274,0.8138728498,-0.375953525,0.9210469519,0.1891835537],"bounding_box":[[[0.0212589946],[-1.2486151274]],[[1.0697163622],[0.23484484]]],"chebXc":[0.6041889637,-0.5933362942],"dim":2,"fulldim":true,"minrep":true,"vertices":null},"13":{"A":[[-1.0,0.0],[0.6304879688,-0.7761990216],[0.0084794641,-0.9999640487],[0.26169497,0.9651506321]],"b":[0.3793579734,0.375953525,0.549115283,-0.5028049097],"bounding_box":[[[-0.3793579734],[-0.5523518931]],[[-0.0337893489],[-0.4180993337]]],"chebXc":[-0.3213847295,-0.4938849653],"dim":2,"fulldim":true,"minrep":true,"vertices":null},"14":{"A":[[-1.0,0.0],[0.7411359424,0.6713549843],[0.6304879688,-0.7761990216],[0.1622412982,0.9867511141],[-0.26169497,-0.9651506321]],"b":[0.3793579734,0.8138728498,0.375953525,0.5453889575,0.5028049097],"bounding_box":[[[-0.3793579734],[-0.5117982527]],[[0.885409219],[0.6150856877]]],"chebXc":[0.0499852352,0.109385313],"dim":2,"fulldim":true,"minrep":true,"vertices":null},"15":{"A":[[1.0,0.0],[0.0,-1.0],[-0.3941132253,-0.9190618944],[-0.8951459209,-0.4457732386],[0.1037203747,0.994606497]],"b":[1.0697163622,1.2486151274,0.9210469519,0.1891835537,-0.8980525393],"bounding_box":[[[0.2513553798],[-1.2486151274]],[[1.0697163622],[-0.9291345032]]],"chebXc":[0.6036815282,-1.1076278676],"dim":2,"fulldim":true,"minrep":true,"vertices":null},"16":{"A":[[1.0,0.0],[0.7411359424,0.6713549843],[-0.6304879688,0.7761990216],[-0.8951459209,-0.4457732386],[-0.1037203747,-0.994606497]],"b":[1.0697163622,0.8138728498,-0.375953525,0.1891835537,0.8980525393],"bounding_box":[[[0.0212589946],[-1.0144754979]],[[1.0697163622],[0.23484484]]],"chebXc":[0.6339241333,-0.5308744319],"dim":2,"fulldim":true,"minrep":true,"vertices":null},"17":{"A":[[0.7411359424,0.6713549843],[0.6304879688,-0.7761990216],[0.1622412982,0.9867511141],[-0.7763912575,-0.6302512318]],"b":[0.8138728498,0.375953525,0.5453889575,-0.6081908897],"bounding_box":[[[0.3862320423],[0.0915700129]],[[0.885409219],[0.4892076256]]],"chebXc":[0.7251562562,0.2470942383],"dim":2,"fulldim":true,"minrep":true,"vertices":null},"18":{"A":[[-1.0,0.0],[0.6304879688,-0.7761990216],[0.1622412982,0.9867511141],[-0.26169497,-0.9651506321],[0.7763912575,0.6302512318]],"b":[0.3793579734,0.375953525,0.5453889575,0.5028049097,0.6081908897],"bounding_box":[[[-0.3793579734],[-0.5117982527]],[[0.7090223787],[0.6150856877]]],"chebXc":[0.0499852352,0.109385313],"dim":2,"fulldim":true,"minrep":true,"vertices":null}},"neighbors":{"0":[],"1":[9,16,17],"2":[1],"3":[1,4],"4":[1,5,6],"5":[1,6,7],"6":[11,13],"7":[1,6,8,10],"8":[11,15],"9":[1,17,18],"10":[1,6,9,11,12],"11":[6,8,13,15,16,18],"12":[1,8,11,14],"13":[6,11,18],"14":[1,9,11,13,16],"15":[8,11,16],"16":[1,11,15,17,18],"17":[1,9,16,18],"18":[9,11,13,16,17]},"leaf":{"0":false,"1":true,"2":false,"3":false,"4":false,"5":false,"6":true,"7":false,"8":true,"9":true,"10":false,"11":true,"12":false,"13":true,"14":false,"15":true,"16":true,"17":true,"18":true},"box":{"0":[[1.0697163622,0.7897584007],[-0.3793579734,0.7897584007],[-0.3793579734,-1.2486151274],[1.0697163622,-1.2486151274]],"1":[[1.0697163622,0.0313807242],[1.0697163622,0.7897584007],[0.3827430231,0.7897584007]],