{"time":{"0":0.0,"1":0.8302963317,"2":0.8302963317,"3":1.4888588356,"4":1.4888588356,"5":1.1390696278,"6":1.1390696278,"7":1.7906547581,"8":1.7906547581,"9":1.9184374678,"10":1.9184374678,"11":3.0335775713,"12":3.0335775713,"13":3.8823011817,"14":3.8823011817,"15":3.0660752456,"16":3.0660752456,"17":3.858338587,"18":3.858338587,"19":3.5621831754,"20":3.5621831754},"father":{"0":"nan","1":0,"2":0,"3":1,"4":1,"5":2,"6":2,"7":3,"8":3,"9":5,"10":5,"11":7,"12":7,"13":9,"14":9,"15":10,"16":10,"17":11,"18":11,"19":15,"20":15},"part_number":{"0":0,"1":1,"2":2,"3":3,"4":4,"5":5,"6":6,"7":7,"8":8,"9":9,"10":10,"11":11,"12":12,"13":13,"14":14,"15":15,"16":16,"17":17,"18":18,"19":19,"20":20},"polytope":{"0":{"A":[[1.0,0.0],[-1.0,0.0],[0.0,1.0],[0.0,-1.0]],"b":[1.0657765905,0.2966227679,0.7629387738,1.2473380023],"bounding_box":[[[-0.2966227679],[-1.2473380023]],[[1.0657765905],[0.7629387738]]],"chebXc":[0.3845769113,0.0],"dim":2,"fulldim":true,"minrep":false,"vertices":null},"1":{"A":[[1.0,0.0],[-1.0,0.0],[0.0,1.0],[0.759709766,-0.6502623097]],"b":[1.0657765905,0.2966227679,0.7629387738,0.4420371458],"bounding_box":[[[-0.2966227679],[-1.0263309888]],[[1.0657765905],[0.7629387738]]],"chebXc":[0.1861607051,0.2801553008],"dim":2,"fulldim":true,"minrep":true,"vertices":null},"2":{"A":[[1.0,0.0],[-1.0,0.0],[0.0,-1.0],[-0.759709766,0.6502623097]],"b":[1.0657765905,0.2966227679,1.2473380023,-0.4420371458],"bounding_box":[[[-0.2966227679],[-1.2473380023]],[[1.0657765905],[0.5653775914]]],"chebXc":[0.5766669279,-0.7582283397],"dim":2,"fulldim":true,"minrep":true,"vertices":null},"3":{"A":[[1.0,0.0],[0.0,1.0],[0.759709766,-0.6502623097],[-0.9955611666,0.0941167553]],"b":[1.0657765905,0.7629387738,0.4420371458,0.1051919599],"bounding_box":[[[-0.1910233418],[-0.90295783]],[[1.0657765905],[0.7629387738]]],"chebXc":[0.3409291252,0.3514040226],"dim":2,"fulldim":true,"minrep":true,"vertices":null},"4":{"A":[[-1.0,0.0],[0.0,1.0],[0.759709766,-0.6502623097],[0.9955611666,-0.0941167553]],"b":[0.2966227679,0.7629387738,0.4420371458,-0.1051919599],"bounding_box":[[[-0.2966227679],[-1.0263309888]],[[-0.0335354966],[0.7629387738]]],"chebXc":[-0.1712831316,0.6375991375],"dim":2,"fulldim":true,"minrep":true,"vertices":null},"5":{"A":[[1.0,0.0],[0.0,-1.0],[-0.759709766,0.6502623097],[-0.3941132253,-0.9190618944]],"b":[1.0657765905,1.2473380023,-0.4420371458,0.9210469519],"bounding_box":[[[-0.2018472207],[-1.2473380023]],[[1.0657765905],[0.5653775914]]],"chebXc":[0.5863672971,-0.7319776495],"dim":2,"fulldim":true,"minrep":true,"vertices":null},"6":{"A":[[-1.0,0.0],[0.0,-1.0],[-0.759709766,0.6502623097],[0.3941132253,0.9190618944]],"b":[0.2966227679,1.2473380023,-0.4420371458,-0.9210469519],"bounding_box":[[[-0.2966227679],[-1.2473380023]],[[0.5717490836],[-0.915603506]]],"chebXc":[-0.1486716559,-1.0993868903],"dim":2,"fulldim":true,"minrep":true,"vertices":null},"7":{"A":[[1.0,0.0],[0.0,1.0],[0.759709766,-0.6502623097],[-0.9955611666,0.0941167553],[-0.2289791432,-0.9734313288]],"b":[1.0657765905,0.7629387738,0.4420371458,0.1051919599,0.2949086558],"bounding_box":[[[-0.1313799256],[-0.3661124425]],[[1.0657765905],[0.7629387738]]],"chebXc":[0.3409291252,0.3514040226],"dim":2,"fulldim":true,"minrep":true,"vertices":null},"8":{"A":[[0.759709766,-0.6502623097],[-0.9955611666,0.0941167553],[0.2289791432,0.9734313288]],"b":[0.4420371458,0.1051919599,-0.2949086558],"bounding_box":[[[-0.1910233418],[-0.90295783]],[[0.2684815076],[-0.2720534928]]],"chebXc":[-0.0006654459,-0.4540874932],"dim":2,"fulldim":true,"minrep":true,"vertices":null},"9":{"A":[[1.0,0.0],[0.0,-1.0],[-0.759709766,0.6502623097],[-0.3941132253,-0.9190618944],[0.3014815376,0.9534720145]],"b":[1.0657765905,1.2473380023,-0.4420371458,0.9210469519,-0.7573346301],"bounding_box":[[[-0.2018472207],[-1.2473380023]],[[1.0657765905],[-0.7699015756]]],"chebXc":[0.598201829,-1.118531222],"dim":2,"fulldim":true,"minrep":true,"vertices":null},"10":{"A":[[1.0,0.0],[-0.759709766,0.6502623097],[-0.3014815376,-0.9534720145]],"b":[1.0657765905,-0.4420371458,0.7573346301],"bounding_box":[[[-0.0771358138],[-1.1312829101]],[[1.0657765905],[0.5653775914]]],"chebXc":[0.649023991,-0.5624190046],"dim":2,"fulldim":true,"minrep":true,"vertices":null},"11":{"A":[[0.759709766,-0.6502623097],[-0.9955611666,0.0941167553],[-0.2289791432,-0.9734313288],[0.2702046564,0.9628029101]],"b":[0.4420371458,0.1051919599,0.2949086558,0.4238414298],"bounding_box":[[[-0.1313799256],[-0.3661124425]],[[0.7729693455],[0.4577253523]]],"chebXc":[0.2147592528,0.0538912094],"dim":2,"fulldim":true,"minrep":true,"vertices":null},"12":{"A":[[1.0,0.0],[0.0,1.0],[0.759709766,-0.6502623097],[-0.9955611666,0.0941167553],[-0.2702046564,-0.9628029101]],"b":[1.0657765905,0.7629387738,0.4420371458,0.1051919599,-0.4238414298],"bounding_box":[[[-0.0623892706],[0.2232871454]],[[1.0657765905],[0.7629387738]]],"chebXc":[0.6858980872,0.5102128907],"dim":2,"fulldim":true,"minrep":true,"vertices":null},"13":{"A":[[1.0,0.0],[0.0,-1.0],[-0.759709766,0.6502623097],[0.3014815376,0.9534720145],[-0.438569927,-0.8986970675]],"b":[1.0657765905,1.2473380023,-0.4420371458,-0.7573346301,0.7828779238],"bounding_box":[[[-0.1155228253],[-1.2473380023]],[[1.0657765905],[-0.7699015756]]],"chebXc":[0.7937003916,-1.1487027355],"dim":2,"fulldim":true,"minrep":true,"vertices":null},"14":{"A":[[0.0,-1.0],[-0.759709766,0.6502623097],[-0.3941132253,-0.9190618944],[0.438569927,0.8986970675]],"b":[1.2473380023,-0.4420371458,0.9210469519,-0.7828779238],"bounding_box":[[[-0.2018472207],[-1.2473380023]],[[0.7709171564],[-0.8147496117]]],"chebXc":[-0.0995538989,-0.8917728122],"dim":2,"fulldim":true,"minrep":true,"vertices":null},"15":{"A":[[1.0,0.0],[-0.759709766,0.6502623097],[-0.3014815376,-0.9534720145],[0.7119852277,-0.7021944429]],"b":[1.0657765905,-0.4420371458,0.7573346301,0.8910720885],"bounding_box":[[[-0.0771358138],[-0.907132469]],[[1.0657765905],[0.5653775914]]],"chebXc":[0.8239133331,-0.0891415614],"dim":2,"fulldim":true,"minrep":true,"vertices":null},"16":{"A":[[1.0,0.0],[-0.3014815376,-0.9534720145],[-0.7119852277,0.7021944429]],"b":[1.0657765905,0.7573346301,-0.8910720885],"bounding_box":[[[0.3568735698],[-1.1312829101]],[[1.0657765905],[-0.1883451249]]],"chebXc":[0.81783355,-0.7928426783],"dim":2,"fulldim":true,"minrep":true,"vertices":null},"17":{"A":[[0.759709766,-0.6502623097],[-0.9955611666,0.0941167553],[-0.2289791432,-0.9734313288],[0.2702046564,0.9628029101],[-0.7919454721,-0.6105918188]],"b":[0.4420371458,0.1051919599,0.2949086558,0.4238414298,0.1105772479],"bounding_box":[[[-0.1093708675],[-0.3661124425]],[[0.7729693455],[0.4577253523]]],"chebXc":[0.2149966294,0.0539632444],"dim":2,"fulldim":true,"minrep":true,"vertices":null},"18":{"A":[[-0.9955611666,0.0941167553],[-0.2289791432,-0.9734313288],[0.7919454721,0.6105918188]],"b":[0.1051919599,0.2949086558,-0.1105772479],"bounding_box":[[[-0.1313799256],[-0.3299547076]],[[0.1147685041],[-0.039243049]]],"chebXc":[-0.0574437104,-0.2189615766],"dim":2,"fulldim":true,"minrep":true,"vertices":null},"19":{"A":[[1.0,0.0],[-0.759709766,0.6502623097],[0.7119852277,-0.7021944429],[-0.6622836431,-0.7492532123]],"b":[1.0657765905,-0.4420371458,0.8910720885,0.2247243335],"bounding_box":[[[0.1850914802],[-0.7512629231]],[[1.0657765905],[0.5653775914]]],"chebXc":[0.8239133331,-0.0891415614],"dim":2,"fulldim":true,"minrep":true,"vertices":null},"20":{"A":[[-0.759709766,0.6502623097],[-0.3014815376,-0.9534720145],[0.7119852277,-0.7021944429],[0.6622836431,0.7492532123]],"b":[-0.4420371458,0.7573346301,0.8910720885,-0.2247243335],"bounding_box":[[[-0.0771358138],[-0.907132469]],[[0.5105996931],[-0.4635380771]]],"chebXc":[0.2008886595,-0.6904628183],"dim":2,"fulldim":true,"minrep":true,"vertices":null}},"neighbors":{"0":[],"1":[2],"2":[3,4],"3":[4,5],"4":[6,8,12,14,17,18],"5":[4,6,7,8],"6":[4,14],"7":[4,8,10],"8":[4,13,14,17,18,19,20],"9":[4,6,8,10],"10":[8,11,12,13],"11":[4,8,12,15],"12":[4,17,19],"13":[8,14,16,20],"14":[4,6,8,13],"15":[8,12,13,16,17],"16":[13,19,20],