{"time":{"0":0.0,"1":1.2937552748,"2":1.2937552748,"3":1.5110115552,"4":1.5110115552,"5":3.0735776564,"6":3.0735776564,"7":1.5562092537,"8":1.5562092537,"9":3.3353650418,"10":3.3353650418,"11":2.9692209525,"12":2.9692209525},"father":{"0":"nan","1":0,"2":0,"3":1,"4":1,"5":2,"6":2,"7":3,"8":3,"9":4,"10":4,"11":7,"12":7},"part_number":{"0":0,"1":1,"2":2,"3":3,"4":4,"5":5,"6":6,"7":7,"8":8,"9":9,"10":10,"11":11,"12":12},"polytope":{"0":{"A":[[1.0,0.0],[-1.0,0.0],[0.0,1.0],[0.0,-1.0]],"b":[1.0657765905,0.2966227679,0.7629387738,1.2473380023],"bounding_box":[[[-0.2966227679],[-1.2473380023]],[[1.0657765905],[0.7629387738]]],"chebXc":[0.3845769113,0.0],"dim":2,"fulldim":true,"minrep":false,"vertices":null},"1":{"A":[[-1.0,0.0],[0.0,1.0],[0.0,-1.0],[0.8442323914,-0.5359773029]],"b":[0.2966227679,0.7629387738,1.2473380023,0.4891861664],"bounding_box":[[[-0.2966227679],[-1.2473380023]],[[1.0638113886],[0.7629387738]]],"chebXc":[0.1859072311,0.2804087748],"dim":2,"fulldim":true,"minrep":true,"vertices":null},"2":{"A":[[1.0,0.0],[0.0,1.0],[0.0,-1.0],[-0.8442323914,0.5359773029]],"b":[1.0657765905,0.7629387738,1.2473380023,-0.4891861664],"bounding_box":[[[-0.2124518008],[-1.2473380023]],[[1.0657765905],[0.7629387738]]],"chebXc":[0.6124040098,-0.7939654216],"dim":2,"fulldim":true,"minrep":true,"vertices":null},"3":{"A":[[-1.0,0.0],[0.0,1.0],[0.8442323914,-0.5359773029],[-0.2289791432,-0.9734313288]],"b":[0.2966227679,0.7629387738,0.4891861664,0.2949086558],"bounding_box":[[[-0.2966227679],[-0.3821846993]],[[1.0638113886],[0.7629387738]]],"chebXc":[0.1859072311,0.2804087748],"dim":2,"fulldim":true,"minrep":true,"vertices":null},"4":{"A":[[-1.0,0.0],[0.0,-1.0],[0.8442323914,-0.5359773029],[0.2289791432,0.9734313288]],"b":[0.2966227679,1.2473380023,0.4891861664,-0.2949086558],"bounding_box":[[[-0.2966227679],[-1.2473380023]],[[0.3368075484],[-0.2331836071]]],"chebXc":[-0.0528131293,-0.5409988087],"dim":2,"fulldim":true,"minrep":true,"vertices":null},"5":{"A":[[1.0,0.0],[0.0,1.0],[0.0,-1.0],[-0.8442323914,0.5359773029],[-0.5782388367,-0.815867543]],"b":[1.0657765905,0.7629387738,1.2473380023,-0.4891861664,0.5199241663],"bounding_box":[[[0.1205997763],[-1.2473380023]],[[1.0657765905],[0.7629387738]]],"chebXc":[0.6641885756,-0.6157810602],"dim":2,"fulldim":true,"minrep":true,"vertices":null},"6":{"A":[[0.0,-1.0],[-0.8442323914,0.5359773029],[0.5782388367,0.815867543]],"b":[1.2473380023,-0.4891861664,-0.5199241663],"bounding_box":[[[-0.2124518008],[-1.2473380023]],[[0.8607834573],[-0.7227394271]]],"chebXc":[0.1812438705,-1.0309476705],"dim":2,"fulldim":true,"minrep":true,"vertices":null},"7":{"A":[[-1.0,0.0],[0.0,1.0],[0.8442323914,-0.5359773029],[-0.2289791432,-0.9734313288],[0.5637658753,0.825934645]],"b":[0.2966227679,0.7629387738,0.4891861664,0.2949086558,0.6897441225],"bounding_box":[[[-0.2966227679],[-0.3821846993]],[[0.7741514948],[0.7629387738]]],"chebXc":[0.1565831341,0.1795081412],"dim":2,"fulldim":true,"minrep":true,"vertices":null},"8":{"A":[[0.0,1.0],[0.8442323914,-0.5359773029],[-0.5637658753,-0.825934645]],"b":[0.7629387738,0.4891861664,-0.6897441225],"bounding_box":[[[0.1057292749],[0.3066876162]],[[1.0638113886],[0.7629387738]]],"chebXc":[0.7191997155,0.5735269014],"dim":2,"fulldim":true,"minrep":true,"vertices":null},"9":{"A":[[-1.0,0.0],[0.0,-1.0],[0.2289791432,0.9734313288],[0.955497094,-0.2950005141]],"b":[0.2966227679,1.2473380023,-0.2949086558,0.0871729013],"bounding_box":[[[-0.2966227679],[-1.2473380023]],[[-0.002146395],[-0.2331836071]]],"chebXc":[-0.1669778635,-0.396863241],"dim":2,"fulldim":true,"minrep":true,"vertices":null},"10":{"A":[[0.0,-1.0],[0.8442323914,-0.5359773029],[0.2289791432,0.9734313288],[-0.955497094,0.2950005141]],"b":[1.2473380023,0.4891861664,-0.2949086558,-0.0871729013],"bounding_box":[[[-0.2938705439],[-1.2473380023]],[[0.3368075484],[-0.302452949]]],"chebXc":[0.0990338606,-0.4791041356],"dim":2,"fulldim":true,"minrep":true,"vertices":null},"11":{"A":[[-1.0,0.0],[0.8442323914,-0.5359773029],[-0.2289791432,-0.9734313288],[0.5637658753,0.825934645],[-0.1086248497,0.9940828145]],"b":[0.2966227679,0.4891861664,0.2949086558,0.6897441225,0.2488352513],"bounding_box":[[[-0.2966227679],[-0.3821846993]],[[0.7741514948],[0.3310146422]]],"chebXc":[0.1954426676,-0.0353724363],"dim":2,"fulldim":true,"minrep":true,"vertices":null},"12":{"A":[[-1.0,0.0],[0.0,1.0],[0.5637658753,0.825934645],[0.1086248497,-0.9940828145]],"b":[0.2966227679,0.7629387738,0.6897441225,-0.2488352513],"bounding_box":[[[-0.2966227679],[0.2179040263]],[[0.7385116405],[0.7629387738]]],"chebXc":[-0.0389503938,0.5052663997],"dim":2,"fulldim":true,"minrep":true,"vertices":null}},"neighbors":{"0":[],"1":[2],"2":[3,4],"3":[4,5],"4":[5,6,7],"5":[6,8,10,11],"6":[5,10],"7":[5,8,9,10],"8":[5,11,12],"9":[10,11],"10":[5,6,9,11],"11":[5,8,9,10,12],"12":[8,11]},"leaf":{"0":false,"1":false,"2":false,"3":false,"4":false,"5":true,"6":true,"7":false,"8":true,"9":true,"10":true,"11":true,"12":true},"box":{"0":[[1.0657765905,0.7629387738],[-0.2966227679,0.7629387738],[-0.2966227679,-1.2473380023],[1.0657765905,-1.2473380023]],"1":[[-0.2966227679,-1.2473380023],[-0.2124518008,-1.2473380023],[1.0638113886,0.7629387738],[-0.2966227679,0.7629387738]],"2":[[-0.2124518008,-1.2473380023],[1.0657765905,-1.2473380023],[1.0657765905,0.7629387738],[1.0638113886,0.7629387738]],"3":[[-0.2966227679,-0.2331836071],[0.3368075484,-0.3821846993],[1.0638113886,0.7629387738],[-0.2966227679,0.7629387738]],"4":[[-0.2966227679,-1.2473380023],[-0.2124518008,-1.2473380023],[0.3368075484,-0.3821846993],[-0.2966227679,-0.2331836071]],"5":[[0.1205997763,-0.7227394271],[0.8607834573,-1.2473380023],[1.0657765905,-1.2473380023],[1.0657765905,0.7629387738],[1.0638113886,0.7629387738]],"6":[[-0.2124518008,-1.2473380023],[0.8607834573,-1.2473380023],[0.1205997763,-0.7227394271]],"7":[[-0.2966227679,-0.2331836071],[0.3368075484,-0.3821846993],[0.7741514948,0.3066876162],[0.1057292749,0.7629387738],[-0.2966227679,0.7629387738]],"8":[[0.7741514948,0.3066876162],[1.0638113886,0.7629387738],[0.1057292749,0.7629387738]],"9":[[-0.2966227679,-1.2473380023],[-0.2938705439,-1.2473380023],[-0.002146395,-0.302452949],[-0.2966227679,-0.2331836071]],"10":[[-0.2938705439,-1.2473380023],[-0.2124518008,-1.2473380023],[0.3368075484,-0.3821846993],[-0.002146395,-0.302452949]],"11":[[-0.2966227679,-0.2331836071],[0.3368075484,-0.3821846993],[0.7741514948,0.3066876162],[0.7385116405,0.3310146422],[-0.2966227679,0.2179040263]],"12":[[-0.2966227679,0.2179040263],[0.7385116405,0.3310146422],[0.1057292749,0.7629387738],[-0.2966227679,0.7629387738]]}}