{"time":{"0":0.0,"1":0.0035960127,"2":0.0035960127,"3":0.2129635626,"4":0.2129635626,"5":0.3981699273,"6":0.3981699273,"7":0.3614848507,"8":0.3614848507,"9":1.3261877154,"10":1.3261877154,"11":2.3044481224,"12":2.3044481224,"13":0.6295894702,"14":0.6295894702,"15":1.4930411066,"16":1.4930411066,"17":0.572071972,"18":0.572071972,"19":2.8270487673,"20":2.8270487673,"21":0.9520389837,"22":0.9520389837,"23":1.1659852619,"24":1.1659852619,"25":2.6052266211,"26":2.6052266211,"27":2.1251319592,"28":2.1251319592,"29":1.834409945,"30":1.834409945,"31":2.8688312818,"32":2.8688312818,"33":2.2788665487,"34":2.2788665487,"35":2.379337969,"36":2.379337969},"father":{"0":"nan","1":0,"2":0,"3":1,"4":1,"5":2,"6":2,"7":3,"8":3,"9":4,"10":4,"11":5,"12":5,"13":6,"14":6,"15":7,"16":7,"17":8,"18":8,"19":10,"20":10,"21":13,"22":13,"23":14,"24":14,"25":15,"26":15,"27":21,"28":21,"29":23,"30":23,"31":29,"32":29,"33":30,"34":30,"35":34,"36":34},"part_number":{"0":0,"1":1,"2":2,"3":3,"4":4,"5":5,"6":6,"7":7,"8":8,"9":9,"10":10,"11":11,"12":12,"13":13,"14":14,"15":15,"16":16,"17":17,"18":18,"19":19,"20":20,"21":21,"22":22,"23":23,"24":24,"25":25,"26":26,"27":27,"28":28,"29":29,"30":30,"31":31,"32":32,"33":33,"34":34,"35":35,"36":36},"polytope":{"0":{"A":[[1.0,0.0],[-1.0,0.0],[0.0,1.0],[0.0,-1.0]],"b":[1.1842479108,1.2087322039,1.1224752717,1.1504969248],"bounding_box":[[[-1.2087322039],[-1.1504969248]],[[1.1842479108],[1.1224752717]]],"chebXc":[0.0,-0.0140108265],"dim":2,"fulldim":true,"minrep":false,"vertices":null},"1":{"A":[[-1.0,0.0],[0.0,1.0],[0.5997890084,-0.8001582002]],"b":[1.2087322039,1.1224752717,-0.6171623876],"bounding_box":[[[-1.2087322039],[-0.134750731]],[[0.468490422],[1.1224752717]]],"chebXc":[-0.7895647772,0.703307845],"dim":2,"fulldim":true,"minrep":true,"vertices":null},"2":{"A":[[1.0,0.0],[-1.0,0.0],[0.0,1.0],[0.0,-1.0],[-0.5997890084,0.8001582002]],"b":[1.1842479108,1.2087322039,1.1224752717,1.1504969248,0.6171623876],"bounding_box":[[[-1.2087322039],[-1.1504969248]],[[1.1842479108],[1.1224752717]]],"chebXc":[0.2475436332,-0.2137926472],"dim":2,"fulldim":true,"minrep":true,"vertices":null},"3":{"A":[[-1.0,0.0],[0.0,1.0],[0.5997890084,-0.8001582002],[-0.538264195,-0.8427761603]],"b":[1.2087322039,1.1224752717,-0.6171623876,-0.085844466],"bounding_box":[[[-1.2087322039],[0.4098391173]],[[0.468490422],[1.1224752717]]],"chebXc":[-0.4968553876,0.8008347593],"dim":2,"fulldim":true,"minrep":true,"vertices":null},"4":{"A":[[-1.0,0.0],[0.5997890084,-0.8001582002],[0.538264195,0.8427761603]],"b":[1.2087322039,-0.6171623876,0.085844466],"bounding_box":[[[-1.2087322039],[-0.134750731]],[[-0.4822133334],[0.8738521179]]],"chebXc":[-0.9450159155,0.3925080278],"dim":2,"fulldim":true,"minrep":true,"vertices":null},"5":{"A":[[-1.0,0.0],[0.0,-1.0],[-0.5997890084,0.8001582002],[0.9983726393,-0.0570269502]],"b":[1.2087322039,1.1504969248,0.6171623876,-0.5745813442],"bounding_box":[[[-1.2087322039],[-1.1504969248]],[[-0.5552344491],[0.3551033631]]],"chebXc":[-0.9006258467,-0.2888546953],"dim":2,"fulldim":true,"minrep":true,"vertices":null},"6":{"A":[[1.0,0.0],[0.0,1.0],[0.0,-1.0],[-0.5997890084,0.8001582002],[-0.9983726393,0.0570269502]],"b":[1.1842479108,1.1224752717,1.1504969248,0.6171623876,0.5745813442],"bounding_box":[[[-0.6412341944],[-1.1504969248]],[[1.1842479108],[1.1224752717]]],"chebXc":[0.2975534711,-0.2638024851],"dim":2,"fulldim":true,"minrep":true,"vertices":null},"7":{"A":[[0.0,1.0],[0.5997890084,-0.8001582002],[-0.6887249478,-0.7250227212]],"b":[1.1224752717,-0.6171623876,-0.0907964968],"bounding_box":[[[-1.0498001873],[0.4863472603]],[[0.468490422],[1.1224752717]]],"chebXc":[-0.3591323206,0.8467222717],"dim":2,"fulldim":true,"minrep":true,"vertices":null},"8":{"A":[[-1.0,0.0],[0.0,1.0],[0.5997890084,-0.8001582002],[-0.538264195,-0.8427761603],[0.6887249478,0.7250227212]],"b":[1.2087322039,1.1224752717,-0.6171623876,-0.085844466,0.0907964968],"bounding_box":[[[-1.2087322039],[0.4098391173]],[[-0.3801464113],[1.1224752717]]],"chebXc":[-1.0698418418,0.9499466447],"dim":2,"fulldim":true,"minrep":true,"vertices":null},"9":{"A":[[-1.0,0.0],[0.5997890084,-0.8001582002],[0.538264195,0.8427761603],[0.8736133686,0.4866206758]],"b":[1.2087322039,-0.6171623876,0.085844466,-0.6000573604],"bounding_box":[[[-1.2087322039],[-0.134750731]],[[-0.7876333355],[0.8738521179]]],"chebXc":[-1.0255340595,0.2315248101],"dim":2,"fulldim":true,"minrep":true,"vertices":null},"10":{"A":[[0.5997890084,-0.8001582002],[0.538264195,0.8427761603],[-0.8736133686,-0.4866206758]],"b":[-0.6171623876,0.085844466,0.6000573604],"bounding_box":[[[-1.1542337421],[0.1808999399]],[[-0.4822133334],[0.8390450457]]],"chebXc":[-0.7409775326,0.4001488829],"dim":2,"fulldim":true,"minrep":true,"vertices":null},"11":{"A":[[-1.0,0.0],[0.0,-1.0],[0.9983726393,-0.0570269502],[-0.372875075,0.9278815541]],"b":[1.2087322039,1.1504969248,-0.5745813442,0.0895410553],"bounding_box":[[[-1.2087322039],[-1.1504969248]],[[-0.5833971133],[-0.1379412992]]],"chebXc":[-0.9092662095,-0.5916354762],"dim":2,"fulldim":true,"minrep":true,"vertices":null},"12":{"A":[[-1.0,0.0],[-0.5997890084,0.8001582002],[0.9983726393,-0.0570269502],[0.372875075,-0.9278815541]],"b":[1.2087322039,0.6171623876,-0.5745813442,-0.0895410553],"bounding_box":[[[-1.2087322039],[-0.3892361631]],[[-0.5552344491],[0.3551033631]]],"chebXc":[-0.7539703696,-0.0154258347],"dim":2,"fulldim":true,"minrep":true,"vertices":null},"13":{"A":[[1.0,0.0],[0.0,-1.0],[-0.561660985,0.8273674746]],"b":[1.1842479108,1.1504969248,-0.6086289042],"bounding_box":[[[-0.6111423797],[-1.1504969248]],[[1.1842479108],[0.0683093614]]],"chebXc":[0.7621513573,-0.7284003713],"dim":2,"fulldim":true,"minrep":true,"vertices":null},"14":{"A":[[1.0,0.0],[0.0,1.0],[0.0,-1.0],[-0.5997890084,0.8001582002],[-0.9983726393,0.0570269502],[0.561660985,-0.8273674746]],"b":[1.1842479108,1.1224752717,1.1504969248,0.6171623876,0.5745813442,0.6086289042],"bounding_box":[[[-0.6412341944],[-1.1504969248]],[[1.1842479108],[1.1224752717]]],"chebXc":[0.5553033671,0.4015239732],"dim":2,"fulldim":true,"minrep":true,"vertices":null},"15":{"A":[[0.0,1.0],[0.5997890084,-0.8001582002],[-0.7787649609,-0.6273158181]],"b":[1.1224752717,-0.6171623876,-0.1025776155],"bounding_box":[[[-0.7724652598],[0.5424790323]],[[0.468490422],[1.1224752717]]],"chebXc":[-0.2631055578,0.8787171247],"dim":2,"fulldim":true,"minrep":true,"vertices":null},"16":{"A":[[0.0,1.0],[0.5997890084,-0.8001582002],[-0.6887249478,-0.7250227212],[0.7787649609,0.6273158181]],"b":[1.1224752717,-0.6171623876,-0.0907964968,0.1025776155],"bounding_box":[[[-1.0498001873],[0.4863472603]],[[-0.3052629155],[1.1224752717]]],"chebXc":[-0.8169543935,1.0295102891],"dim":2,"fulldim":true,"minrep":true,"vertices":null},"17":{"A":[[0.5997890084,-0.8001582002],[-0.538264195,-0.8427761603],[0.6887249478,0.7250227212],[-0.8943922495,-0.4472834718]],"b":[-0.6171623876,-0.085844466,0.0907964968,0.3568022245],"bounding_box":[[[-0.8792655843],[0.4098391173]],[[-0.3801464113],[0.9604783685]]],"chebXc":[-0.598044597,0.5807091719],"dim":2,"fulldim":true,"minrep":true,"vertices":null},"18":{"A":[[-1.0,0.0],[0.0,1.0],[-0.538264195,-0.8427761603],[0.6887249478,0.7250227212],[0.8943922495,0.4472834718]],"b":[1.2087322039,1.1224752717,-0.085844466,0.0907964968,-0.3568022245],"bounding_box":[[[-1.2087322039],[0.5240238088]],[[-0.6609956799],[1.1224752717]]],"chebXc":[-1.0698418418,0.9499466447],"dim":2,"fulldim":true,"minrep":true,"vertices":null},"19":{"A":[[0.5997890084,-0.8001582002],[0.538264195,0.8427761603],[-0.8736133686,-0.4866206758],[-0.4756475982,0.879635926]],"b":[-0.6171623876,0.085844466,0.6000573604,0.7911446213],"bounding_box":[[[-0.9128908579],[0.1808999399]],[[-0.4822133334],[0.533746613]]],"chebXc":[-0.7498850674,0.3582898328],"dim":2,"fulldim":true,"minrep":true,"vertices":null},"20":{"A":[[0.538264195,0.8427761603],[-0.8736133686,-0.4866206758],[0.4756475982,-0.879635926]],"b":[0.085844466,0.6000573604,-0.7911446213],