{"time":{"0":0.0,"1":0.0099711151,"2":0.0099711151,"3":0.228620725,"4":0.228620725,"5":0.5741610872,"6":0.5741610872,"7":0.2962012466,"8":0.2962012466,"9":1.0987269169,"10":1.0987269169,"11":0.6978561742,"12":0.6978561742,"13":0.600677422,"14":0.600677422,"15":0.503213318,"16":0.503213318,"17":0.6637642581,"18":0.6637642581,"19":0.7506640045,"20":0.7506640045},"father":{"0":"nan","1":0,"2":0,"3":1,"4":1,"5":2,"6":2,"7":3,"8":3,"9":4,"10":4,"11":6,"12":6,"13":7,"14":7,"15":8,"16":8,"17":15,"18":15,"19":18,"20":18},"part_number":{"0":0,"1":1,"2":2,"3":3,"4":4,"5":5,"6":6,"7":7,"8":8,"9":9,"10":10,"11":11,"12":12,"13":13,"14":14,"15":15,"16":16,"17":17,"18":18,"19":19,"20":20},"polytope":{"0":{"A":[[1.0,0.0],[-1.0,0.0],[0.0,1.0],[0.0,-1.0]],"b":[2.2281526633,1.1917389382,1.1568678435,0.6364710977],"bounding_box":[[[-1.1917389382],[-0.6364710977]],[[2.2281526633],[1.1568678435]]],"chebXc":[0.0,0.2601983729],"dim":2,"fulldim":true,"minrep":false,"vertices":null},"1":{"A":[[-1.0,0.0],[0.0,1.0],[0.0,-1.0],[0.8790492841,0.4767309053]],"b":[1.1917389382,1.1568678435,0.6364710977,1.1261891574],"bounding_box":[[[-1.1917389382],[-0.6364710977]],[[1.6263190539],[1.1568678435]]],"chebXc":[0.0,0.2601983729],"dim":2,"fulldim":true,"minrep":true,"vertices":null},"2":{"A":[[1.0,0.0],[0.0,1.0],[0.0,-1.0],[-0.8790492841,-0.4767309053]],"b":[2.2281526633,1.1568678435,0.6364710977,-1.1261891574],"bounding_box":[[[0.6537454878],[-0.6364710977]],[[2.2281526633],[1.1568678435]]],"chebXc":[1.6406693715,0.5693845517],"dim":2,"fulldim":true,"minrep":true,"vertices":null},"3":{"A":[[0.0,1.0],[0.0,-1.0],[0.8790492841,0.4767309053],[-0.9993811661,0.0351750604]],"b":[1.1568678435,0.6364710977,1.1261891574,0.4323699875],"bounding_box":[[[-0.4550394906],[-0.6364710977]],[[1.6263190539],[1.1568678435]]],"chebXc":[0.3388174872,0.1299361918],"dim":2,"fulldim":true,"minrep":true,"vertices":null},"4":{"A":[[-1.0,0.0],[0.0,1.0],[0.0,-1.0],[0.9993811661,-0.0351750604]],"b":[1.1917389382,1.1568678435,0.6364710977,-0.4323699875],"bounding_box":[[[-1.1917389382],[-0.6364710977]],[[-0.3919196244],[1.1568678435]]],"chebXc":[-0.7988648814,0.7639937867],"dim":2,"fulldim":true,"minrep":true,"vertices":null},"5":{"A":[[1.0,0.0],[0.0,1.0],[0.0,-1.0],[-0.8402584341,-0.5421860971]],"b":[2.2281526633,1.1568678435,0.6364710977,-1.3514618607],"bounding_box":[[[0.8619064926],[-0.6364710977]],[[2.2281526633],[1.1568678435]]],"chebXc":[1.7462947006,0.6750098808],"dim":2,"fulldim":true,"minrep":true,"vertices":null},"6":{"A":[[0.0,1.0],[0.0,-1.0],[-0.8790492841,-0.4767309053],[0.8402584341,0.5421860971]],"b":[1.1568678435,0.6364710977,-1.1261891574,1.3514618607],"bounding_box":[[[0.6537454878],[-0.6364710977]],[[2.0190783838],[1.1568678435]]],"chebXc":[1.722506423,-0.4748841842],"dim":2,"fulldim":true,"minrep":true,"vertices":null},"7":{"A":[[0.0,1.0],[0.8790492841,0.4767309053],[-0.9993811661,0.0351750604],[-0.4716618802,-0.881779491]],"b":[1.1568678435,1.1261891574,0.4323699875,-0.4802504369],"bounding_box":[[[-0.4058277855],[-0.1981142514]],[[1.3885869267],[1.1568678435]]],"chebXc":[0.4202682919,0.7646452491],"dim":2,"fulldim":true,"minrep":true,"vertices":null},"8":{"A":[[0.0,-1.0],[0.8790492841,0.4767309053],[-0.9993811661,0.0351750604],[0.4716618802,0.881779491]],"b":[0.6364710977,1.1261891574,0.4323699875,0.4802504369],"bounding_box":[[[-0.4550394906],[-0.6364710977]],[[1.6263190539],[0.7617141702]]],"chebXc":[0.0938666018,-0.1065448739],"dim":2,"fulldim":true,"minrep":true,"vertices":null},"9":{"A":[[-1.0,0.0],[0.0,-1.0],[0.9993811661,-0.0351750604],[0.0563451257,0.9984113515]],"b":[1.1917389382,0.6364710977,-0.4323699875,0.2689916007],"bounding_box":[[[-1.1917389382],[-0.6364710977]],[[-0.4223161414],[0.3366751394]]],"chebXc":[-0.8134245639,-0.0635912886],"dim":2,"fulldim":true,"minrep":true,"vertices":null},"10":{"A":[[-1.0,0.0],[0.0,1.0],[0.9993811661,-0.0351750604],[-0.0563451257,-0.9984113515]],"b":[1.1917389382,1.1568678435,-0.4323699875,-0.2689916007],"bounding_box":[[[-1.1917389382],[0.2932529326]],[[-0.3919196244],[1.1568678435]]],"chebXc":[-0.7988648814,0.7639937867],"dim":2,"fulldim":true,"minrep":true,"vertices":null},"11":{"A":[[0.0,-1.0],[-0.8790492841,-0.4767309053],[0.8402584341,0.5421860971],[-0.3443348143,0.9388469181]],"b":[0.6364710977,-1.1261891574,1.3514618607,-0.7596377126],"bounding_box":[[[1.4346002415],[-0.6364710977]],[[2.0190783838],[-0.1772677031]]],"chebXc":[1.722506423,-0.4748841842],"dim":2,"fulldim":true,"minrep":true,"vertices":null},"12":{"A":[[0.0,1.0],[-0.8790492841,-0.4767309053],[0.8402584341,0.5421860971],[0.3443348143,-0.9388469181]],"b":[1.1568678435,-1.1261891574,1.3514618607,0.7596377126],"bounding_box":[[[0.6537454878],[-0.2829587014]],[[1.7227722877],[1.1568678435]]],"chebXc":[1.5023975653,-0.1034752697],"dim":2,"fulldim":true,"minrep":true,"vertices":null},"13":{"A":[[0.8790492841,0.4767309053],[-0.4716618802,-0.881779491],[-0.706207888,0.7080045331]],"b":[1.1261891574,-0.4802504369,-0.0307463286],"bounding_box":[[[0.3837639178],[-0.1981142514]],[[1.3885869267],[0.8011079027]]],"chebXc":[0.7880202309,0.3990045804],"dim":2,"fulldim":true,"minrep":true,"vertices":null},"14":{"A":[[0.0,1.0],[0.8790492841,0.4767309053],[-0.9993811661,0.0351750604],[-0.4716618802,-0.881779491],[0.706207888,-0.7080045331]],"b":[1.1568678435,1.1261891574,0.4323699875,-0.4802504369,0.0307463286],"bounding_box":[[[-0.4058277855],[0.3393633317]],[[0.846683201],[1.1568678435]]],"chebXc":[0.3172097183,0.7904765438],"dim":2,"fulldim":true,"minrep":true,"vertices":null},"15":{"A":[[0.0,-1.0],[0.8790492841,0.4767309053],[-0.9993811661,0.0351750604],[0.4716618802,0.881779491],[-0.4610882953,0.8873542607]],"b":[0.6364710977,1.1261891574,0.4323699875,0.4802504369,-0.0460985854],"bounding_box":[[[-0.4550394906],[-0.6364710977]],[[1.6263190539],[0.2420223479]]],"chebXc":[0.5629584556,-0.2241212142],"dim":2,"fulldim":true,"minrep":true,"vertices":null},"16":{"A":[[-0.9993811661,0.0351750604],[0.4716618802,0.881779491],[0.4610882953,-0.8873542607]],"b":[0.4323699875,0.4802504369,0.0460985854],"bounding_box":[[[-0.4425602138],[-0.281914373]],[[0.5657444566],[0.7617141702]]],"chebXc":[-0.1090594765,0.2460554499],"dim":2,"fulldim":true,"minrep":true,"vertices":null},"17":{"A":[[0.0,-1.0],[0.8790492841,0.4767309053],[0.4716618802,0.881779491],[-0.9677460508,-0.2519277298]],"b":[0.6364710977,1.1261891574,0.4802504369,-1.0811038201],"bounding_box":[[[1.1331395617],[-0.6364710977]],[[1.6263190539],[-0.0614760264]]],"chebXc":[1.391072194,-0.4964363879],"dim":2,"fulldim":true,"minrep":true,"vertices":null},"18":{"A":[[0.0,-1.0],[-0.9993811661,0.0351750604],[0.4716618802,0.881779491],[-0.4610882953,0.8873542607],[0.9677460508,0.2519277298]],"b":[0.6364710977,0.4323699875,0.4802504369,-0.0460985854,1.0811038201],"bounding_box":[[[-0.4550394906],[-0.6364710977]],[[1.2828247016],[0.2420223479]]],"chebXc":[0.5629584556,-0.2241212142],"dim":2,"fulldim":true,"minrep":true,"vertices":null},"19":{"A":[[-0.9993811661,0.0351750604],[0.4716618802,0.881779491],[-0.4610882953,0.8873542607],[0.9677460508,0.2519277298],[0.0013107531,-0.999999141]],"b":[0.4323699875,0.4802504369,-0.0460985854,1.0811038201,0.5187978881],"bounding_box":[[[-0.4509185839],[-0.5193893772]],[[1.2517645034],[0.2420223479]]],"chebXc":[0.5633339785,-0.1612900783],"dim":2,"fulldim":true,"minrep":true,"vertices":null},"20":{"A":[[0.0,-1.0],[-0.9993811661,0.0351750604],[0.9677460508,0.2519277298],[-0.0013107531,0.999999141]],"b":[0.6364710977,0.4323699875,1.0811038201,-0.5187978881],"bounding_box":[[[-0.4550394906],[-0.6364710977]],[[1.2828247016],[-0.5171575781]]],"chebXc":[1.2056886438,-0.5768445606],"dim":2,"fulldim":true,"minrep":true,"vertices":null}},"neighbors":{"0":[],"1":[2],"2":[3],"3":[4,6],"4":[7,8],"5":[11,12],"6":[5,7,8],"7":[8,10,12],"8":[9,10,11,12,13,14],"9":[10,16,19,20],"10":[9,14,16],"11":[5,12,17],"12":[5,11,13,14,17],"13":[12,14,16,17,19],"14":[10,12,13,16],"15":[9,11,12,13,16],"16":[9,10,13,14,19],"17":[11,12,13,19,20],