{"time":{"0":0.0,"1":0.0050246288,"2":0.0050246288,"3":0.3642731022,"4":0.3642731022,"5":0.7275356323,"6":0.7275356323,"7":0.5663373391,"8":0.5663373391,"9":0.4493778124,"10":0.4493778124,"11":0.9206513282,"12":0.9206513282,"13":0.8188907886,"14":0.8188907886,"15":1.7311313222,"16":1.7311313222,"17":0.8072180903,"18":0.8072180903,"19":0.7065090817,"20":0.7065090817,"21":2.1138581759,"22":2.1138581759,"23":1.8737702183,"24":1.8737702183,"25":3.2339779111,"26":3.2339779111,"27":3.0123328495,"28":3.0123328495,"29":4.1030215001,"30":4.1030215001,"31":2.2606929243,"32":2.2606929243,"33":4.1526187043,"34":4.1526187043},"father":{"0":"nan","1":0,"2":0,"3":1,"4":1,"5":2,"6":2,"7":3,"8":3,"9":4,"10":4,"11":5,"12":5,"13":7,"14":7,"15":8,"16":8,"17":9,"18":9,"19":10,"20":10,"21":12,"22":12,"23":13,"24":13,"25":15,"26":15,"27":22,"28":22,"29":23,"30":23,"31":24,"32":24,"33":26,"34":26},"part_number":{"0":0,"1":1,"2":2,"3":3,"4":4,"5":5,"6":6,"7":7,"8":8,"9":9,"10":10,"11":11,"12":12,"13":13,"14":14,"15":15,"16":16,"17":17,"18":18,"19":19,"20":20,"21":21,"22":22,"23":23,"24":24,"25":25,"26":26,"27":27,"28":28,"29":29,"30":30,"31":31,"32":32,"33":33,"34":34},"polytope":{"0":{"A":[[1.0,0.0],[-1.0,0.0],[0.0,1.0],[0.0,-1.0]],"b":[2.2281526633,1.1917389382,1.1568678435,0.6364710977],"bounding_box":[[[-1.1917389382],[-0.6364710977]],[[2.2281526633],[1.1568678435]]],"chebXc":[0.0,0.2601983729],"dim":2,"fulldim":true,"minrep":false,"vertices":null},"1":{"A":[[-1.0,0.0],[0.0,1.0],[0.0,-1.0],[0.9918194315,0.1276487966]],"b":[1.1917389382,1.1568678435,0.6364710977,1.5239152321],"bounding_box":[[[-1.1917389382],[-0.6364710977]],[[1.6183994292],[1.1568678435]]],"chebXc":[0.0,0.2601983729],"dim":2,"fulldim":true,"minrep":true,"vertices":null},"2":{"A":[[1.0,0.0],[0.0,1.0],[0.0,-1.0],[-0.9918194315,-0.1276487966]],"b":[2.2281526633,1.1568678435,0.6364710977,-1.5239152321],"bounding_box":[[[1.3875937498],[-0.6364710977]],[[2.2281526633],[1.1568678435]]],"chebXc":[1.8348074587,0.763522639],"dim":2,"fulldim":true,"minrep":true,"vertices":null},"3":{"A":[[0.0,1.0],[0.0,-1.0],[0.9918194315,0.1276487966],[-0.8802975085,-0.4744220659]],"b":[1.1568678435,0.6364710977,1.5239152321,0.0021975527],"bounding_box":[[[-0.6259715377],[-0.6364710977]],[[1.6183994292],[1.1568678435]]],"chebXc":[0.694287043,0.3686129971],"dim":2,"fulldim":true,"minrep":true,"vertices":null},"4":{"A":[[-1.0,0.0],[0.0,1.0],[0.0,-1.0],[0.8802975085,0.4744220659]],"b":[1.1917389382,1.1568678435,0.6364710977,-0.0021975527],"bounding_box":[[[-1.1917389382],[-0.6364710977]],[[0.3405194011],[1.1568678435]]],"chebXc":[-0.6189135313,-0.0636456908],"dim":2,"fulldim":true,"minrep":true,"vertices":null},"5":{"A":[[1.0,0.0],[0.0,1.0],[0.0,-1.0],[-0.9918194315,-0.1276487966],[-0.8500865854,-0.5266429505]],"b":[2.2281526633,1.1568678435,0.6364710977,-1.5239152321,-1.3682127961],"bounding_box":[[[1.3875937498],[-0.6364710977]],[[2.2281526633],[1.1568678435]]],"chebXc":[1.8348074587,0.763522639],"dim":2,"fulldim":true,"minrep":true,"vertices":null},"6":{"A":[[0.0,-1.0],[-0.9918194315,-0.1276487966],[0.8500865854,0.5266429505]],"b":[0.6364710977,-1.5239152321,1.3682127961],"bounding_box":[[[1.5173389063],[-0.6364710977]],[[2.003802721],[0.1487598881]]],"chebXc":[1.745101344,-0.4924173947],"dim":2,"fulldim":true,"minrep":true,"vertices":null},"7":{"A":[[0.0,-1.0],[0.9918194315,0.1276487966],[-0.8802975085,-0.4744220659],[-0.1951085089,0.9807816626]],"b":[0.6364710977,1.5239152321,0.0021975527,0.5240564325],"bounding_box":[[[-0.262336918],[-0.6364710977]],[[1.6183994292],[0.819011657]]],"chebXc":[0.8626771771,0.0282216832],"dim":2,"fulldim":true,"minrep":true,"vertices":null},"8":{"A":[[0.0,1.0],[0.9918194315,0.1276487966],[-0.8802975085,-0.4744220659],[0.1951085089,-0.9807816626]],"b":[1.1568678435,1.5239152321,0.0021975527,-0.5240564325],"bounding_box":[[[-0.6259715377],[0.4821381615]],[[1.4310763982],[1.1568678435]]],"chebXc":[-0.09414535,0.8393432495],"dim":2,"fulldim":true,"minrep":true,"vertices":null},"9":{"A":[[-1.0,0.0],[0.0,-1.0],[0.8802975085,0.4744220659],[0.4026783785,0.9153415338]],"b":[1.1917389382,0.6364710977,-0.0021975527,-0.1013069957],"bounding_box":[[[-1.1917389382],[-0.6364710977]],[[0.3405194011],[0.4135948098]]],"chebXc":[-0.7770880833,-0.2218202428],"dim":2,"fulldim":true,"minrep":true,"vertices":null},"10":{"A":[[-1.0,0.0],[0.0,1.0],[0.8802975085,0.4744220659],[-0.4026783785,-0.9153415338]],"b":[1.1917389382,1.1568678435,-0.0021975527,0.1013069957],"bounding_box":[[[-1.1917389382],[-0.1436320106]],[[0.0749117677],[1.1568678435]]],"chebXc":[-0.8032861428,0.6670862608],"dim":2,"fulldim":true,"minrep":true,"vertices":null},"11":{"A":[[1.0,0.0],[0.0,-1.0],[-0.8500865854,-0.5266429505],[-0.0659762524,0.9978211935]],"b":[2.2281526633,0.6364710977,-1.3682127961,-0.193884134],"bounding_box":[[[1.6618030686],[-0.6364710977]],[[2.2281526633],[-0.0469813348]]],"chebXc":[2.0204321693,-0.2688899445],"dim":2,"fulldim":true,"minrep":true,"vertices":null},"12":{"A":[[1.0,0.0],[0.0,1.0],[-0.9918194315,-0.1276487966],[-0.8500865854,-0.5266429505],[0.0659762524,-0.9978211935]],"b":[2.2281526633,1.1568678435,-1.5239152321,-1.3682127961,0.193884134],"bounding_box":[[[1.3875937498],[-0.0844285488]],[[2.2281526633],[1.1568678435]]],"chebXc":[1.8348074587,0.763522639],"dim":2,"fulldim":true,"minrep":true,"vertices":null},"13":{"A":[[0.0,-1.0],[0.9918194315,0.1276487966],[-0.8802975085,-0.4744220659],[-0.1951085089,0.9807816626],[0.5428224465,0.8398474811]],"b":[0.6364710977,1.5239152321,0.0021975527,0.5240564325,0.4799049696],"bounding_box":[[[-0.262336918],[-0.6364710977]],[[1.6183994292],[0.5430552522]]],"chebXc":[0.5694125437,-0.253094913],"dim":2,"fulldim":true,"minrep":true,"vertices":null},"14":{"A":[[0.9918194315,0.1276487966],[-0.1951085089,0.9807816626],[-0.5428224465,-0.8398474811]],"b":[1.5239152321,0.5240564325,-0.4799049696],"bounding_box":[[[0.0438843015],[-0.459922177]],[[1.5956772919],[0.819011657]]],"chebXc":[1.0892263147,0.3434099874],"dim":2,"fulldim":true,"minrep":true,"vertices":null},"15":{"A":[[0.0,1.0],[-0.8802975085,-0.4744220659],[0.1951085089,-0.9807816626],[0.9630789412,-0.2692191541]],"b":[1.1568678435,0.0021975527,-0.5240564325,0.2217449794],"bounding_box":[[[-0.6259715377],[0.4821381615]],[[0.5536368192],[1.1568678435]]],"chebXc":[-0.09414535,0.8393432495],"dim":2,"fulldim":true,"minrep":true,"vertices":null},"16":{"A":[[0.0,1.0],[0.9918194315,0.1276487966],[0.1951085089,-0.9807816626],[-0.9630789412,0.2692191541]],"b":[1.1568678435,1.5239152321,-0.5240564325,-0.2217449794],"bounding_box":[[[0.4019642008],[0.6142886754]],[[1.4310763982],[1.1568678435]]],"chebXc":[0.7327681508,0.9207948618],"dim":2,"fulldim":true,"minrep":true,"vertices":null},"17":{"A":[[-1.0,0.0],[0.4026783785,0.9153415338],[-0.0014624854,-0.9999989306]],"b":[1.1917389382,-0.1013069957,-0.122191842],"bounding_box":[[[-1.1917389382],[0.12296871]],[[-0.5311071434],[0.4135948098]]],"chebXc":[-1.0772917488,0.2382148098],"dim":2,"fulldim":true,"minrep":true,"vertices":null},"18":{"A":[[-1.0,0.0],[0.0,-1.0],[0.8802975085,0.4744220659],[0.4026783785,0.9153415338],[0.0014624854,0.9999989306]],"b":[1.1917389382,0.6364710977,-0.0021975527,-0.1013069957,0.122191842],"bounding_box":[[[-1.1917389382],[-0.6364710977]],[[0.3405194011],[0.1239348754]]],"chebXc":[-0.8118139725,-0.256546132],"dim":2,"fulldim":true,"minrep":true,"vertices":null},"19":{"A":[[0.0,1.0],[0.8802975085,0.4744220659],[-0.4026783785,-0.9153415338],[-0.9904603634,-0.1377979266]],"b":[1.1568678435,-0.0021975527,0.1013069957,0.6017048683],"bounding_box":[[[-0.7684495884],[-0.1436320106]],[[0.0749117677],[1.1568678435]]],"chebXc":[-0.4276309789,0.3202959741],"dim":2,"fulldim":true,"minrep":true,"vertices":null},"20":{"A":[[-1.0,0.0],[0.0,1.0],[-0.4026783785,-0.9153415338],[0.9904603634,0.1377979266]],"b":[1.1917389382,1.1568678435,0.1013069957,-0.6017048683],"bounding_box":[[[-1.1917389382],[0.1667834928]],[[-0.6307039746],[1.1568678435]]],"chebXc":[-0.9409808457,0.5772312503],