{"time":{"0":0.0,"1":0.0404336077,"2":0.0404336077,"3":0.356185909,"4":0.356185909,"5":0.6648125198,"6":0.6648125198,"7":0.6019609097,"8":0.6019609097,"9":0.5269554404,"10":0.5269554404,"11":0.7558571179,"12":0.7558571179,"13":1.3524183398,"14":1.3524183398,"15":1.6920417839,"16":1.6920417839,"17":0.6033471925,"18":0.6033471925,"19":2.6918387561,"20":2.6918387561,"21":0.9304596656,"22":0.9304596656,"23":1.4170296829,"24":1.4170296829,"25":1.3399468295,"26":1.3399468295,"27":4.8249919976,"28":4.8249919976,"29":3.0954293462,"30":3.0954293462,"31":2.7008562387,"32":2.7008562387,"33":3.8488856558,"34":3.8488856558,"35":4.3589415776,"36":4.3589415776},"father":{"0":"nan","1":0,"2":0,"3":1,"4":1,"5":2,"6":2,"7":3,"8":3,"9":4,"10":4,"11":5,"12":5,"13":7,"14":7,"15":8,"16":8,"17":9,"18":9,"19":10,"20":10,"21":12,"22":12,"23":14,"24":14,"25":17,"26":17,"27":19,"28":19,"29":20,"30":20,"31":25,"32":25,"33":26,"34":26,"35":32,"36":32},"part_number":{"0":0,"1":1,"2":2,"3":3,"4":4,"5":5,"6":6,"7":7,"8":8,"9":9,"10":10,"11":11,"12":12,"13":13,"14":14,"15":15,"16":16,"17":17,"18":18,"19":19,"20":20,"21":21,"22":22,"23":23,"24":24,"25":25,"26":26,"27":27,"28":28,"29":29,"30":30,"31":31,"32":32,"33":33,"34":34,"35":35,"36":36},"polytope":{"0":{"A":[[1.0,0.0],[-1.0,0.0],[0.0,1.0],[0.0,-1.0]],"b":[2.2281526633,1.1917389382,1.1568678435,0.6364710977],"bounding_box":[[[-1.1917389382],[-0.6364710977]],[[2.2281526633],[1.1568678435]]],"chebXc":[0.0,0.2601983729],"dim":2,"fulldim":true,"minrep":false,"vertices":null},"1":{"A":[[-1.0,0.0],[0.0,1.0],[0.0,-1.0],[0.9766231926,0.2149584602]],"b":[1.1917389382,1.1568678435,0.6364710977,1.4305345577],"bounding_box":[[[-1.1917389382],[-0.6364710977]],[[1.6048660493],[1.1568678435]]],"chebXc":[0.0,0.2601983729],"dim":2,"fulldim":true,"minrep":true,"vertices":null},"2":{"A":[[1.0,0.0],[0.0,1.0],[0.0,-1.0],[-0.9766231926,-0.2149584602]],"b":[2.2281526633,1.1568678435,0.6364710977,-1.4305345577],"bounding_box":[[[1.2101453624],[-0.6364710977]],[[2.2281526633],[1.1568678435]]],"chebXc":[1.774503337,0.7032185172],"dim":2,"fulldim":true,"minrep":true,"vertices":null},"3":{"A":[[-1.0,0.0],[0.0,1.0],[0.0,-1.0],[0.9994728017,0.032467193]],"b":[1.1917389382,1.1568678435,0.6364710977,-0.4350836537],"bounding_box":[[[-1.1917389382],[-0.6364710977]],[[-0.4146378201],[1.1568678435]]],"chebXc":[-0.8094976153,-0.2542297748],"dim":2,"fulldim":true,"minrep":true,"vertices":null},"4":{"A":[[0.0,1.0],[0.0,-1.0],[0.9766231926,0.2149584602],[-0.9994728017,-0.032467193]],"b":[1.1568678435,0.6364710977,1.4305345577,0.4350836537],"bounding_box":[[[-0.4728932137],[-0.6364710977]],[[1.6048660493],[1.1568678435]]],"chebXc":[0.4533769256,0.2601983729],"dim":2,"fulldim":true,"minrep":true,"vertices":null},"5":{"A":[[1.0,0.0],[0.0,1.0],[0.0,-1.0],[-0.9766231926,-0.2149584602],[-0.8500865854,-0.5266429505]],"b":[2.2281526633,1.1568678435,0.6364710977,-1.4305345577,-1.3682127961],"bounding_box":[[[1.2101453624],[-0.6364710977]],[[2.2281526633],[1.1568678435]]],"chebXc":[1.774503337,0.7032185172],"dim":2,"fulldim":true,"minrep":true,"vertices":null},"6":{"A":[[0.0,-1.0],[-0.9766231926,-0.2149584602],[0.8500865854,0.5266429505]],"b":[0.6364710977,-1.4305345577,1.3682127961],"bounding_box":[[[1.3850247825],[-0.6364710977]],[[2.003802721],[0.3623362049]]],"chebXc":[1.7282180793,-0.4830162202],"dim":2,"fulldim":true,"minrep":true,"vertices":null},"7":{"A":[[-1.0,0.0],[0.0,-1.0],[0.9994728017,0.032467193],[0.0563451257,0.9984113515]],"b":[1.1917389382,0.6364710977,-0.4350836537,0.2689916007],"bounding_box":[[[-1.1917389382],[-0.6364710977]],[[-0.4146378201],[0.3366751394]]],"chebXc":[-0.8094976153,-0.2542297748],"dim":2,"fulldim":true,"minrep":true,"vertices":null},"8":{"A":[[-1.0,0.0],[0.0,1.0],[0.9994728017,0.032467193],[-0.0563451257,-0.9984113515]],"b":[1.1917389382,1.1568678435,-0.4350836537,-0.2689916007],"bounding_box":[[[-1.1917389382],[0.294526355]],[[-0.444880638],[1.1568678435]]],"chebXc":[-0.8247253365,0.6835603924],"dim":2,"fulldim":true,"minrep":true,"vertices":null},"9":{"A":[[0.0,-1.0],[0.9766231926,0.2149584602],[-0.9994728017,-0.032467193],[-0.0737109581,0.9972796472]],"b":[0.6364710977,1.4305345577,0.4350836537,0.6415188762],"bounding_box":[[[-0.455116572],[-0.6364710977]],[[1.6048660493],[0.7395029131]]],"chebXc":[0.7743732203,0.031106095],"dim":2,"fulldim":true,"minrep":true,"vertices":null},"10":{"A":[[0.0,1.0],[0.9766231926,0.2149584602],[-0.9994728017,-0.032467193],[0.0737109581,-0.9972796472]],"b":[1.1568678435,1.4305345577,0.4350836537,-0.6415188762],"bounding_box":[[[-0.4728932137],[0.6096302069]],[[1.3020089629],[1.1568678435]]],"chebXc":[-0.2003398349,0.89302441],"dim":2,"fulldim":true,"minrep":true,"vertices":null},"11":{"A":[[1.0,0.0],[0.0,-1.0],[-0.8500865854,-0.5266429505],[0.4690498128,0.8831717121]],"b":[2.2281526633,0.6364710977,-1.3682127961,0.7906808599],"bounding_box":[[[1.5721276792],[-0.6364710977]],[[2.2281526633],[0.0603219799]]],"chebXc":[2.0554525162,-0.3919157514],"dim":2,"fulldim":true,"minrep":true,"vertices":null},"12":{"A":[[1.0,0.0],[0.0,1.0],[-0.9766231926,-0.2149584602],[-0.8500865854,-0.5266429505],[-0.4690498128,-0.8831717121]],"b":[2.2281526633,1.1568678435,-1.4305345577,-1.3682127961,-0.7906808599],"bounding_box":[[[1.2101453624],[-0.2880908958]],[[2.2281526633],[1.1568678435]]],"chebXc":[1.774503337,0.7032185172],"dim":2,"fulldim":true,"minrep":true,"vertices":null},"13":{"A":[[-1.0,0.0],[0.0,-1.0],[0.9994728017,0.032467193],[-0.0569516852,0.9983769356]],"b":[1.1917389382,0.6364710977,-0.4350836537,0.2198810433],"bounding_box":[[[-1.1917389382],[-0.6364710977]],[[-0.4146378201],[0.195044956]]],"chebXc":[-0.8094976153,-0.2542297748],"dim":2,"fulldim":true,"minrep":true,"vertices":null},"14":{"A":[[-1.0,0.0],[0.9994728017,0.032467193],[0.0563451257,0.9984113515],[0.0569516852,-0.9983769356]],"b":[1.1917389382,-0.4350836537,0.2689916007,-0.2198810433],"bounding_box":[[[-1.1917389382],[0.1522566247]],[[-0.4416490526],[0.3366751394]]],"chebXc":[-1.1046132855,0.2444939373],"dim":2,"fulldim":true,"minrep":true,"vertices":null},"15":{"A":[[0.0,1.0],[0.9994728017,0.032467193],[-0.0563451257,-0.9984113515],[-0.8399716374,-0.5426303054]],"b":[1.1568678435,-0.4350836537,-0.2689916007,0.2684041787],"bounding_box":[[[-1.0668880828],[0.294526355]],[[-0.444880638],[1.1568678435]]],"chebXc":[-0.6779202611,0.9450724853],"dim":2,"fulldim":true,"minrep":true,"vertices":null},"16":{"A":[[-1.0,0.0],[0.0,1.0],[-0.0563451257,-0.9984113515],[0.8399716374,0.5426303054]],"b":[1.1917389382,1.1568678435,-0.2689916007,-0.2684041787],"bounding_box":[[[-1.1917389382],[0.2983290763]],[[-0.5122632209],[1.1568678435]]],"chebXc":[-0.9580077476,0.5575876691],"dim":2,"fulldim":true,"minrep":true,"vertices":null},"17":{"A":[[0.0,-1.0],[0.9766231926,0.2149584602],[-0.9994728017,-0.032467193],[-0.0737109581,0.9972796472],[0.5856565221,0.8105593366]],"b":[0.6364710977,1.4305345577,0.4350836537,0.6415188762,0.5432625282],"bounding_box":[[[-0.455116572],[-0.6364710977]],[[1.6048660493],[0.6457710107]]],"chebXc":[0.1154937182,-0.0888389657],"dim":2,"fulldim":true,"minrep":true,"vertices":null},"18":{"A":[[0.9766231926,0.2149584602],[-0.0737109581,0.9972796472],[-0.5856565221,-0.8105593366]],"b":[1.4305345577,0.6415188762,-0.5432625282],"bounding_box":[[[0.0338539834],[-0.4615145523]],[[1.5663574516],[0.7395029131]]],"chebXc":[1.0234641231,0.3655322695],"dim":2,"fulldim":true,"minrep":true,"vertices":null},"19":{"A":[[0.0,1.0],[-0.9994728017,-0.032467193],[0.0737109581,-0.9972796472],[0.9288104607,-0.370555162]],"b":[1.1568678435,0.4350836537,-0.6415188762,0.0666362322],"bounding_box":[[[-0.4728932137],[0.6096302069]],[[0.5332838124],[1.1568678435]]],"chebXc":[-0.2003398349,0.89302441],"dim":2,"fulldim":true,"minrep":true,"vertices":null},"20":{"A":[[0.0,1.0],[0.9766231926,0.2149584602],[0.0737109581,-0.9972796472],[-0.9288104607,0.370555162]],"b":[1.1568678435,1.4305345577,-0.6415188762,-0.0666362322],