{"time":{"0":0.0,"1":0.5426638253,"2":0.5426638253,"3":0.574069332,"4":0.574069332,"5":1.4588235878,"6":1.4588235878,"7":0.5970473924,"8":0.5970473924,"9":0.8229516344,"10":0.8229516344,"11":2.0723144743,"12":2.0723144743,"13":0.7588615219,"14":0.7588615219,"15":1.7560984714,"16":1.7560984714,"17":1.189442686,"18":1.189442686,"19":4.5437828523,"20":4.5437828523,"21":2.8609162729,"22":2.8609162729,"23":1.2547488028,"24":1.2547488028,"25":3.6075253195,"26":3.6075253195,"27":3.0682128727,"28":3.0682128727,"29":3.4175511582,"30":3.4175511582,"31":2.5239823678,"32":2.5239823678,"33":4.0077112954,"34":4.0077112954},"father":{"0":"nan","1":0,"2":0,"3":1,"4":1,"5":2,"6":2,"7":3,"8":3,"9":4,"10":4,"11":5,"12":5,"13":7,"14":7,"15":8,"16":8,"17":9,"18":9,"19":10,"20":10,"21":11,"22":11,"23":13,"24":13,"25":15,"26":15,"27":22,"28":22,"29":23,"30":23,"31":24,"32":24,"33":31,"34":31},"part_number":{"0":0,"1":1,"2":2,"3":3,"4":4,"5":5,"6":6,"7":7,"8":8,"9":9,"10":10,"11":11,"12":12,"13":13,"14":14,"15":15,"16":16,"17":17,"18":18,"19":19,"20":20,"21":21,"22":22,"23":23,"24":24,"25":25,"26":26,"27":27,"28":28,"29":29,"30":30,"31":31,"32":32,"33":33,"34":34},"polytope":{"0":{"A":[[1.0,0.0],[-1.0,0.0],[0.0,1.0],[0.0,-1.0]],"b":[2.2281526633,1.1917389382,1.1568678435,0.6364710977],"bounding_box":[[[-1.1917389382],[-0.6364710977]],[[2.2281526633],[1.1568678435]]],"chebXc":[0.0,0.2601983729],"dim":2,"fulldim":true,"minrep":false,"vertices":null},"1":{"A":[[-1.0,0.0],[0.0,1.0],[0.0,-1.0],[0.8145540918,0.5800876067]],"b":[1.1917389382,1.1568678435,0.6364710977,1.1080396771],"bounding_box":[[[-1.1917389382],[-0.6364710977]],[[1.8135673097],[1.1568678435]]],"chebXc":[0.0,0.2601983729],"dim":2,"fulldim":true,"minrep":true,"vertices":null},"2":{"A":[[1.0,0.0],[0.0,1.0],[0.0,-1.0],[-0.8145540918,-0.5800876067]],"b":[2.2281526633,1.1568678435,0.6364710977,-1.1080396771],"bounding_box":[[[0.5364345755],[-0.6364710977]],[[2.2281526633],[1.1568678435]]],"chebXc":[1.6527029451,0.5814181253],"dim":2,"fulldim":true,"minrep":true,"vertices":null},"3":{"A":[[0.0,1.0],[0.0,-1.0],[0.8145540918,0.5800876067],[-0.9999947403,0.0032433544]],"b":[1.1568678435,0.6364710977,1.1080396771,0.4322431401],"bounding_box":[[[-0.4343097258],[-0.6364710977]],[[1.8135673097],[1.1568678435]]],"chebXc":[0.3319585849,0.1273159506],"dim":2,"fulldim":true,"minrep":true,"vertices":null},"4":{"A":[[-1.0,0.0],[0.0,1.0],[0.0,-1.0],[0.9999947403,-0.0032433544]],"b":[1.1917389382,1.1568678435,0.6364710977,-0.4322431401],"bounding_box":[[[-1.1917389382],[-0.6364710977]],[[-0.4284932614],[1.1568678435]]],"chebXc":[-0.8107349705,0.7758638758],"dim":2,"fulldim":true,"minrep":true,"vertices":null},"5":{"A":[[1.0,0.0],[0.0,1.0],[0.0,-1.0],[-0.8145540918,-0.5800876067],[-0.9910291692,-0.1336457471]],"b":[2.2281526633,1.1568678435,0.6364710977,-1.1080396771,-1.6303342188],"bounding_box":[[[1.4890820546],[-0.6364710977]],[[2.2281526633],[1.1568678435]]],"chebXc":[1.8834220291,0.8121372094],"dim":2,"fulldim":true,"minrep":true,"vertices":null},"6":{"A":[[0.0,1.0],[-0.8145540918,-0.5800876067],[0.9910291692,0.1336457471]],"b":[1.1568678435,-1.1080396771,1.6303342188],"bounding_box":[[[0.5364345755],[-0.4933152174]],[[1.7116183381],[1.1568678435]]],"chebXc":[1.1931344776,0.8183311763],"dim":2,"fulldim":true,"minrep":true,"vertices":null},"7":{"A":[[0.0,-1.0],[0.8145540918,0.5800876067],[-0.9999947403,0.0032433544],[-0.0737109581,0.9972796472]],"b":[0.6364710977,1.1080396771,0.4322431401,0.6415188762],"bounding_box":[[[-0.4343097258],[-0.6364710977]],[[1.8135673097],[0.70661746]]],"chebXc":[0.5356766699,0.0222968371],"dim":2,"fulldim":true,"minrep":true,"vertices":null},"8":{"A":[[0.0,1.0],[0.8145540918,0.5800876067],[-0.9999947403,0.0032433544],[0.0737109581,-0.9972796472]],"b":[1.1568678435,1.1080396771,0.4322431401,-0.6415188762],"bounding_box":[[[-0.4302621982],[0.611467244]],[[0.8570819948],[1.1568678435]]],"chebXc":[-0.166740185,0.8942644278],"dim":2,"fulldim":true,"minrep":true,"vertices":null},"9":{"A":[[-1.0,0.0],[0.0,-1.0],[0.9999947403,-0.0032433544],[0.6268695775,0.7791242088]],"b":[1.1917389382,0.6364710977,-0.4322431401,-0.3166259124],"bounding_box":[[[-1.1917389382],[-0.6364710977]],[[-0.4324350126],[0.5524651494]]],"chebXc":[-0.8123818282,-0.2396608486],"dim":2,"fulldim":true,"minrep":true,"vertices":null},"10":{"A":[[-1.0,0.0],[0.0,1.0],[0.9999947403,-0.0032433544],[-0.6268695775,-0.7791242088]],"b":[1.1917389382,1.1568678435,-0.4322431401,0.3166259124],"bounding_box":[[[-1.1917389382],[-0.0584573784]],[[-0.4284932614],[1.1568678435]]],"chebXc":[-0.8107349705,0.7758638758],"dim":2,"fulldim":true,"minrep":true,"vertices":null},"11":{"A":[[1.0,0.0],[0.0,1.0],[-0.9910291692,-0.1336457471],[0.1036855972,-0.9946101231]],"b":[2.2281526633,1.1568678435,-1.6303342188,0.2710942939],"bounding_box":[[[1.4890820546],[-0.0996655452]],[[2.2281526633],[1.1568678435]]],"chebXc":[1.8834220291,0.8121372094],"dim":2,"fulldim":true,"minrep":true,"vertices":null},"12":{"A":[[1.0,0.0],[0.0,-1.0],[-0.8145540918,-0.5800876067],[-0.9910291692,-0.1336457471],[-0.1036855972,0.9946101231]],"b":[2.2281526633,0.6364710977,-1.1080396771,-1.6303342188,-0.2710942939],"bounding_box":[[[1.6585325095],[-0.6364710977]],[[2.2281526633],[-0.0402840806]]],"chebXc":[1.9605708049,-0.3372107218],"dim":2,"fulldim":true,"minrep":true,"vertices":null},"13":{"A":[[0.0,-1.0],[0.8145540918,0.5800876067],[-0.9999947403,0.0032433544],[-0.0737109581,0.9972796472],[0.5039868313,0.8637113371]],"b":[0.6364710977,1.1080396771,0.4322431401,0.6415188762,0.4725970576],"bounding_box":[[[-0.4343097258],[-0.6364710977]],[[1.8135673097],[0.6324647558]]],"chebXc":[0.091256625,-0.1126065894],"dim":2,"fulldim":true,"minrep":true,"vertices":null},"14":{"A":[[0.8145540918,0.5800876067],[-0.0737109581,0.9972796472],[-0.5039868313,-0.8637113371]],"b":[1.1080396771,0.6415188762,-0.4725970576],"bounding_box":[[[-0.1461742999],[-0.421908253]],[[1.6607656132],[0.70661746]]],"chebXc":[0.7273926287,0.4304891545],"dim":2,"fulldim":true,"minrep":true,"vertices":null},"15":{"A":[[0.0,1.0],[0.8145540918,0.5800876067],[-0.9999947403,0.0032433544],[0.0737109581,-0.9972796472],[0.9289189528,-0.3702831067]],"b":[1.1568678435,1.1080396771,0.4322431401,-0.6415188762,0.0843142222],"bounding_box":[[[-0.4302621982],[0.611467244]],[[0.5463586015],[1.1568678435]]],"chebXc":[-0.166740185,0.8942644278],"dim":2,"fulldim":true,"minrep":true,"vertices":null},"16":{"A":[[0.8145540918,0.5800876067],[0.0737109581,-0.9972796472],[-0.9289189528,0.3702831067]],"b":[1.1080396771,-0.6415188762,-0.0843142222],"bounding_box":[[[0.3577234572],[0.6697088593]],[[0.8570819948],[1.1429326104]]],"chebXc":[0.5833950433,0.8351601936],"dim":2,"fulldim":true,"minrep":true,"vertices":null},"17":{"A":[[-1.0,0.0],[0.0,-1.0],[0.9999947403,-0.0032433544],[0.6268695775,0.7791242088],[-0.9445389609,0.3283993779]],"b":[1.1917389382,0.6364710977,-0.4322431401,-0.3166259124,0.9602235072],"bounding_box":[[[-1.1917389382],[-0.6364710977]],[[-0.4324350126],[0.3215936198]]],"chebXc":[-0.7676137065,-0.3020843354],"dim":2,"fulldim":true,"minrep":true,"vertices":null},"18":{"A":[[-1.0,0.0],[0.6268695775,0.7791242088],[0.9445389609,-0.3283993779]],"b":[1.1917389382,-0.3166259124,-0.9602235072],"bounding_box":[[[-1.1917389382],[-0.5037170054]],[[-0.9047931297],[0.5524651494]]],"chebXc":[-1.0598700822,0.2771131225],"dim":2,"fulldim":true,"minrep":true,"vertices":null},"19":{"A":[[0.0,1.0],[0.9999947403,-0.0032433544],[-0.6268695775,-0.7791242088],[-0.9920309422,-0.1259944825]],"b":[1.1568678435,-0.4322431401,0.3166259124,0.6141140194],"bounding_box":[[[-0.7659771004],[-0.0584573784]],[[-0.4284932614],[1.1568678435]]],"chebXc":[-0.5868349583,0.9990388747],"dim":2,"fulldim":true,"minrep":true,"vertices":null},"20":{"A":[[-1.0,0.0],[0.0,1.0],[-0.6268695775,-0.7791242088],[0.9920309422,0.1259944825]],"b":[1.1917389382,1.1568678435,0.3166259124,-0.6141140194],"bounding_box":[[[-1.1917389382],[0.102123219]],[[-0.632017566],[1.1568678435]]],