{"time":{"0":0.0,"1":0.0099762062,"2":0.0099762062,"3":0.0552206909,"4":0.0552206909,"5":0.4383358112,"6":0.4383358112,"7":0.1253732016,"8":0.1253732016,"9":0.087068965,"10":0.087068965,"11":1.2569756191,"12":1.2569756191,"13":2.8062536603,"14":2.8062536603,"15":0.4110029012,"16":0.4110029012,"17":0.6089347343,"18":0.6089347343,"19":2.8032641426,"20":2.8032641426,"21":3.1526385268,"22":3.1526385268,"23":4.8864713694,"24":4.8864713694,"25":0.5733357305,"26":0.5733357305,"27":3.9212802454,"28":3.9212802454,"29":2.7763681125,"30":2.7763681125,"31":3.0325435683,"32":3.0325435683,"33":4.455142669,"34":4.455142669,"35":3.8508980905,"36":3.8508980905},"father":{"0":"nan","1":0,"2":0,"3":1,"4":1,"5":2,"6":2,"7":3,"8":3,"9":4,"10":4,"11":5,"12":5,"13":7,"14":7,"15":9,"16":9,"17":10,"18":10,"19":11,"20":11,"21":13,"22":13,"23":15,"24":15,"25":16,"26":16,"27":17,"28":17,"29":18,"30":18,"31":20,"32":20,"33":21,"34":21,"35":29,"36":29},"part_number":{"0":0,"1":1,"2":2,"3":3,"4":4,"5":5,"6":6,"7":7,"8":8,"9":9,"10":10,"11":11,"12":12,"13":13,"14":14,"15":15,"16":16,"17":17,"18":18,"19":19,"20":20,"21":21,"22":22,"23":23,"24":24,"25":25,"26":26,"27":27,"28":28,"29":29,"30":30,"31":31,"32":32,"33":33,"34":34,"35":35,"36":36},"polytope":{"0":{"A":[[1.0,0.0],[-1.0,0.0],[0.0,1.0],[0.0,-1.0]],"b":[2.2281526633,1.1917389382,1.1568678435,0.6364710977],"bounding_box":[[[-1.1917389382],[-0.6364710977]],[[2.2281526633],[1.1568678435]]],"chebXc":[0.0,0.2601983729],"dim":2,"fulldim":true,"minrep":false,"vertices":null},"1":{"A":[[-1.0,0.0],[0.0,1.0],[0.0,-1.0],[0.9317558766,0.3630853706]],"b":[1.1917389382,1.1568678435,0.6364710977,1.245128069],"bounding_box":[[[-1.1917389382],[-0.6364710977]],[[1.5843435501],[1.1568678435]]],"chebXc":[0.0,0.2601983729],"dim":2,"fulldim":true,"minrep":true,"vertices":null},"2":{"A":[[1.0,0.0],[0.0,1.0],[0.0,-1.0],[-0.9317558766,-0.3630853706]],"b":[2.2281526633,1.1568678435,0.6364710977,-1.245128069],"bounding_box":[[[0.8855176554],[-0.6364710977]],[[2.2281526633],[1.1568678435]]],"chebXc":[1.6830134035,0.6117285838],"dim":2,"fulldim":true,"minrep":true,"vertices":null},"3":{"A":[[0.0,-1.0],[0.9317558766,0.3630853706],[-0.698076142,0.7160235331]],"b":[0.6364710977,1.245128069,-0.0305832029],"bounding_box":[[[-0.6090239383],[-0.6364710977]],[[1.5843435501],[0.9131865289]]],"chebXc":[0.7660294519,-0.0771011665],"dim":2,"fulldim":true,"minrep":true,"vertices":null},"4":{"A":[[-1.0,0.0],[0.0,1.0],[0.0,-1.0],[0.9317558766,0.3630853706],[0.698076142,-0.7160235331]],"b":[1.1917389382,1.1568678435,0.6364710977,1.245128069,0.0305832029],"bounding_box":[[[-1.1917389382],[-0.6364710977]],[[0.9804750607],[1.1568678435]]],"chebXc":[-0.491331933,0.4564608383],"dim":2,"fulldim":true,"minrep":true,"vertices":null},"5":{"A":[[1.0,0.0],[0.0,1.0],[0.0,-1.0],[-0.8500865854,-0.5266429505]],"b":[2.2281526633,1.1568678435,0.6364710977,-1.3682127961],"bounding_box":[[[0.8927990568],[-0.6364710977]],[[2.2281526633],[1.1568678435]]],"chebXc":[1.7505357656,0.6792509458],"dim":2,"fulldim":true,"minrep":true,"vertices":null},"6":{"A":[[0.0,1.0],[0.0,-1.0],[-0.9317558766,-0.3630853706],[0.8500865854,0.5266429505]],"b":[1.1568678435,0.6364710977,-1.245128069,1.3682127961],"bounding_box":[[[0.8855176554],[-0.6364710977]],[[2.003802721],[1.1568678435]]],"chebXc":[1.6999858378,-0.4672955503],"dim":2,"fulldim":true,"minrep":true,"vertices":null},"7":{"A":[[0.0,-1.0],[0.9317558766,0.3630853706],[-0.698076142,0.7160235331],[0.4647372735,0.8854486245]],"b":[0.6364710977,1.245128069,-0.0305832029,0.3898472601],"bounding_box":[[[-0.6090239383],[-0.6364710977]],[[1.5843435501],[0.2712557963]]],"chebXc":[0.3948003576,-0.2281166794],"dim":2,"fulldim":true,"minrep":true,"vertices":null},"8":{"A":[[0.9317558766,0.3630853706],[-0.698076142,0.7160235331],[-0.4647372735,-0.8854486245]],"b":[1.245128069,-0.0305832029,-0.3898472601],"bounding_box":[[[0.3220404236],[-0.3282350174]],[[1.464230531],[0.9131865289]]],"chebXc":[0.8583884526,0.3494031694],"dim":2,"fulldim":true,"minrep":true,"vertices":null},"9":{"A":[[-1.0,0.0],[0.0,1.0],[0.0,-1.0],[0.698076142,-0.7160235331],[0.8707625787,0.491703703]],"b":[1.1917389382,1.1568678435,0.6364710977,0.0305832029,0.0331672066],"bounding_box":[[[-1.1917389382],[-0.6364710977]],[[0.0401210775],[1.1568678435]]],"chebXc":[-0.6440720771,0.0942319692],"dim":2,"fulldim":true,"minrep":true,"vertices":null},"10":{"A":[[0.0,1.0],[0.9317558766,0.3630853706],[0.698076142,-0.7160235331],[-0.8707625787,-0.491703703]],"b":[1.1568678435,1.245128069,0.0305832029,-0.0331672066],"bounding_box":[[[-0.6151722744],[-0.0035971385]],[[0.9804750607],[1.1568678435]]],"chebXc":[0.1427864026,0.7144193527],"dim":2,"fulldim":true,"minrep":true,"vertices":null},"11":{"A":[[1.0,0.0],[0.0,1.0],[-0.8500865854,-0.5266429505],[0.1036855972,-0.9946101231]],"b":[2.2281526633,1.1568678435,-1.3682127961,0.2710942939],"bounding_box":[[[0.8927990568],[-0.0984209269]],[[2.2281526633],[1.1568678435]]],"chebXc":[1.7505357656,0.6792509458],"dim":2,"fulldim":true,"minrep":true,"vertices":null},"12":{"A":[[1.0,0.0],[0.0,-1.0],[-0.8500865854,-0.5266429505],[-0.1036855972,0.9946101231]],"b":[2.2281526633,0.6364710977,-1.3682127961,-0.2710942939],"bounding_box":[[[1.6704715824],[-0.6364710977]],[[2.2281526633],[-0.0402840806]]],"chebXc":[2.020842026,-0.2703297631],"dim":2,"fulldim":true,"minrep":true,"vertices":null},"13":{"A":[[0.0,-1.0],[-0.698076142,0.7160235331],[0.4647372735,0.8854486245],[0.9699711807,0.2432198771]],"b":[0.6364710977,-0.0305832029,0.3898472601,1.1085807373],"bounding_box":[[[-0.6090239383],[-0.6364710977]],[[1.3024955633],[0.2712557963]]],"chebXc":[0.3948003576,-0.2281166794],"dim":2,"fulldim":true,"minrep":true,"vertices":null},"14":{"A":[[0.0,-1.0],[0.9317558766,0.3630853706],[0.4647372735,0.8854486245],[-0.9699711807,-0.2432198771]],"b":[0.6364710977,1.245128069,0.3898472601,-1.1085807373],"bounding_box":[[[1.1889801688],[-0.6364710977]],[[1.5843435501],[-0.1837668921]]],"chebXc":[1.4005283563,-0.5108216771],"dim":2,"fulldim":true,"minrep":true,"vertices":null},"15":{"A":[[-1.0,0.0],[0.0,-1.0],[0.698076142,-0.7160235331],[0.8707625787,0.491703703],[0.4235417433,0.9058765875]],"b":[1.1917389382,0.6364710977,0.0305832029,0.0331672066,0.0243646078],"bounding_box":[[[-1.1917389382],[-0.6364710977]],[[0.0401210775],[0.5840925823]]],"chebXc":[-0.7381052272,-0.1287711044],"dim":2,"fulldim":true,"minrep":true,"vertices":null},"16":{"A":[[-1.0,0.0],[0.0,1.0],[0.8707625787,0.491703703],[-0.4235417433,-0.9058765875]],"b":[1.1917389382,1.1568678435,0.0331672066,-0.0243646078],"bounding_box":[[[-1.1917389382],[0.012347148]],[[0.0311176305],[1.1568678435]]],"chebXc":[-0.8220487342,0.8024677019],"dim":2,"fulldim":true,"minrep":true,"vertices":null},"17":{"A":[[0.0,1.0],[0.9317558766,0.3630853706],[0.698076142,-0.7160235331],[-0.8707625787,-0.491703703],[-0.207425353,-0.9782508487]],"b":[1.1568678435,1.245128069,0.0305832029,-0.0331672066,-0.655548009],"bounding_box":[[[-0.6151722744],[0.5427839125]],[[0.9804750607],[1.1568678435]]],"chebXc":[0.5078394412,0.8629224541],"dim":2,"fulldim":true,"minrep":true,"vertices":null},"18":{"A":[[0.698076142,-0.7160235331],[-0.8707625787,-0.491703703],[0.207425353,0.9782508487]],"b":[0.0305832029,-0.0331672066,0.655548009],"bounding_box":[[[-0.3866057653],[-0.0035971385]],[[0.6005494707],[0.7520973249]]],"chebXc":[0.0974115303,0.3970784529],"dim":2,"fulldim":true,"minrep":true,"vertices":null},"19":{"A":[[1.0,0.0],[0.0,1.0],[-0.8500865854,-0.5266429505],[0.1036855972,-0.9946101231],[0.8926420297,-0.4507662441]],"b":[2.2281526633,1.1568678435,-1.3682127961,0.2710942939,1.5530011796],"bounding_box":[[[0.8927990568],[-0.0984209269]],[[2.2281526633],[1.1568678435]]],"chebXc":[1.6440750346,0.7385318924],"dim":2,"fulldim":true,"minrep":true,"vertices":null},"20":{"A":[[1.0,0.0],[0.1036855972,-0.9946101231],[-0.8926420297,0.4507662441]],"b":[2.2281526633,0.2710942939,-1.5530011796],