{"time":{"0":0.0,"1":0.0590533447,"2":0.0590533447,"3":0.2187295215,"4":0.2187295215,"5":0.2138998457,"6":0.2138998457,"7":0.7623280284,"8":0.7623280284,"9":0.2416544933,"10":0.2416544933,"11":0.8918293002,"12":0.8918293002,"13":4.924303902,"14":4.924303902,"15":0.6811564852,"16":0.6811564852,"17":1.3271506144,"18":1.3271506144,"19":1.0250248149,"20":1.0250248149,"21":2.2215409572,"22":2.2215409572,"23":1.1422540237,"24":1.1422540237,"25":2.4159608027,"26":2.4159608027,"27":4.1386584414,"28":4.1386584414,"29":3.673639764,"30":3.673639764,"31":4.3983376664,"32":4.3983376664,"33":4.818802726,"34":4.818802726},"father":{"0":"nan","1":0,"2":0,"3":1,"4":1,"5":2,"6":2,"7":3,"8":3,"9":5,"10":5,"11":6,"12":6,"13":7,"14":7,"15":9,"16":9,"17":10,"18":10,"19":11,"20":11,"21":12,"22":12,"23":19,"24":19,"25":21,"26":21,"27":23,"28":23,"29":24,"30":24,"31":29,"32":29,"33":31,"34":31},"part_number":{"0":0,"1":1,"2":2,"3":3,"4":4,"5":5,"6":6,"7":7,"8":8,"9":9,"10":10,"11":11,"12":12,"13":13,"14":14,"15":15,"16":16,"17":17,"18":18,"19":19,"20":20,"21":21,"22":22,"23":23,"24":24,"25":25,"26":26,"27":27,"28":28,"29":29,"30":30,"31":31,"32":32,"33":33,"34":34},"polytope":{"0":{"A":[[1.0,0.0],[-1.0,0.0],[0.0,1.0],[0.0,-1.0]],"b":[2.2281526633,1.1917389382,1.1568678435,0.6364710977],"bounding_box":[[[-1.1917389382],[-0.6364710977]],[[2.2281526633],[1.1568678435]]],"chebXc":[0.0,0.2601983729],"dim":2,"fulldim":true,"minrep":false,"vertices":null},"1":{"A":[[1.0,0.0],[0.0,1.0],[0.0,-1.0],[-0.9976015695,-0.0692178341]],"b":[2.2281526633,1.1568678435,0.6364710977,-1.4772719641],"bounding_box":[[[1.400555212],[-0.6364710977]],[[2.2281526633],[1.1568678435]]],"chebXc":[1.8286922582,0.7574074384],"dim":2,"fulldim":true,"minrep":true,"vertices":null},"2":{"A":[[-1.0,0.0],[0.0,1.0],[0.0,-1.0],[0.9976015695,0.0692178341]],"b":[1.1917389382,1.1568678435,0.6364710977,1.4772719641],"bounding_box":[[[-1.1917389382],[-0.6364710977]],[[1.5249846848],[1.1568678435]]],"chebXc":[0.0,0.2601983729],"dim":2,"fulldim":true,"minrep":true,"vertices":null},"3":{"A":[[1.0,0.0],[0.0,1.0],[0.0,-1.0],[-0.9940952699,-0.1085108029]],"b":[2.2281526633,1.1568678435,0.6364710977,-1.6403872812],"bounding_box":[[[1.5238525607],[-0.6364710977]],[[2.2281526633],[1.1568678435]]],"chebXc":[1.8951652294,0.8238804097],"dim":2,"fulldim":true,"minrep":true,"vertices":null},"4":{"A":[[0.0,1.0],[0.0,-1.0],[-0.9976015695,-0.0692178341],[0.9940952699,0.1085108029]],"b":[1.1568678435,0.6364710977,-1.4772719641,1.6403872812],"bounding_box":[[[1.400555212],[-0.6364710977]],[[1.7196050748],[1.1568678435]]],"chebXc":[1.61364411,-0.5414469503],"dim":2,"fulldim":true,"minrep":true,"vertices":null},"5":{"A":[[-1.0,0.0],[0.0,1.0],[0.0,-1.0],[0.9998704917,-0.0160934742]],"b":[1.1917389382,1.1568678435,0.6364710977,-0.4335830976],"bounding_box":[[[-1.1917389382],[-0.6364710977]],[[-0.4150188232],[1.1568678435]]],"chebXc":[-0.8065041144,0.7716330197],"dim":2,"fulldim":true,"minrep":true,"vertices":null},"6":{"A":[[0.0,1.0],[0.0,-1.0],[0.9976015695,0.0692178341],[-0.9998704917,0.0160934742]],"b":[1.1568678435,0.6364710977,1.4772719641,0.4335830976],"bounding_box":[[[-0.4438836154],[-0.6364710977]],[[1.5249846848],[1.1568678435]]],"chebXc":[0.4673343925,0.2601983729],"dim":2,"fulldim":true,"minrep":true,"vertices":null},"7":{"A":[[1.0,0.0],[0.0,1.0],[-0.9940952699,-0.1085108029],[-0.6618162404,-0.7496661017]],"b":[2.2281526633,1.1568678435,-1.6403872812,-1.1584298042],"bounding_box":[[[1.5238525607],[-0.4217848635]],[[2.2281526633],[1.1568678435]]],"chebXc":[1.8951652294,0.8238804097],"dim":2,"fulldim":true,"minrep":true,"vertices":null},"8":{"A":[[1.0,0.0],[0.0,-1.0],[-0.9940952699,-0.1085108029],[0.6618162404,0.7496661017]],"b":[2.2281526633,0.6364710977,-1.6403872812,1.1584298042],"bounding_box":[[[1.639440287],[-0.6364710977]],[[2.2281526633],[0.0979390652]]],"chebXc":[1.9100125089,-0.4241486936],"dim":2,"fulldim":true,"minrep":true,"vertices":null},"9":{"A":[[-1.0,0.0],[0.0,-1.0],[0.9998704917,-0.0160934742],[0.2722751766,0.9622194283]],"b":[1.1917389382,0.6364710977,-0.4335830976,0.1132603508],"bounding_box":[[[-1.1917389382],[-0.6364710977]],[[-0.4297872284],[0.4549287488]]],"chebXc":[-0.8130817507,-0.0457430584],"dim":2,"fulldim":true,"minrep":true,"vertices":null},"10":{"A":[[-1.0,0.0],[0.0,1.0],[0.9998704917,-0.0160934742],[-0.2722751766,-0.9622194283]],"b":[1.1917389382,1.1568678435,-0.4335830976,-0.1132603508],"bounding_box":[[[-1.1917389382],[0.2393224846]],[[-0.4150188232],[1.1568678435]]],"chebXc":[-0.8065041144,0.7716330197],"dim":2,"fulldim":true,"minrep":true,"vertices":null},"11":{"A":[[0.0,-1.0],[0.9976015695,0.0692178341],[-0.9998704917,0.0160934742],[-0.1951085089,0.9807816626]],"b":[0.6364710977,1.4772719641,0.4335830976,0.5240564325],"bounding_box":[[[-0.4438836154],[-0.6364710977]],[[1.5249846848],[0.8176225361]]],"chebXc":[0.8173589756,0.0237578056],"dim":2,"fulldim":true,"minrep":true,"vertices":null},"12":{"A":[[0.0,1.0],[0.9976015695,0.0692178341],[-0.9998704917,0.0160934742],[0.1951085089,-0.9807816626]],"b":[1.1568678435,1.4772719641,0.4335830976,-0.5240564325],"bounding_box":[[[-0.4264043044],[0.4494999665]],[[1.4240934924],[1.1568678435]]],"chebXc":[-0.1018199528,0.8385872952],"dim":2,"fulldim":true,"minrep":true,"vertices":null},"13":{"A":[[1.0,0.0],[0.0,1.0],[-0.9940952699,-0.1085108029],[-0.6618162404,-0.7496661017],[0.8926420297,-0.4507662441]],"b":[2.2281526633,1.1568678435,-1.6403872812,-1.1584298042,1.5530011796],"bounding_box":[[[1.5238525607],[0.0064720192]],[[2.2281526633],[1.1568678435]]],"chebXc":[1.8494368082,0.8648889476],"dim":2,"fulldim":true,"minrep":true,"vertices":null},"14":{"A":[[1.0,0.0],[-0.6618162404,-0.7496661017],[-0.8926420297,0.4507662441]],"b":[2.2281526633,-1.1584298042,-1.5530011796],"bounding_box":[[[1.7430487202],[-0.4217848635]],[[2.2281526633],[0.9671122047]]],"chebXc":[2.0116605824,0.0581221979],"dim":2,"fulldim":true,"minrep":true,"vertices":null},"15":{"A":[[0.0,-1.0],[0.9998704917,-0.0160934742],[0.2722751766,0.9622194283],[-0.9595111738,0.2816705653]],"b":[0.6364710977,-0.4335830976,0.1132603508,0.9582304815],"bounding_box":[[[-1.1855053766],[-0.6364710977]],[[-0.4297872284],[0.3695946138]]],"chebXc":[-0.7584731899,-0.3167772811],"dim":2,"fulldim":true,"minrep":true,"vertices":null},"16":{"A":[[-1.0,0.0],[0.0,-1.0],[0.2722751766,0.9622194283],[0.9595111738,-0.2816705653]],"b":[1.1917389382,0.6364710977,0.1132603508,-0.9582304815],"bounding_box":[[[-1.1917389382],[-0.6364710977]],[[-0.8901684327],[0.4549287488]]],"chebXc":[-1.057346203,0.277230673],"dim":2,"fulldim":true,"minrep":true,"vertices":null},"17":{"A":[[0.0,1.0],[0.9998704917,-0.0160934742],[-0.2722751766,-0.9622194283],[-0.9904603634,-0.1377979266]],"b":[1.1568678435,-0.4335830976,-0.1132603508,0.6017048683],"bounding_box":[[[-0.7684495884],[0.2393224846]],[[-0.4150188232],[1.1568678435]]],"chebXc":[-0.5809163935,0.9936189994],"dim":2,"fulldim":true,"minrep":true,"vertices":null},"18":{"A":[[-1.0,0.0],[0.0,1.0],[-0.2722751766,-0.9622194283],[0.9904603634,0.1377979266]],"b":[1.1917389382,1.1568678435,-0.1132603508,-0.6017048683],"bounding_box":[[[-1.1917389382],[0.3014776419]],[[-0.6494433156],[1.1568678435]]],"chebXc":[-0.9454111502,0.641226012],"dim":2,"fulldim":true,"minrep":true,"vertices":null},"19":{"A":[[0.0,-1.0],[0.9976015695,0.0692178341],[-0.9998704917,0.0160934742],[-0.1951085089,0.9807816626],[0.536368407,0.8439839643]],"b":[0.6364710977,1.4772719641,0.4335830976,0.5240564325,0.4482809627],"bounding_box":[[[-0.4438836154],[-0.6364710977]],[[1.5249846848],[0.5335679797]]],"chebXc":[0.0765688281,-0.1243282153],"dim":2,"fulldim":true,"minrep":true,"vertices":null},"20":{"A":[[0.9976015695,0.0692178341],[-0.1951085089,0.9807816626],[-0.536368407,-0.8439839643]],"b":[1.4772719641,0.5240564325,-0.4482809627],"bounding_box":[[[-0.0038068164],[-0.4288542065]],[[1.510579343],[0.8176225361]]],"chebXc":[1.0555763599,0.3354466487],"dim":2,"fulldim":true,"minrep":true,"vertices":null},