{"time":{"0":0.0,"1":0.0036961205,"2":0.0036961205,"3":0.3421593709,"4":0.3421593709,"5":0.1256859116,"6":0.1256859116,"7":0.4688790367,"8":0.4688790367,"9":0.196401175,"10":0.196401175,"11":0.8556104881,"12":0.8556104881,"13":0.2922104566,"14":0.2922104566},"father":{"0":"nan","1":0,"2":0,"3":1,"4":1,"5":2,"6":2,"7":3,"8":3,"9":6,"10":6,"11":8,"12":8,"13":10,"14":10},"part_number":{"0":0,"1":1,"2":2,"3":3,"4":4,"5":5,"6":6,"7":7,"8":8,"9":9,"10":10,"11":11,"12":12,"13":13,"14":14},"neighbors":{"0":[null,null,null,null],"1":[2,null,null,null],"2":[4,3,null,null,null],"3":[4,null,null,6],"4":[7,9,5,null,null],"5":[9,null,4],"6":[5,4,7,8,null,null,null],"7":[11,13,9,4,null,null],"8":[7,null,10],"9":[13,null,5,4,7],"10":[9,7,11,12,null,null,null],"11":[12,13,7,null],"12":[11,null,14,13],"13":[14,null,null,9,7,11,12],"14":[13,12,null,null]},"leaf":{"0":false,"1":false,"2":false,"3":false,"4":true,"5":true,"6":false,"7":true,"8":false,"9":true,"10":false,"11":true,"12":true,"13":true,"14":true},"vertici":{"0":[[[-0.3834310922,-1.0822039253],[1.3434760795,-1.0822039253]],[[1.3434760795,-1.0822039253],[1.3434760795,0.8413668259]],[[1.3434760795,0.8413668259],[-0.3834310922,0.8413668259]],[[-0.3834310922,0.8413668259],[-0.3834310922,-1.0822039253]]],"1":[[[1.3434760795,0.206695412],[-0.3834310922,-0.7574087034]],[[-0.3834310922,-0.7574087034],[-0.3834310922,-1.0822039253]],[[-0.3834310922,-1.0822039253],[1.3434760795,-1.0822039253]],[[1.3434760795,-1.0822039253],[1.3434760795,0.206695412]]],"2":[[[-0.3834310922,-0.7574087034],[0.3025514692,-0.3744358249]],[[0.3025514692,-0.3744358249],[1.3434760795,0.206695412]],[[1.3434760795,0.206695412],[1.3434760795,0.8413668259]],[[1.3434760795,0.8413668259],[-0.3834310922,0.8413668259]],[[-0.3834310922,0.8413668259],[-0.3834310922,-0.7574087034]]],"3":[[[0.3025514692,-0.3744358249],[0.8990609856,-1.0822039253]],[[0.8990609856,-1.0822039253],[1.3434760795,-1.0822039253]],[[1.3434760795,-1.0822039253],[1.3434760795,0.206695412]],[[1.3434760795,0.206695412],[0.3025514692,-0.3744358249]]],"4":[[[0.8990609856,-1.0822039253],[0.3025514692,-0.3744358249]],[[0.3025514692,-0.3744358249],[0.2604305206,-0.3979512637]],[[0.2604305206,-0.3979512637],[-0.3834310922,-0.7574087034]],[[-0.3834310922,-0.7574087034],[-0.3834310922,-1.0822039253]],[[-0.3834310922,-1.0822039253],[0.8990609856,-1.0822039253]]],"5":[[[0.2604305206,-0.3979512637],[-0.3834310922,-0.2746514151]],[[-0.3834310922,-0.2746514151],[-0.3834310922,-0.7574087034]],[[-0.3834310922,-0.7574087034],[0.2604305206,-0.3979512637]]],"6":[[[-0.3834310922,-0.2746514151],[0.2604305206,-0.3979512637]],[[0.2604305206,-0.3979512637],[0.3025514692,-0.3744358249]],[[0.3025514692,-0.3744358249],[0.5304208984,-0.2472200381]],[[0.5304208984,-0.2472200381],[1.3434760795,0.206695412]],[[1.3434760795,0.206695412],[1.3434760795,0.8413668259]],[[1.3434760795,0.8413668259],[-0.3834310922,0.8413668259]],[[-0.3834310922,0.8413668259],[-0.3834310922,-0.2746514151]]],"7":[[[1.3434760795,-0.9092325641],[0.5304208984,-0.2472200381]],[[0.5304208984,-0.2472200381],[0.3945372338,-0.3230816724]],[[0.3945372338,-0.3230816724],[0.3025514692,-0.3744358249]],[[0.3025514692,-0.3744358249],[0.8990609856,-1.0822039253]],[[0.8990609856,-1.0822039253],[1.3434760795,-1.0822039253]],[[1.3434760795,-1.0822039253],[1.3434760795,-0.9092325641]]],"8":[[[0.5304208984,-0.2472200381],[1.3434760795,-0.9092325641]],[[1.3434760795,-0.9092325641],[1.3434760795,0.206695412]],[[1.3434760795,0.206695412],[0.5304208984,-0.2472200381]]],"9":[[[0.3945372338,-0.3230816724],[-0.3834310922,0.6428642408]],[[-0.3834310922,0.6428642408],[-0.3834310922,-0.2746514151]],[[-0.3834310922,-0.2746514151],[0.2604305206,-0.3979512637]],[[0.2604305206,-0.3979512637],[0.3025514692,-0.3744358249]],[[0.3025514692,-0.3744358249],[0.3945372338,-0.3230816724]]],"10":[[[-0.3834310922,0.6428642408],[0.3945372338,-0.3230816724]],[[0.3945372338,-0.3230816724],[0.5304208984,-0.2472200381]],[[0.5304208984,-0.2472200381],[0.6547290476,-0.1778208254]],[[0.6547290476,-0.1778208254],[1.3434760795,0.206695412]],[[1.3434760795,0.206695412],[1.3434760795,0.8413668259]],[[1.3434760795,0.8413668259],[-0.3834310922,0.8413668259]],[[-0.3834310922,0.8413668259],[-0.3834310922,0.6428642408]]],"11":[[[1.3434760795,-0.5648163342],[0.6547290476,-0.1778208254]],[[0.6547290476,-0.1778208254],[0.5304208984,-0.2472200381]],[[0.5304208984,-0.2472200381],[1.3434760795,-0.9092325641]],[[1.3434760795,-0.9092325641],[1.3434760795,-0.5648163342]]],"12":[[[0.6547290476,-0.1778208254],[1.3434760795,-0.5648163342]],[[1.3434760795,-0.5648163342],[1.3434760795,0.206695412]],[[1.3434760795,0.206695412],[0.6746465132,-0.1667012291]],[[0.6746465132,-0.1667012291],[0.6547290476,-0.1778208254]]],"13":[[[0.6746465132,-0.1667012291],[-0.2749554013,0.8413668259]],[[-0.2749554013,0.8413668259],[-0.3834310922,0.8413668259]],[[-0.3834310922,0.8413668259],[-0.3834310922,0.6428642408]],[[-0.3834310922,0.6428642408],[0.3945372338,-0.3230816724]],[[0.3945372338,-0.3230816724],[0.5304208984,-0.2472200381]],[[0.5304208984,-0.2472200381],[0.6547290476,-0.1778208254]],[[0.6547290476,-0.1778208254],[0.6746465132,-0.1667012291]]],"14":[[[-0.2749554013,0.8413668259],[0.6746465132,-0.1667012291]],[[0.6746465132,-0.1667012291],[1.3434760795,0.206695412]],[[1.3434760795,0.206695412],[1.3434760795,0.8413668259]],[[1.3434760795,0.8413668259],[-0.2749554013,0.8413668259]]]},"box":{"0":[[-0.3834310922,-1.0822039253],[1.3434760795,-1.0822039253],[1.3434760795,0.8413668259],[-0.3834310922,0.8413668259]],"1":[[1.3434760795,0.206695412],[-0.3834310922,-0.7574087034],[-0.3834310922,-1.0822039253],[1.3434760795,-1.0822039253]],"2":[[-0.3834310922,-0.7574087034],[1.3434760795,0.206695412],[1.3434760795,0.8413668259],[-0.3834310922,0.8413668259]],"3":[[0.3025514692,-0.3744358249],[0.8990609856,-1.0822039253],[1.3434760795,-1.0822039253],[1.3434760795,0.206695412]],"4":[[0.8990609856,-1.0822039253],[0.3025514692,-0.3744358249],[-0.3834310922,-0.7574087034],[-0.3834310922,-1.0822039253]],"5":[[0.2604305206,-0.3979512637],[-0.3834310922,-0.2746514151],[-0.3834310922,-0.7574087034]],"6":[[-0.3834310922,-0.2746514151],[0.2604305206,-0.3979512637],[0.3025514692,-0.3744358249],[1.3434760795,0.206695412],[1.3434760795,0.8413668259],[-0.3834310922,0.8413668259]],"7":[[1.3434760795,-0.9092325641],[0.5304208984,-0.2472200381],[0.3025514692,-0.3744358249],[0.8990609856,-1.0822039253],[1.3434760795,-1.0822039253]],"8":[[0.5304208984,-0.2472200381],[1.3434760795,-0.9092325641],[1.3434760795,0.206695412]],"9":[[0.3945372338,-0.3230816724],[-0.3834310922,0.6428642408],[-0.3834310922,-0.2746514151],[0.2604305206,-0.3979512637],[0.3025514692,-0.3744358249]],"10":[[-0.3834310922,0.6428642408],[0.3945372338,-0.3230816724],[0.5304208984,-0.2472200381],[1.3434760795,0.206695412],[1.3434760795,0.8413668259],[-0.3834310922,0.8413668259]],"11":[[1.3434760795,-0.5648163342],[0.6547290476,-0.1778208254],[0.5304208984,-0.2472200381],[1.3434760795,-0.9092325641]],"12":[[0.6547290476,-0.1778208254],[1.3434760795,-0.5648163342],[1.3434760795,0.206695412]],"13":[[0.6746465132,-0.1667012291],[-0.2749554013,0.8413668259],[-0.3834310922,0.8413668259],[-0.3834310922,0.6428642408],[0.3945372338,-0.3230816724],[0.5304208984,-0.2472200381],[0.6547290476,-0.1778208254]],"14":[[-0.2749554013,0.8413668259],[0.6746465132,-0.1667012291],[1.3434760795,0.206695412],[1.3434760795,0.8413668259]]}}