{"time": {"0": 0.0, "1": 0.0036961204878538066, "2": 0.0036961204878538066, "3": 0.3421593709063255, "4": 0.3421593709063255, "5": 0.12568591158560302, "6": 0.12568591158560302, "7": 0.46887903672158726, "8": 0.46887903672158726, "9": 0.19640117502624926, "10": 0.19640117502624926, "11": 0.8556104880690306, "12": 0.8556104880690306, "13": 0.29221045659619943, "14": 0.29221045659619943}, "father": {"0": "nan", "1": 0, "2": 0, "3": 1, "4": 1, "5": 2, "6": 2, "7": 3, "8": 3, "9": 6, "10": 6, "11": 8, "12": 8, "13": 10, "14": 10}, "part_number": {"0": 0, "1": 1, "2": 2, "3": 3, "4": 4, "5": 5, "6": 6, "7": 7, "8": 8, "9": 9, "10": 10, "11": 11, "12": 12, "13": 13, "14": 14}, "neighbors": {"0": [NaN, NaN, NaN, NaN], "1": [2, NaN, NaN, NaN], "2": [4, 3, NaN, NaN, NaN], "3": [4, NaN, NaN, 6], "4": [7, 9, 5, NaN, NaN], "5": [9, NaN, 4], "6": [5, 4, 7, 8, NaN, NaN, NaN], "7": [11, 13, 9, 4, NaN, NaN], "8": [7, NaN, 10], "9": [13, NaN, 5, 4, 7], "10": [9, 7, 11, 12, NaN, NaN, NaN], "11": [12, 13, 7, NaN], "12": [11, NaN, 14, 13], "13": [14, NaN, NaN, 9, 7, 11, 12], "14": [13, 12, NaN, NaN]}, "leaf": {"0": false, "1": false, "2": false, "3": false, "4": true, "5": true, "6": false, "7": true, "8": false, "9": true, "10": false, "11": true, "12": true, "13": true, "14": true}, "vertici": {"0": [[[-0.3834310922148121, -1.0822039253172229], [1.3434760794530376, -1.0822039253172229]], [[1.3434760794530376, -1.0822039253172229], [1.3434760794530376, 0.8413668259416086]], [[1.3434760794530376, 0.8413668259416086], [-0.3834310922148121, 0.8413668259416086]], [[-0.3834310922148121, 0.8413668259416086], [-0.3834310922148121, -1.0822039253172229]]], "1": [[[1.3434760794530378, 0.20669541199250788], [-0.38343109221481214, -0.7574087034428781]], [[-0.38343109221481214, -0.7574087034428781], [-0.3834310922148121, -1.0822039253172229]], [[-0.3834310922148121, -1.0822039253172229], [1.3434760794530376, -1.0822039253172229]], [[1.3434760794530376, -1.0822039253172229], [1.3434760794530378, 0.20669541199250788]]], "2": [[[-0.38343109221481214, -0.7574087034428781], [0.3025514691910915, -0.3744358248662042]], [[0.3025514691910915, -0.3744358248662042], [1.3434760794530378, 0.20669541199250788]], [[1.3434760794530378, 0.20669541199250788], [1.3434760794530376, 0.8413668259416086]], [[1.3434760794530376, 0.8413668259416086], [-0.3834310922148121, 0.8413668259416086]], [[-0.3834310922148121, 0.8413668259416086], [-0.38343109221481214, -0.7574087034428781]]], "3": [[[0.3025514691910915, -0.3744358248662042], [0.8990609855746086, -1.0822039253172229]], [[0.8990609855746086, -1.0822039253172229], [1.3434760794530376, -1.0822039253172229]], [[1.3434760794530376, -1.0822039253172229], [1.3434760794530378, 0.20669541199250788]], [[1.3434760794530378, 0.20669541199250788], [0.3025514691910915, -0.3744358248662042]]], "4": [[[0.8990609855746086, -1.0822039253172229], [0.3025514691910915, -0.3744358248662042]], [[0.3025514691910915, -0.3744358248662042], [0.2604305205647273, -0.39795126367088535]], [[0.2604305205647273, -0.39795126367088535], [-0.38343109221481214, -0.7574087034428781]], [[-0.38343109221481214, -0.7574087034428781], [-0.3834310922148121, -1.0822039253172229]], [[-0.3834310922148121, -1.0822039253172229], [0.8990609855746086, -1.0822039253172229]]], "5": [[[0.2604305205647273, -0.39795126367088535], [-0.38343109221481214, -0.2746514151438501]], [[-0.38343109221481214, -0.2746514151438501], [-0.38343109221481214, -0.7574087034428781]], [[-0.38343109221481214, -0.7574087034428781], [0.2604305205647273, -0.39795126367088535]]], "6": [[[-0.38343109221481214, -0.2746514151438501], [0.2604305205647273, -0.39795126367088535]], [[0.2604305205647273, -0.39795126367088535], [0.3025514691910915, -0.3744358248662042]], [[0.3025514691910915, -0.3744358248662042], [0.530420898399487, -0.2472200381198038]], [[0.530420898399487, -0.2472200381198038], [1.3434760794530378, 0.20669541199250788]], [[1.3434760794530378, 0.20669541199250788], [1.3434760794530376, 0.8413668259416086]], [[1.3434760794530376, 0.8413668259416086], [-0.3834310922148121, 0.8413668259416086]], [[-0.3834310922148121, 0.8413668259416086], [-0.38343109221481214, -0.2746514151438501]]], "7": [[[1.3434760794530376, -0.9092325640792385], [0.530420898399487, -0.2472200381198038]], [[0.530420898399487, -0.2472200381198038], [0.39453723377575534, -0.32308167239494306]], [[0.39453723377575534, -0.32308167239494306], [0.3025514691910915, -0.3744358248662042]], [[0.3025514691910915, -0.3744358248662042], [0.8990609855746086, -1.0822039253172229]], [[0.8990609855746086, -1.0822039253172229], [1.3434760794530376, -1.0822039253172229]], [[1.3434760794530376, -1.0822039253172229], [1.3434760794530376, -0.9092325640792385]]], "8": [[[0.530420898399487, -0.2472200381198038], [1.3434760794530376, -0.9092325640792385]], [[1.3434760794530376, -0.9092325640792385], [1.3434760794530378, 0.20669541199250788]], [[1.3434760794530378, 0.20669541199250788], [0.530420898399487, -0.2472200381198038]]], "9": [[[0.39453723377575534, -0.32308167239494306], [-0.3834310922148121, 0.6428642407960108]], [[-0.3834310922148121, 0.6428642407960108], [-0.38343109221481214, -0.2746514151438501]], [[-0.38343109221481214, -0.2746514151438501], [0.2604305205647273, -0.39795126367088535]], [[0.2604305205647273, -0.39795126367088535], [0.3025514691910915, -0.3744358248662042]], [[0.3025514691910915, -0.3744358248662042], [0.39453723377575534, -0.32308167239494306]]], "10": [[[-0.3834310922148121, 0.6428642407960108], [0.39453723377575534, -0.32308167239494306]], [[0.39453723377575534, -0.32308167239494306], [0.530420898399487, -0.2472200381198038]], [[0.530420898399487, -0.2472200381198038], [0.654729047611112, -0.17782082535184937]], [[0.654729047611112, -0.17782082535184937], [1.3434760794530378, 0.20669541199250788]], [[1.3434760794530378, 0.20669541199250788], [1.3434760794530376, 0.8413668259416086]], [[1.3434760794530376, 0.8413668259416086], [-0.3834310922148121, 0.8413668259416086]], [[-0.3834310922148121, 0.8413668259416086], [-0.3834310922148121, 0.6428642407960108]]], "11": [[[1.3434760794530374, -0.5648163342207749], [0.654729047611112, -0.17782082535184937]], [[0.654729047611112, -0.17782082535184937], [0.530420898399487, -0.2472200381198038]], [[0.530420898399487, -0.2472200381198038], [1.3434760794530376, -0.9092325640792385]], [[1.3434760794530376, -0.9092325640792385], [1.3434760794530374, -0.5648163342207749]]], "12": [[[0.654729047611112, -0.17782082535184937], [1.3434760794530374, -0.5648163342207749]], [[1.3434760794530374, -0.5648163342207749], [1.3434760794530378, 0.20669541199250788]], [[1.3434760794530378, 0.20669541199250788], [0.6746465131840991, -0.1667012290915515]], [[0.6746465131840991, -0.1667012290915515], [0.654729047611112, -0.17782082535184937]]], "13": [[[0.6746465131840991, -0.1667012290915515], [-0.27495540131204327, 0.8413668259416085]], [[-0.27495540131204327, 0.8413668259416085], [-0.3834310922148121, 0.8413668259416086]], [[-0.3834310922148121, 0.8413668259416086], [-0.3834310922148121, 0.6428642407960108]], [[-0.3834310922148121, 0.6428642407960108], [0.39453723377575534, -0.32308167239494306]], [[0.39453723377575534, -0.32308167239494306], [0.530420898399487, -0.2472200381198038]], [[0.530420898399487, -0.2472200381198038], [0.654729047611112, -0.17782082535184937]], [[0.654729047611112, -0.17782082535184937], [0.6746465131840991, -0.1667012290915515]]], "14": [[[-0.27495540131204327, 0.8413668259416085], [0.6746465131840991, -0.1667012290915515]], [[0.6746465131840991, -0.1667012290915515], [1.3434760794530378, 0.20669541199250788]], [[1.3434760794530378, 0.20669541199250788], [1.3434760794530376, 0.8413668259416086]], [[1.3434760794530376, 0.8413668259416086], [-0.27495540131204327, 0.8413668259416085]]]}, "box": {"0": [[-0.3834310922148121, -1.0822039253172229], [1.3434760794530376, -1.0822039253172229], [1.3434760794530376, 0.8413668259416086], [-0.3834310922148121, 0.8413668259416086]],